review_id,year,trip_type,aspect,sentiment,score,evidence,rating
R02350,2020,friends,spiritual_authenticity,positive,0.8,close to soul,5
R02350,2020,friends,sacred_atmosphere,positive,0.7,everything was different yet so close to soul,5
R01859,2018,family,sacred_atmosphere,positive,0.8,feel very pleasant atmosphere,4
R01859,2018,family,facility,negative,0.3,narayanhiti durbar but unfortunately it is closed,4
R00845,2015,friends,sacred_atmosphere,positive,0.8,amazed at how lovely the surroundings were,5
R00845,2015,friends,facility,negative,0.3,screamed at by a security officer in a very very rude tone,5
R00845,2015,friends,cultural_sensitivity,neutral,0.5,Please do not take photos,5
R01298,2016,family,spiritual_authenticity,positive,0.8,certain vibes which you feel when you offer prayers,5
R00537,2014,family,spiritual_authenticity,positive,0.9,calm and peaceful,5
R00537,2014,family,sacred_atmosphere,positive,0.9,happy and blessed,5
R00112,2012,friends,ritual_experience,positive,0.7,opens you up to the cycle of life,4
R00112,2012,friends,environment,negative,0.3,hard time breathing due to the smoke,4
R00112,2012,friends,facility,positive,0.6,home for the elderly that is worth walking through,4
R02079,2018,couples,sacred_atmosphere,positive,0.8,All fascinating to watch,5
R02298,2019,unknown,sacred_atmosphere,positive,0.85,architecture is just amazing,5
R02298,2019,unknown,spiritual_authenticity,positive,0.7,history very interesting,5
R02298,2019,unknown,facility,positive,0.8,excellent restaurants,5
R01834,2018,family,ritual_experience,negative,0.4,not possible to offer a prayer for more than a few seconds,4
R01834,2018,family,sacred_atmosphere,neutral,0.5,more a tourist attraction than a place of worship,4
R01834,2018,family,spiritual_authenticity,positive,0.7,"a blessing to be able to do this, once in a lifetime",4
R01486,2017,family,spiritual_authenticity,positive,0.9,One of the greatest iconic temple,5
R01486,2017,family,sacred_atmosphere,positive,0.85,marvellous architect in history,5
R01822,2018,family,environment,negative,0.3,rebuilded houses look not so nice,4
R01822,2018,family,spiritual_authenticity,positive,0.7,feel the spirit of Shiva,4
R01822,2018,family,sacred_atmosphere,positive,0.6,"worth visiting, because you still feel the spirit",4
R00232,2012,family,sacred_atmosphere,positive,0.8,I found it a beautiful calm place,5
R00234,2012,solo,spiritual_authenticity,positive,0.8,I liked the place for it's sense of spirituality,5
R00580,2014,solo,sacred_atmosphere,positive,0.8,just a beautiful temple,5
R00580,2014,solo,cultural_sensitivity,neutral,0.5,Photos arent allowed so pls respect that,5
R01166,2016,unknown,access_fairness,negative,0.3,non Hindus cannot go into the main area,5
R01166,2016,unknown,sacred_atmosphere,positive,0.7,Well worth a visit. This is an important Hindu shrine,5
R01076,2016,unknown,ritual_experience,neutral,0.5,watch the dead being burned as per local traditions,5
R01076,2016,unknown,environment,negative,0.3,strong smell and smoke,5
R01711,2017,family,facility,positive,0.8,Well worth it,5
R01711,2017,family,ritual_experience,positive,0.85,expedited darshan for 6 people,5
R01711,2017,family,sacred_atmosphere,positive,0.9,Beautiful temple,5
R01938,2018,unknown,ritual_experience,positive,0.8,received darshan and conducted poojas as we desired,5
R01938,2018,unknown,environment,positive,0.7,Neat and clean the premises,5
R01938,2018,unknown,crowd_management,neutral,0.5,Although crowded,5
R00699,2014,business,sacred_atmosphere,positive,0.9,The temple is beautiful & sacred,4
R00607,2014,family,sacred_atmosphere,positive,0.8,very beautiful place,5
R00607,2014,family,cultural_sensitivity,neutral,0.5,clicking photographs r not allowed,5
R00607,2014,family,facility,positive,0.7,tight security in temple,5
R00607,2014,family,spiritual_authenticity,positive,0.8,rest his mind,5
R01429,2017,solo,spiritual_authenticity,positive,0.9,Experience the divine,5
R01313,2016,friends,facility,positive,0.8,luxury minibus to visit,5
R01313,2016,friends,service,positive,0.9,very informative guide,5
R01313,2016,friends,sacred_atmosphere,positive,0.85,beautiful colorful reflective day,5
R00611,2014,family,sacred_atmosphere,positive,0.8,feel of our ancestors,5
R00611,2014,family,spiritual_authenticity,positive,0.85,stunning carvings on the buildings,5
R01090,2016,solo,sacred_atmosphere,positive,0.85,Vey Beautiful place to visit,5
R00672,2014,business,sacred_atmosphere,positive,0.7,well worth seeing given the scale and representation of life for believers,4
R00672,2014,business,spiritual_authenticity,positive,0.6,the cremations in progress complimented by the monkeys make it just that bit eerie,4
R00032,2011,couples,service,positive,0.8,"we were not disappointed, he was a student but was full of the history and knowledge",5
R00032,2011,couples,facility,neutral,0.5,entrance fee was 500 rupees per person,5
R00032,2011,couples,ritual_experience,positive,0.7,it was fascinating to hear all about the cremations,5
R00032,2011,couples,cultural_sensitivity,negative,0.3,one of them said after we had had our pictures taken that it was 100 rupees per holy man,5
R01807,2018,solo,sacred_atmosphere,positive,0.8,Recommends to visit,5
R00349,2013,solo,sacred_atmosphere,positive,0.85,Hindu architecture at this location is fantastic,4
R00641,2014,friends,access_fairness,negative,0.3,Expensive,3
R00641,2014,friends,sacred_atmosphere,neutral,0.5,Interesting place but not one to take photos as also a place of sadness,3
R00641,2014,friends,general_sentiment,positive,0.6,worth a visit,3
R00287,2013,solo,cultural_sensitivity,negative,0.3,Non-Hindus cannot enter the temple,3
R00287,2013,solo,sacred_atmosphere,negative,0.2,didn't have the feeling like a holy place,3
R00287,2013,solo,crowd_management,negative,0.3,get hassled from the street all the way to the temple complex,3
R00287,2013,solo,spiritual_authenticity,negative,0.2,kept trying to see and feel why it was holy but I couldn't,3
R00193,2012,couples,access_fairness,neutral,0.5,non-hinduist cannot go in the main temple,5
R00193,2012,couples,environment,positive,0.8,quite a vast area to walk about,5
R00193,2012,couples,sacred_atmosphere,positive,0.7,"worth going to the top of the hill, for another view of the valley",5
R00193,2012,couples,spiritual_authenticity,positive,0.7,worth the visit and you can linger there for hours,5
R01218,2016,friends,sacred_atmosphere,neutral,0.5,famous for Peace and Monkeys,5
R01218,2016,friends,spiritual_authenticity,neutral,0.5,not much worthy comparing with other temple,5
R01218,2016,friends,environment,neutral,0.5,famous for Peace and Monkeys,5
R02244,2019,friends,ritual_experience,positive,0.8,very worth a visit and really a must see,4
R02244,2019,friends,cultural_sensitivity,positive,0.7,with some respect we followed the rituals,4
R02244,2019,friends,sacred_atmosphere,neutral,0.5,a little shocking by moments but it's part of the culture,4
R02299,2019,friends,cultural_sensitivity,neutral,0.5,Entrance is restricted for Hindu only,5
R02299,2019,friends,access_fairness,neutral,0.5,main temple might be closed in late afternoon,5
R02299,2019,friends,sacred_atmosphere,positive,0.7,do roam around and check all surrounding smaller temples,5
R01743,2017,couples,service,positive,0.8,service offered at the entry gates for all tourists,4
R01743,2017,couples,facility,positive,0.7,footwear stored in bags and returned to them after their visit for no charge,4
R01743,2017,couples,sacred_atmosphere,positive,0.9,unique in energy and visual appeal,4
R01743,2017,couples,crowd_management,positive,0.8,barely a few people milling around in the main temple,4
R00634,2014,couples,access_fairness,negative,0.3,only Hindus are allowed in the main temple,3
R00634,2014,couples,environment,negative,0.3,Inside area is little dirty with cow and other animal dung,3
R00654,2014,friends,ritual_experience,positive,0.8,"witness several cremations, a blessing of a recently deceased person",5
R00654,2014,friends,sacred_atmosphere,positive,0.9,Visiting this place is an absolute must,5
R00654,2014,friends,facility,positive,0.7,enjoyed seeing the cotton candy vendor,5
R01420,2017,solo,sacred_atmosphere,positive,0.85,an incredible place with lots of emotionally intense moments,5
R01420,2017,solo,crowd_management,negative,0.4,ignore the people who want to sell you stuff ...they can be annoying,5
R01420,2017,solo,spiritual_authenticity,positive,0.7,its the second time i went and i like it most of all the temples to visit,5
R00864,2015,family,sacred_atmosphere,positive,0.85,most holy place in Nepal,4
R00864,2015,family,environment,positive,0.8,worth visiting,4
R00864,2015,family,crowd_management,negative,0.4,always crowded,4
R01707,2017,unknown,sacred_atmosphere,positive,0.7,nice to be there,4
R00460,2014,family,spiritual_authenticity,positive,0.8,"for the religious minded, it is a must",5
R00460,2014,family,facility,positive,0.7,buy rudraksh beads from the shops nearby,5
R01623,2017,friends,ritual_experience,positive,0.8,I am bery lucky to see that kind of prayer,4
R01623,2017,friends,sacred_atmosphere,positive,0.7,Pashupati has a holy river,4
R01623,2017,friends,environment,negative,0.4,there are many monkey too,4
R00239,2013,couples,service,positive,0.8,worth the $10 to have a guide,5
R00239,2013,couples,ritual_experience,positive,0.7,especially if cremations occurring,5
R00513,2014,unknown,access_fairness,neutral,0.5,pay some entry fees to go inside,4
R00513,2014,unknown,sacred_atmosphere,positive,0.8,splendid artitecture of the temple,4
R00914,2015,friends,environment,negative,0.3,place is not clean,3
R00914,2015,friends,cultural_sensitivity,positive,0.7,shoes removal is compulsory,3
R00914,2015,friends,facility,neutral,0.5,disposable socks to be worn,3
R01361,2016,family,cultural_sensitivity,positive,0.8,good policy not to let tourist to entered the beautiful main temple,4
R01361,2016,family,sacred_atmosphere,positive,0.7,it is really good,4
R02115,2019,solo,spiritual_authenticity,positive,0.9,One must attain salvation definitely by getting his / her funeral rights here.,5
R01518,2017,friends,environment,neutral,0.5,monkeys are everywhere and cremations happen by the river,4
R01518,2017,friends,ritual_experience,mixed,0.5,interesting but definitely not easy,4
R01518,2017,friends,sacred_atmosphere,negative,0.3,smell burning flesh,4
R00374,2013,business,cultural_sensitivity,neutral,0.5,main temple is out of bounds for the cameras,4
R00374,2013,business,sacred_atmosphere,positive,0.8,Nandi outside the main temple is grand & awe inspiring,4
R00066,2012,friends,ritual_experience,neutral,0.5,You have to know a bit about the rituals around the cremations,4
R00066,2012,friends,cultural_sensitivity,negative,0.3,"They live without money and just for the riligion, but they stronggly demand money for every picture you want to take",4
R02015,2018,couples,ritual_experience,positive,0.7,fascination insight into an aspect of Hinduism,4
R02015,2018,couples,facility,neutral,0.5,1000 rupee charge to get into the temple,4
R02015,2018,couples,environment,negative,0.4,evidence of earthquake damage,4
R02019,2018,friends,sacred_atmosphere,positive,0.8,sacred place for Shaiva Hindus,5
R00045,2011,solo,facility,positive,0.7,Get a guide and see this place,5
R00045,2011,solo,cultural_sensitivity,negative,0.3,non-Hindus cannot get into the temple,5
R00045,2011,solo,spiritual_authenticity,positive,0.8,fascinating introduction,5
R00045,2011,solo,service,negative,0.4,pseudo-Sadhus who will request money,5
R01761,2017,solo,cultural_sensitivity,positive,0.7,Most people were respectful of this keeping their distance,5
R01183,2016,friends,cultural_sensitivity,neutral,0.5,temple is for Hindu only,4
R01183,2016,friends,sacred_atmosphere,positive,0.7,looks beautiful from the outside,4
R01183,2016,friends,ritual_experience,positive,0.6,definitely cool to experience that aspect of another culture,4
R00264,2013,solo,environment,positive,0.8,forest and temple complexes up above are a tranquil place,4
R00264,2013,solo,ritual_experience,neutral,0.5,paths along the river are an open air funeral parlor,4
R00264,2013,solo,sacred_atmosphere,positive,0.7,pilgrims wander in peace,4
R00264,2013,solo,cultural_sensitivity,negative,0.3,"fake holy men, preening their moustaches and demanding huge fees for photos",4
R00689,2014,couples,sacred_atmosphere,positive,0.8,wonderful temples and adjoining buildings,5
R00689,2014,couples,facility,positive,0.85,guide who was worth every penny,5
R00740,2015,family,facility,negative,0.2,Temple complex needs serious cleaning,1
R00740,2015,family,service,negative,0.3,every minute somebody comes and asks if you want to do some special pooja,1
R00740,2015,family,access_fairness,negative,0.3,claim to get a fast darshan and it would take a long wait if you go in a normal way,1
R00740,2015,family,crowd_management,negative,0.4,The queue is not that long that you pay 200NPR and follow this crook,1
R01837,2018,friends,sacred_atmosphere,positive,0.8,peaceful place u will find,5
R01837,2018,friends,environment,positive,0.8,environment is clean,5
R01837,2018,friends,crowd_management,positive,0.7,not much crowded,5
R01837,2018,friends,access_fairness,positive,0.9,entrance is free,5
R01609,2017,couples,ritual_experience,negative,0.3,horrified at all the tourists taking pictures,5
R01609,2017,couples,cultural_sensitivity,negative,0.2,Please be respectful when you go,5
R01609,2017,couples,facility,negative,0.4,pestered by guides wanting money,5
R01609,2017,couples,sacred_atmosphere,negative,0.3,horrified at all the tourists taking pictures,5
R00136,2012,couples,ritual_experience,neutral,0.5,Quite strange watching funerals taking place,5
R00136,2012,couples,facility,positive,0.7,Get a guide to show you around,5
R01955,2018,family,spiritual_authenticity,positive,0.9,heart and mind becomes very peaceful and clam liked blessed by god shiva live,5
R02237,2019,couples,environment,negative,0.3,surroundings of the Pashupatinath temple are a bit disgraceful,4
R02237,2019,couples,sacred_atmosphere,positive,0.7,"temple itself is beautiful, and the process of cremation and burial add to its authenticity",4
R02237,2019,couples,access_fairness,negative,0.4,entrance fee,4
R02237,2019,couples,crowd_management,negative,0.3,monkeys and beggars complete the package,4
R02050,2018,solo,ritual_experience,neutral,0.5,Preparation for cremation takes place on one side of the bridge and cremation on the other,5
R02156,2019,couples,cultural_sensitivity,neutral,0.5,foreigners/non-hindus are not allowed to enter the main temple,4
R02156,2019,couples,ritual_experience,positive,0.7,"many cremations going on, something you won't see in most countries",4
R00800,2015,friends,access_fairness,neutral,0.5,non-Hindu's don't have access to the main temple,4
R00800,2015,friends,ritual_experience,positive,0.7,"cremations happening along the river, which is an interesting experience",4
R01417,2017,couples,access_fairness,neutral,0.5,pay 1000 rupees each,5
R01417,2017,couples,facility,positive,0.8,hired a guide... totally worth it!,5
R01417,2017,couples,sacred_atmosphere,positive,0.7,temples and monuments,5
R01417,2017,couples,ritual_experience,neutral,0.5,preparation for cremation from ghat,5
R02375,2020,couples,spiritual_authenticity,negative,0.3,it didn t give new knowledge,3
R02375,2020,couples,sacred_atmosphere,negative,0.3,This place was not interesting,3
R02375,2020,couples,service,negative,0.3,I don t want to recommend anyone to visit,3
R01720,2017,solo,sacred_atmosphere,positive,0.9,unequaled vibrancy .... there is a heart and soul to this place,5
R01720,2017,solo,spiritual_authenticity,positive,0.85,I felt completely different from when I arrived - something had shifted deep inside,5
R01720,2017,solo,facility,positive,0.8,A man slowly got into step beside me and in a completely disarming way became my companion and Guide,5
R01720,2017,solo,cultural_sensitivity,positive,0.7,do be respectful and not get too gawkish taking photos of Cremations,5
R02171,2019,friends,sacred_atmosphere,positive,0.9,"peaceful, positive vibes",5
R02171,2019,friends,crowd_management,positive,0.8,good management,5
R01914,2018,friends,sacred_atmosphere,positive,0.8,beautifully and artistically made indeed,4
R01914,2018,friends,cultural_sensitivity,neutral,0.5,not allowed to take pictures,4
R01914,2018,friends,environment,negative,0.3,aarti is done was very dirty,4
R01914,2018,friends,ritual_experience,mixed,0.5,funeral with the dead body are done in public,4
R00279,2013,couples,access_fairness,negative,0.3,ticket counter made me pay even though I am Indian,3
R00279,2013,couples,facility,negative,0.4,tour guide hovering around us tried to stop me,3
R00279,2013,couples,sacred_atmosphere,positive,0.8,the temple itself is beautiful,3
R00279,2013,couples,environment,negative,0.3,surrounding area that the tourists get to see is not really worth the entrance fee,3
R01657,2017,solo,ritual_experience,neutral,0.5,see cremation also,5
R01657,2017,solo,facility,positive,0.7,"experienced guide, much better",5
R01657,2017,solo,spiritual_authenticity,positive,0.8,most important place to visit,5
R01287,2016,couples,access_fairness,neutral,0.5,Non-Hindu's can not go into the center but you can visit all the surrounding grounds,5
R01287,2016,couples,sacred_atmosphere,positive,0.8,must see,5
R01950,2018,business,spiritual_authenticity,positive,0.9,one of the best temples dedicated to lord siva,5
R02403,2021,solo,sacred_atmosphere,positive,0.9,Peaceful,5
R01192,2016,couples,ritual_experience,positive,0.8,Booked for a Puja which was performed at 9.00 in the morning,5
R01192,2016,couples,facility,positive,0.9,Credit goes to the team who does the temple management,5
R01192,2016,couples,service,positive,0.8,People are very cooperative,5
R01192,2016,couples,spiritual_authenticity,positive,0.85,It was a beautiful experience,5
R02091,2018,friends,spiritual_authenticity,positive,0.8,We were blessed to see live cremation,5
R01107,2016,couples,spiritual_authenticity,positive,0.8,face-to-face with mortality,5
R01107,2016,couples,ritual_experience,neutral,0.5,open-air funeral pires are a natural way or grotesque,5
R01107,2016,couples,cultural_sensitivity,neutral,0.5,off-limits to non-Hindus,5
R01107,2016,couples,facility,positive,0.7,Bring a guide; you'll need one,5
R01849,2018,couples,spiritual_authenticity,positive,0.9,mystical and of mythological significance,5
R01849,2018,couples,sacred_atmosphere,positive,0.85,a must visit place for religious people,5
R02016,2018,solo,ritual_experience,positive,0.8,moving experience to watch Hindu cremation rituals,4
R02016,2018,solo,cultural_sensitivity,neutral,0.5,main temple is strictly for Hindus only,4
R02016,2018,solo,environment,negative,0.3,"monkeys everywhere, watch out for your personal stuff",4
R01644,2017,couples,sacred_atmosphere,positive,0.8,meditative atmosphere evoked by this pilgrimage locale,5
R01644,2017,couples,cultural_sensitivity,positive,0.7,proper etiquette is to be sensitive about taking photos of the cremations,5
R01644,2017,couples,environment,positive,0.75,enjoy that which is both rare and beautiful,5
R01644,2017,couples,crowd_management,neutral,0.5,"group was eventually banned from the site, most likely for safety reasons",5
R01216,2016,friends,sacred_atmosphere,negative,0.3,Not really an amazing place to visit,3
R01216,2016,friends,spiritual_authenticity,neutral,0.5,"If you are interested to learn about the Hindu traditions after death, you may visit",3
R01216,2016,friends,environment,negative,0.3,"Nothing much to see, when compared to the other temples",3
R00543,2014,couples,access_fairness,negative,0.4,"Entry, as everywhere, could have been cheaper",5
R00543,2014,couples,spiritual_authenticity,positive,0.9,once in a lifetime experience,5
R00543,2014,couples,sacred_atmosphere,positive,0.85,come to terms with what we were seeing,5
R01840,2018,couples,facility,positive,0.7,Our guide was very informative,3
R01840,2018,couples,cultural_sensitivity,negative,0.4,always feel like an outsider,3
R01840,2018,couples,access_fairness,negative,0.3,expect to pay quite a bit more then the entrance fee,3
R01840,2018,couples,sacred_atmosphere,positive,0.6,everyone is very nice too,3
R00306,2013,couples,cultural_sensitivity,neutral,0.5,it's quite acceptable for members of the public to observe,5
R00444,2013,friends,cultural_sensitivity,negative,0.3,non-Hindus can't go inside,3
R00444,2013,friends,sacred_atmosphere,neutral,0.5,larger world heritage site is pretty interesting,3
R00444,2013,friends,environment,negative,0.2,filthy river,3
R00444,2013,friends,spiritual_authenticity,neutral,0.5,sadhus-for-pay,3
R02312,2019,couples,facility,positive,0.7,Shoes counter is outside temple premises and is free,4
R02312,2019,couples,environment,negative,0.3,River bagmati (in a pretty bad dirty shape),4
R02312,2019,couples,crowd_management,positive,0.6,temple is clean and not very crowded,4
R02312,2019,couples,cultural_sensitivity,neutral,0.5,Photography not allowed,4
R01440,2017,couples,sacred_atmosphere,positive,0.85,"atmosphere is sobering, rich and religious",5
R01440,2017,couples,spiritual_authenticity,positive,0.9,we found it truly unique,5
R01440,2017,couples,ritual_experience,positive,0.8,cremation site be a highlight,5
R01379,2017,family,access_fairness,negative,0.3,entrance fee is a little high,1
R01379,2017,family,sacred_atmosphere,negative,0.4,not an enjoyable experience,1
R00901,2015,friends,sacred_atmosphere,positive,0.8,a temple with special atmosphere of death,5
R00901,2015,friends,cultural_sensitivity,neutral,0.5,Only followers of hindusim can enter the main temple,5
R00901,2015,friends,spiritual_authenticity,positive,0.9,"sadhus are wandering ascetic yogis, who are trying to acquire liberation",5
R00679,2014,solo,access_fairness,negative,0.3,entrance fee is quite high,4
R00679,2014,solo,facility,negative,0.4,loitering people offering their guidance services,4
R00679,2014,solo,ritual_experience,positive,0.7,experience is somewhat great and impressive,4
R00679,2014,solo,crowd_management,negative,0.3,"crowds of people (kids, adults, school classes)",4
R01956,2018,family,sacred_atmosphere,positive,0.8,It is a beautiful shivlinga,4
R01956,2018,family,environment,negative,0.3,Beware of monkeys,4
R00176,2012,solo,ritual_experience,neutral,0.5,solemn look into Hindus end of life practices,5
R00176,2012,solo,facility,positive,0.7,tourist police that are very friendly,5
R00176,2012,solo,service,positive,0.8,Licensed guides go through rigorous studies,5
R00176,2012,solo,service,negative,0.3,busting unlicensed guides,5
R01339,2016,friends,ritual_experience,positive,0.7,I was so fascinated on the burial rituals,5
R01339,2016,friends,spiritual_authenticity,positive,0.8,I could stay for hours,5
R02072,2018,unknown,access_fairness,negative,0.3,Expensive for tourists,5
R02072,2018,unknown,sacred_atmosphere,positive,0.7,Burial site for Kathmandu residents,5
R02072,2018,unknown,facility,positive,0.6,good restaurants and views,5
R02158,2019,friends,spiritual_authenticity,positive,0.8,always feel great to been there,5
R00258,2013,friends,sacred_atmosphere,positive,0.8,"haunting, too real, yet beautiful",4
R00258,2013,friends,environment,negative,0.3,smelled of burned corpses,4
R00258,2013,friends,spiritual_authenticity,positive,0.9,conscious about your presence and the meaning of life and death,4
R00258,2013,friends,facility,neutral,0.5,wanted to explore the hospice but my friend was too scared,4
R00418,2013,solo,facility,positive,0.7,worth getting a guide,5
R00418,2013,solo,sacred_atmosphere,positive,0.8,significance and history of the temples,5
R00391,2013,family,access_fairness,negative,0.3,admission fee is rather high,5
R00931,2015,solo,ritual_experience,positive,0.8,Really interesting and a must see,5
R00931,2015,solo,facility,neutral,0.5,you definately need a guide,5
R02154,2019,couples,cultural_sensitivity,neutral,0.5,open to Hindus only,5
R02154,2019,couples,access_fairness,neutral,0.5,Camera or photography is not allowed,5
R02154,2019,couples,ritual_experience,positive,0.7,Special pujas can be offered,5
R00218,2012,business,ritual_experience,positive,0.7,evening ceremonies and chanting from high on the bank opposite the temple are worth seeing,4
R00218,2012,business,cultural_sensitivity,neutral,0.5,Unless you are Hindu you wont be allowed in the main temple,4
R00218,2012,business,sacred_atmosphere,neutral,0.5,be prepared for the funeral pyres,4
R00546,2014,solo,access_fairness,negative,0.3,Entrance Fee to the place is expensive $1.000 rupees,5
R00546,2014,solo,cultural_sensitivity,neutral,0.5,be respectfull,5
R00333,2013,family,spiritual_authenticity,positive,0.9,really a divine treat,5
R00333,2013,family,sacred_atmosphere,positive,0.85,felt some strong force inside the temple premises,5
R00764,2015,friends,sacred_atmosphere,neutral,0.5,big area for 'common' people and a smaller and more peaceful for 'VIP' people,5
R00764,2015,friends,cultural_sensitivity,negative,0.3,"holy men here, and they expect to be paid",5
R01462,2017,friends,sacred_atmosphere,positive,0.8,really attraction place to visit,5
R00675,2014,solo,cultural_sensitivity,neutral,0.5,Non Hindus are not allowed inside the site,2
R00675,2014,solo,environment,negative,0.2,filthy open sewer,2
R01863,2018,friends,access_fairness,negative,0.3,you can t really get close to the main temples unless you are Hindu,4
R01863,2018,friends,cultural_sensitivity,positive,0.7,Be respectful and kind and it will take you far,4
R01863,2018,friends,sacred_atmosphere,positive,0.8,"The Ghats are a must see and require walking around a bit, this is sacred space",4
R00548,2014,couples,sacred_atmosphere,positive,0.9,"Bagmati River, which runs next to Pashaputinath Temple, has highly sacred properties",4
R00548,2014,couples,spiritual_authenticity,positive,0.85,Renovating or furnishing these sites has always been regarded as meritorious,4
R00548,2014,couples,ritual_experience,positive,0.8,Arya Ghat is of special importance because it is the only place where lustral water for Pashupatinath Temple can be obtained,4
R00548,2014,couples,environment,positive,0.8,"extensive grounds include many other old and important temples, shrines and statues",4
R01393,2017,couples,cultural_sensitivity,positive,0.8,it wasn't intrusive to visit,5
R01393,2017,couples,sacred_atmosphere,positive,0.7,very humbling to witness the cremations,5
R01214,2016,friends,sacred_atmosphere,positive,0.7,important places for buddhists and hindus,4
R01214,2016,friends,environment,positive,0.6,Monkeys running around like in their natural environment,4
R00967,2015,friends,environment,positive,0.7,certainly worth the time to visit,4
R01460,2017,couples,ritual_experience,positive,0.7,very interesting to visit here,4
R01460,2017,couples,access_fairness,neutral,0.5,entry fee to the temple,4
R01460,2017,couples,crowd_management,negative,0.3,temple is very busy,4
R01086,2016,business,sacred_atmosphere,positive,0.7,worth visit,5
R02384,2020,solo,sacred_atmosphere,positive,0.8,Vibrant prayer & devotion,4
R02384,2020,solo,environment,positive,0.7,Beautiful architecture,4
R02384,2020,solo,crowd_management,neutral,0.5,Chaotic & energetic,4
R01488,2017,couples,sacred_atmosphere,negative,0.3,Hard to stay in this place because it is a place where the body of the people are burning,4
R01488,2017,couples,spiritual_authenticity,positive,0.7,If you feel a little bit sensible you must visit around the Bagmati river the temples,4
R00613,2014,solo,sacred_atmosphere,positive,0.9,makes a divine feel every time i m there,5
R00613,2014,solo,spiritual_authenticity,positive,0.85,really a good place to feel heaven,5
R01039,2016,solo,cultural_sensitivity,neutral,0.5,Only hindu s are allowed inside the temple premises,5
R01039,2016,solo,sacred_atmosphere,positive,0.7,there is something peaceful about the place,5
R00463,2014,family,ritual_experience,positive,0.85,felt very positive after i did puja and attended aarti,5
R00463,2014,family,cultural_sensitivity,neutral,0.5,no camera or taking pics is allowed,5
R02029,2018,friends,spiritual_authenticity,positive,0.8,glimpse into another culture that is memorable,3
R02029,2018,friends,sacred_atmosphere,neutral,0.5,several cremations going on,3
R00331,2013,friends,ritual_experience,positive,0.8,"The experience is a quieting one, making way internally for consideration of issues of life and death which was a gift",5
R00029,2011,friends,ritual_experience,positive,0.8,"it's just death, another part of life... as it's dealt with by another culture",5
R00029,2011,friends,spiritual_authenticity,positive,0.85,"most are here to pay respect to the dead, and to pray",5
R00029,2011,friends,access_fairness,positive,0.7,the entry fee is modest...whatever it is...it's well worth it,5
R00029,2011,friends,cultural_sensitivity,positive,0.9,"if you conduct yourself with respect, you may take photos from across the river",5
R00029,2011,friends,crowd_management,neutral,0.5,run the gauntlet of semi-agressive vendors near the entrance,5
R00156,2012,friends,ritual_experience,positive,0.7,gives a glimpse into why the Nepalese are so strong of constitution,5
R00156,2012,friends,spiritual_authenticity,positive,0.8,deeply spiritual experience for many of the people there,5
R00156,2012,friends,cultural_sensitivity,neutral,0.5,Try not to be offended that a higher fee is charged to non Hindu westerners,5
R00156,2012,friends,facility,negative,0.3,prices are exhorbitant,5
R02056,2018,solo,spiritual_authenticity,positive,0.9,one of the divine and sacred land of shiva,4
R02196,2019,solo,cultural_sensitivity,neutral,0.5,"confronting from a western perspective, but part of life",4
R00147,2012,couples,spiritual_authenticity,positive,0.9,one of the pillars of Hinduism,5
R00498,2014,friends,sacred_atmosphere,positive,0.8,it still has it's special atmosphere,4
R00498,2014,friends,access_fairness,negative,0.3,what a pity the government decided to ask an entry fee,4
R01289,2016,couples,sacred_atmosphere,positive,0.8,Extremely colorful,5
R01289,2016,couples,cultural_sensitivity,neutral,0.5,Most of them you can not enter unless you are Buddhist,5
R01289,2016,couples,ritual_experience,positive,0.7,preparation of the bodies for cremation,5
R01289,2016,couples,spiritual_authenticity,positive,0.7,holy men doing readings and giving blessings,5
R01847,2018,solo,sacred_atmosphere,positive,0.8,remind past and future life,5
R01998,2018,couples,ritual_experience,positive,0.8,understand the process and what is happening,5
R01998,2018,couples,cultural_sensitivity,positive,0.9,put away your camera and respectfully watch,5
R01998,2018,couples,spiritual_authenticity,positive,0.85,experience may change how you think about death,5
R00791,2015,friends,ritual_experience,positive,0.8,very authentic,3
R00791,2015,friends,facility,negative,0.3,fake guides and all the scam,3
R00791,2015,friends,service,neutral,0.5,"You can choose to take the tour, it can come out as great and you'll learn and feel more",3
R01832,2018,friends,spiritual_authenticity,positive,0.8,circle of life and we as westerners need to embrace like the Nepali people,5
R01832,2018,friends,sacred_atmosphere,positive,0.9,feel so blessed to have been able to witness these scenes,5
R00921,2015,couples,access_fairness,neutral,0.5,entry is 1000rs which is steep but as I like this sort of thing it was ok to pay this amount,5
R00921,2015,couples,facility,positive,0.7,Easy to get there via green Sahja Yatayat bus about 20 rupees,5
R00921,2015,couples,sacred_atmosphere,positive,0.8,well worth the trip,5
R01240,2016,couples,facility,positive,0.8,Very good cleanliness inside temple,4
R01240,2016,couples,facility,negative,0.4,facilities for worshippers needs to be increased,4
R01240,2016,couples,facility,negative,0.4,informative and directional sign boards,4
R01509,2017,couples,spiritual_authenticity,positive,0.8,beautiful spiritual place,5
R01509,2017,couples,cultural_sensitivity,neutral,0.5,Only Hindus are allowed to enter,5
R02313,2019,unknown,sacred_atmosphere,neutral,0.5,mixed feelings about even being there,3
R02313,2019,unknown,cultural_sensitivity,negative,0.3,only Hindus were allowed into the main temple,3
R02313,2019,unknown,environment,negative,0.4,difficult to adjust to the smoke and smell,3
R01016,2016,friends,spiritual_authenticity,positive,0.9,sacred and amazing view,4
R01016,2016,friends,sacred_atmosphere,positive,0.85,sacred and amazing view,4
R00649,2014,solo,sacred_atmosphere,positive,0.7,worth going there,5
R00649,2014,solo,spiritual_authenticity,positive,0.6,a lot of exiting symbols,5
R01003,2016,couples,facility,neutral,0.5,you need someone to explain the things you see,4
R01003,2016,couples,environment,neutral,0.5,lots of monkeys around,4
R00752,2015,business,environment,negative,0.3,dampened by the cleanliness,3
R00752,2015,business,sacred_atmosphere,positive,0.7,one of the major hindu temple,3
R00676,2014,business,sacred_atmosphere,positive,0.8,truly a profound and humbling experience,5
R00676,2014,business,cultural_sensitivity,neutral,0.5,Be respectful and firmly say no if you are not interested,5
R00676,2014,business,crowd_management,negative,0.3,be accosted continually by people trying to sell you their wares,5
R00862,2015,business,access_fairness,neutral,0.5,Non-hindus are not permitted to enter the main temple,4
R00862,2015,business,facility,positive,0.7,Pick up a local guide on the way in for an informative tour,4
R01630,2017,couples,service,negative,0.3,priests want money to do your prayer,4
R01630,2017,couples,access_fairness,negative,0.2,foreigners must pay Rs 1000 to see the cremation area,4
R01630,2017,couples,cultural_sensitivity,negative,0.4,I had to separate from her for a while to do this visit,4
R01630,2017,couples,sacred_atmosphere,positive,0.7,wonderful experience,4
R01006,2016,solo,sacred_atmosphere,positive,0.8,great palce to visit,5
R00124,2012,couples,facility,positive,0.7,our guide who gave us the rundown,4
R00124,2012,couples,ritual_experience,neutral,0.5,it was a culture shock to see the entire process,4
R00124,2012,couples,spiritual_authenticity,positive,0.8,religious cremations take place,4
R01171,2016,friends,access_fairness,neutral,0.5,Entrance fee of NRP100,5
R01171,2016,friends,facility,neutral,0.5,we had a guide,5
R01171,2016,friends,cultural_sensitivity,negative,0.3,stared at and followed,5
R02261,2019,solo,sacred_atmosphere,positive,0.8,one of the four most important religious sites in Asia for Shiva devotees,3
R02261,2019,solo,access_fairness,negative,0.3,The golden temple is closed when we went there,3
R00937,2015,couples,environment,negative,0.2,"ash in the air, the garbage",3
R00937,2015,couples,cultural_sensitivity,neutral,0.5,"paid the entrance fee, but left after about 10 mins",3
R00937,2015,couples,sacred_atmosphere,negative,0.3,heavy heavy feeling of death,3
R01762,2017,friends,sacred_atmosphere,positive,0.8,something really special about this experience,4
R01762,2017,friends,cultural_sensitivity,negative,0.4,feeling of intrusion crept over me,4
R01762,2017,friends,environment,neutral,0.5,monkeys were roaming freely,4
R00635,2014,solo,access_fairness,negative,0.2,"main temple is closed for non-Hindus, that is simply revolting",2
R00635,2014,solo,environment,negative,0.3,vicinity if rather small and smelly because of crematorium smokes,2
R00635,2014,solo,cultural_sensitivity,positive,0.7,typical Nepali bazaar with devotional items,2
R00081,2012,business,sacred_atmosphere,positive,0.7,holy sared place,5
R00081,2012,business,environment,negative,0.3,river not to have garbage,5
R02330,2019,solo,sacred_atmosphere,positive,0.8,Respectful on how to end one life in a open and holy place,4
R02330,2019,solo,environment,negative,0.3,monkeys in group as they are aggressive,4
R01705,2017,friends,cultural_sensitivity,positive,0.8,be respectful to what you see,4
R01705,2017,friends,access_fairness,neutral,0.5,Entrance fee is 1000 for tourists,4
R01705,2017,friends,sacred_atmosphere,positive,0.7,get a bit more of atmosphere,4
R01507,2017,friends,ritual_experience,negative,0.3,I was turned off by watching all of the cremations,3
R00377,2013,friends,spiritual_authenticity,positive,0.8,cultural place of hinduism,5
R00377,2013,friends,sacred_atmosphere,positive,0.85,great place to visit,5
R01594,2017,friends,access_fairness,negative,0.3,unless you are really keen to see the dead bodies burning,4
R01594,2017,friends,cultural_sensitivity,negative,0.4,Hindu Only small praying temple,4
R01594,2017,friends,sacred_atmosphere,neutral,0.5,prayers in the evening when the cremations are done,4
R01594,2017,friends,spiritual_authenticity,positive,0.6,different colorful monks keen to take pictures,4
R01553,2017,couples,ritual_experience,positive,0.7,big aarti ceremony,3
R01553,2017,couples,cultural_sensitivity,negative,0.3,white skin is not allowed in the premises,3
R01553,2017,couples,sacred_atmosphere,positive,0.8,vibe is very strong,3
R01746,2017,couples,sacred_atmosphere,positive,0.8,A beautifully conserved ancient Unesco Heritage site that must not be missed,5
R01746,2017,couples,cultural_sensitivity,neutral,0.5,No leatherwear of any kind is allowed within the temple,5
R01746,2017,couples,ritual_experience,positive,0.7,The accompanying ceremonies and rituals are interesting,5
R01081,2016,solo,sacred_atmosphere,positive,0.8,this beautiful temple,4
R01081,2016,solo,access_fairness,negative,0.3,the main temple is strictly for Hindu people only,4
R01081,2016,solo,cultural_sensitivity,neutral,0.5,free entry so don't expect to pay for anything,4
R01081,2016,solo,ritual_experience,positive,0.7,emotional and religious cremation,4
R01102,2016,couples,access_fairness,neutral,0.5,It costs 1000 rupees for foreigners. Non-Hindu's cannot enter the temple itself.,5
R01102,2016,couples,ritual_experience,positive,0.7,Tourists are allowed to watch from the opposite side (quite close) to see the burying rituals they perform.,5
R00724,2014,family,environment,negative,0.3,"very, very dirty river",4
R00724,2014,family,sacred_atmosphere,negative,0.4,place is not maintained enough,4
R00724,2014,family,spiritual_authenticity,neutral,0.5,definately was an odd experience to remember,4
R01948,2018,family,ritual_experience,positive,0.7,it was very interesting,4
R01948,2018,family,access_fairness,negative,0.3,costly entrance ticket,4
R01948,2018,family,cultural_sensitivity,negative,0.4,not being allowed to visit the temple as we were not Hindus,4
R01071,2016,solo,sacred_atmosphere,positive,0.8,its a great place,4
R01071,2016,solo,environment,neutral,0.5,many monkey around you for see food,4
R01071,2016,solo,ritual_experience,neutral,0.5,HIndu Religion funeral,4
R01071,2016,solo,spiritual_authenticity,positive,0.7,very old temple,4
R00684,2014,friends,sacred_atmosphere,positive,0.9,My visit to Pashupatinath was fabulous,5
R00684,2014,friends,ritual_experience,positive,0.8,TRY TO ATTEND AARTI done by Local People,5
R00684,2014,friends,spiritual_authenticity,positive,0.85,You will surely feel REJUVENATING,5
R00684,2014,friends,facility,positive,0.7,Darshan are comfortable with a proper system,5
R01602,2017,solo,facility,positive,0.7,hired a guide during the trip and he explained everything,4
R01602,2017,solo,cultural_sensitivity,neutral,0.5,females aren't allowed to stay near the platform,4
R01318,2016,friends,sacred_atmosphere,positive,0.8,this very holy place,5
R01318,2016,friends,environment,positive,0.85,the views from the top are amazing,5
R01318,2016,friends,crowd_management,neutral,0.5,not so sure about all the monkeys,5
R02216,2019,unknown,spiritual_authenticity,positive,0.8,worshipped by Hindu devotees from all the world,4
R01885,2018,solo,cultural_sensitivity,positive,0.8,"Out of respect, non-Hindu visitors should stay on the eastern bank of the river",5
R01885,2018,solo,sacred_atmosphere,positive,0.7,"Pashupatinath represents an important part of the Nepalese culture, and is well worth a visit",5
R00665,2014,solo,sacred_atmosphere,positive,0.9,a powerful sensory and emotional experience,5
R00665,2014,solo,spiritual_authenticity,positive,0.85,only those who experience the place can fully appreciate,5
R00665,2014,solo,ritual_experience,positive,0.8,cremation pyre is prepared and lit with the families and friends in close proximity,5
R00665,2014,solo,environment,positive,0.8,the smell of the smoke and the aural stimulation of the music,5
R01403,2017,solo,access_fairness,negative,0.2,Very expensive entry fee of 1000nes,1
R01403,2017,solo,facility,negative,0.3,shouted at aggressively by nasty security people,1
R01403,2017,solo,sacred_atmosphere,negative,0.3,can't even really sit and enjoy the atmosphere,1
R00417,2013,couples,sacred_atmosphere,positive,0.8,very beautiful temple,4
R00417,2013,couples,crowd_management,negative,0.3,always full of tourist,4
R00417,2013,couples,facility,positive,0.7,well maintained,4
R01193,2016,couples,spiritual_authenticity,positive,0.9,Must visit for realization of reality of life and transformation,5
R01204,2016,solo,sacred_atmosphere,positive,0.8,enjoying atmosphere,4
R01204,2016,solo,environment,negative,0.3,two criminals who were planning to rob me,4
R02211,2019,couples,ritual_experience,positive,0.8,"a Hindu cremation is much more ritualistic, serene and reverent",4
R02211,2019,couples,facility,positive,0.7,worthwhile to have a guide explain the process,4
R02211,2019,couples,sacred_atmosphere,positive,0.8,serene and reverent,4
R02211,2019,couples,environment,neutral,0.5,monkeys around trying to get food,4
R01330,2016,friends,access_fairness,negative,0.3,non-Hindu are banned to visit,5
R01330,2016,friends,facility,neutral,0.5,Entrance fee was 1000.00 pp,5
R01330,2016,friends,ritual_experience,neutral,0.5,it was strange to see someone's legs sticking out,5
R01330,2016,friends,sacred_atmosphere,positive,0.6,Overall it was good to see the place,5
R00452,2013,couples,ritual_experience,positive,0.7,good darshan of the main deity,4
R00452,2013,couples,environment,neutral,0.5,some monkeys around inside,4
R00360,2013,solo,service,positive,0.8,Money well spent!,3
R00360,2013,solo,cultural_sensitivity,neutral,0.5,Non Hindu's are not allowed in the temple,3
R00360,2013,solo,sacred_atmosphere,positive,0.7,crematoria ghats are fascinating,3
R00360,2013,solo,crowd_management,negative,0.3,Many beggars which can be intimidating,3
R01048,2016,friends,sacred_atmosphere,positive,0.8,"I really like this place, beautifully settings",5
R01860,2018,solo,sacred_atmosphere,neutral,0.5,The site itself is very interesting,4
R01860,2018,solo,ritual_experience,negative,0.4,it was quiet overwhelming to see the burning of the bodies,4
R00959,2015,friends,sacred_atmosphere,positive,0.9,feel like being in a real lord shivas place,5
R00959,2015,friends,spiritual_authenticity,positive,0.85,hindu funeral which is done with hindu rituals,5
R00732,2014,couples,crowd_management,negative,0.3,Very busy and crowded temple,4
R00732,2014,couples,sacred_atmosphere,positive,0.7,must visit place for worship,4
R01660,2017,solo,sacred_atmosphere,positive,0.8,very scared for Hindus,4
R01660,2017,solo,facility,negative,0.3,not clean or well maintained,4
R01660,2017,solo,cultural_sensitivity,negative,0.4,be wary of the priests and the minders,4
R00292,2013,couples,cultural_sensitivity,positive,0.7,Really interesting. Worth seeing just to see how the different cultures manage death,5
R00414,2013,family,service,positive,0.7,worth paying a few dollars for a guide,5
R00414,2013,family,facility,negative,0.4,pressure from the guide to pay $20,5
R00414,2013,family,ritual_experience,positive,0.6,very interesting and worth a visit,5
R00414,2013,family,spiritual_authenticity,neutral,0.5,a bit overwhelming at the start,5
R00169,2012,family,sacred_atmosphere,positive,0.7,the temple gives some advise of human being life,5
R00118,2012,unknown,sacred_atmosphere,positive,0.8,do not miss to visit this temple,5
R01853,2018,friends,spiritual_authenticity,positive,0.8,UNESCO heritage site and well deserved,4
R01853,2018,friends,sacred_atmosphere,positive,0.7,mostly unaffected by tourists,4
R01853,2018,friends,cultural_sensitivity,positive,0.6,Respectfully we all stood across the small river to observe this,4
R00097,2012,friends,cultural_sensitivity,neutral,0.5,if you are a Hindu you can enter the temple if not just able to look from out side,5
R00097,2012,friends,facility,positive,0.7,can definitely take pictures,5
R02405,2021,couples,sacred_atmosphere,positive,0.8,A great atmosphere which is really not typical for us Europeans,5
R02405,2021,couples,spiritual_authenticity,positive,0.85,get in touch with the Hindu culture,5
R02405,2021,couples,cultural_sensitivity,negative,0.3,people make Tiktok Videos,5
R02235,2019,friends,sacred_atmosphere,positive,0.9,amazing art and sculptures of the holy Pashupatinath Temple,5
R02311,2019,unknown,spiritual_authenticity,positive,0.7,feel its culture,5
R02311,2019,unknown,sacred_atmosphere,neutral,0.5,could not be the best to see,5
R00016,2025,solo,sacred_atmosphere,positive,0.9,Pashupatinath touched my heart,5
R00016,2025,solo,spiritual_authenticity,positive,0.85,I felt the deep faith and emotion of the place,5
R00560,2014,solo,access_fairness,negative,0.3,10$ for Nepal....is kinda pricey,3
R00560,2014,solo,facility,negative,0.2,"Temple is terrible, dirty, full of monkeys, cows, their poop",3
R00560,2014,solo,cultural_sensitivity,negative,0.3,u cannot enter the main temple if u r not Hindu,3
R00560,2014,solo,service,negative,0.4,someguy (obviously a gide) somehow managed to 'let me tell you smth about this temple',3
R00022,2026,couples,sacred_atmosphere,positive,0.85,convey the spiritual and architectural grandeur,4
R02065,2018,family,facility,negative,0.3,approach road is in Shambles,4
R02065,2018,family,crowd_management,positive,0.7,not much rush,4
R02065,2018,family,sacred_atmosphere,positive,0.6,Good religious place for Hindus,4
R02165,2019,friends,ritual_experience,positive,0.8,real life cremation traditions seen on site,5
R02165,2019,friends,facility,positive,0.7,"explanations provided by our guide, Mr Puru",5
R02434,2023,couples,access_fairness,negative,0.3,white tourist are banned from entering,1
R02434,2023,couples,facility,negative,0.4,paying 2000 for two people I was not allowed in,1
R02434,2023,couples,sacred_atmosphere,positive,0.6,nice to walk around the exterior,1
R02402,2021,solo,spiritual_authenticity,positive,0.9,felt inner shakti and peace,5
R02402,2021,solo,sacred_atmosphere,positive,0.8,temple and surrounding are lively,5
R00034,2011,business,environment,negative,0.3,dreadful stench,4
R00034,2011,business,ritual_experience,neutral,0.5,cremate the dead people on the benches of the river,4
R00034,2011,business,cultural_sensitivity,negative,0.4,dozens of people will try to sell you necklaces,4
R00034,2011,business,sacred_atmosphere,neutral,0.5,"Gurus, women dressed with saris, monkeys, dogs and a troop of tourists",4
R00398,2013,family,facility,positive,0.7,shoe stand is well organised,4
R00398,2013,family,cultural_sensitivity,neutral,0.5,photography is restricted inside,4
R00398,2013,family,sacred_atmosphere,positive,0.8,cows loitering and the flocks of pigeons too lend grace to the place,4
R00398,2013,family,crowd_management,positive,0.6,few priests to disturb,4
R00927,2015,couples,sacred_atmosphere,positive,0.8,It has beautiful architecture. Worth visiting during trip to Nepal.,4
R00927,2015,couples,spiritual_authenticity,positive,0.7,Hindu rituals are performed at the temple and at the courtyard.,4
R00139,2012,solo,cultural_sensitivity,negative,0.3,a bit creepy when you see a six year old done up like a dogs dinner,5
R00139,2012,solo,spiritual_authenticity,positive,0.6,gives the less fortunate girls from poor families a chance to be spoilt,5
R01277,2016,business,sacred_atmosphere,neutral,0.5,"worth a visit, but nothing amazing",4
R01277,2016,business,environment,negative,0.3,surrounding temples were not in great shape,4
R00928,2015,unknown,environment,positive,0.7,different geometrical structure all around the temple,3
R00928,2015,unknown,facility,negative,0.3,many clever guys roaming around who can impose you to buy something,3
R00928,2015,unknown,crowd_management,negative,0.3,hot and full of crowd day,3
R01525,2017,couples,sacred_atmosphere,positive,0.8,palacios religious place to see,4
R01525,2017,couples,spiritual_authenticity,positive,0.85,deity of God Shiva with four faces in four different directions is worth watching,4
R01513,2017,friends,sacred_atmosphere,positive,0.8,Hindu holy temple with long history,5
R01513,2017,friends,spiritual_authenticity,positive,0.7,Feel the reality of life,5
R01513,2017,friends,environment,negative,0.3,only wish make clean,5
R01513,2017,friends,crowd_management,negative,0.3,make more manged,5
R00329,2013,friends,ritual_experience,positive,0.8,fascinating step-by-step peak into the Hindu culture,5
R00329,2013,friends,sacred_atmosphere,positive,0.7,sombre and reflective,5
R00329,2013,friends,environment,negative,0.3,nothing short of putrid and foul,5
R00329,2013,friends,cultural_sensitivity,neutral,0.5,"photography is welcome, common and in some cases encouraged",5
R00329,2013,friends,access_fairness,negative,0.4,a few specific areas are off limits to women and non-Hindus,5
R01449,2017,friends,access_fairness,negative,0.3,"not being a Hindu, you re not allowed to go inside the main temple",2
R01449,2017,friends,facility,neutral,0.5,Buying a ticket for 1000 NPR means that you can enter only the main part,2
R01449,2017,friends,cultural_sensitivity,negative,0.4,"holy men, they re asking a lot of money for taking photos with them, could be aggressive",2
R00662,2014,business,ritual_experience,positive,0.8,sit through the aarti,5
R00662,2014,business,sacred_atmosphere,positive,0.85,a place to be visited for every visitor,5
R02266,2019,unknown,access_fairness,neutral,0.5,unless you are a Non Hindu in which case you cannot enter the main Temple,5
R02266,2019,unknown,ritual_experience,positive,0.7,Religious Cremations which take place regularly,5
R02266,2019,unknown,sacred_atmosphere,positive,0.8,A very interesting place certainly - Recommended,5
R00046,2011,friends,spiritual_authenticity,positive,0.8,eyeopening cultural experience,4
R00046,2011,friends,service,positive,0.7,Our guide did a good job,4
R00046,2011,friends,ritual_experience,negative,0.4,a bit disconcerting to watch,4
R00151,2012,solo,sacred_atmosphere,positive,0.9,overwhelms every visitor with its beautiful temple complex,5
R00151,2012,solo,ritual_experience,positive,0.8,ritual burnings at the river,5
R00151,2012,solo,environment,negative,0.4,constant crowd of people along cows and monkeys,5
R00151,2012,solo,spiritual_authenticity,positive,0.85,spiritual rest that you feel everywhere around you,5
R00749,2015,couples,sacred_atmosphere,positive,0.7,other view was good,5
R00749,2015,couples,ritual_experience,neutral,0.5,many Cremation,5
R02108,2018,business,service,positive,0.8,tour guide Saroj from Corporate Adventure Treks,5
R02108,2018,business,spiritual_authenticity,positive,0.7,reflect on Hope and the need for certainty after death,5
R00873,2015,business,sacred_atmosphere,positive,0.8,"Very good temple, its a heritage temple",5
R00873,2015,business,facility,positive,0.7,very near to the Nepal Airport,5
R01404,2017,business,cultural_sensitivity,neutral,0.5,temple itself is open only to Hindus,4
R01404,2017,business,environment,negative,0.2,disgustingly polluted Bagmati river,4
R01404,2017,business,ritual_experience,neutral,0.5,cremation ceremonies can be viewed discreetly,4
R01993,2018,friends,spiritual_authenticity,positive,0.8,high spiritual value,4
R01993,2018,friends,ritual_experience,positive,0.7,Evening arti at the back of the temple on the river bank was also good,4
R01993,2018,friends,facility,neutral,0.5,minimal security as compared to pilgrimages of India,4
R02097,2018,friends,cultural_sensitivity,negative,0.3,they don t allow foreigners or even foreign Hindus,5
R02097,2018,friends,sacred_atmosphere,positive,0.8,very spiritual/enlightening about this area,5
R02097,2018,friends,ritual_experience,neutral,0.5,allowed pretty much anyone to view these ceremonies,5
R02097,2018,friends,spiritual_authenticity,positive,0.7,quite the humbling experience,5
R01778,2018,family,service,positive,0.7,advisable to take a local guide,5
R01778,2018,family,ritual_experience,positive,0.8,understanding the significance and the rituals,5
R02394,2020,solo,ritual_experience,positive,0.9,Must visit during Evenig Retual,5
R02394,2020,solo,spiritual_authenticity,positive,0.9,Truly Heaven for All Hindu,5
R01835,2018,couples,sacred_atmosphere,positive,0.8,it is a must see famous temple,5
R01742,2017,couples,spiritual_authenticity,positive,0.7,Worth going just to see the range of people like the holy man.,4
R01742,2017,couples,facility,positive,0.6,"Your hotel should be able to book a accredited guide, which you will need.",4
R00836,2015,couples,facility,negative,0.3,the temple is not well maintained,4
R01687,2017,couples,access_fairness,negative,0.3,visitors entering the north portal were not paying an entry fee,5
R01687,2017,couples,facility,negative,0.4,set upon by tenacious vendors,5
R02270,2019,solo,facility,neutral,0.5,a guide explained me about the meaning of it,4
R02270,2019,solo,ritual_experience,positive,0.7,most impressive part was to see how hindu s deal with death,4
R02270,2019,solo,sacred_atmosphere,positive,0.6,worth a visit,4
R02270,2019,solo,cultural_sensitivity,negative,0.4,children are swimming in the river,4
R00235,2013,family,environment,negative,0.3,it is not beautiful and it is not clean,5
R00235,2013,family,sacred_atmosphere,positive,0.7,thought-provoking and different and quite unforgettable,5
R00235,2013,family,spiritual_authenticity,positive,0.8,insight into Hindu culture that it is hard to find elsewhere,5
R01350,2016,unknown,ritual_experience,neutral,0.5,well organized cremation ceremonies,3
R01350,2016,unknown,spiritual_authenticity,negative,0.3,Fake Sadhus to self appointed guides making this experience not really a solemn one,3
R01350,2016,unknown,access_fairness,negative,0.4,not allowed to visit the hindu temple,3
R00092,2012,family,ritual_experience,positive,0.8,it was fantastic,4
R00092,2012,family,spiritual_authenticity,positive,0.7,one of the most interesting cultural visits,4
R02210,2019,business,sacred_atmosphere,positive,0.7,Beautiful old temple,4
R02210,2019,business,crowd_management,negative,0.3,too many people out there,4
R00626,2014,solo,environment,negative,0.3,The river is full of rubbish,4
R00626,2014,solo,facility,negative,0.3,Little evidence of officials around,4
R00626,2014,solo,sacred_atmosphere,negative,0.4,creates lots of smoke and is very untidy,4
R00626,2014,solo,spiritual_authenticity,neutral,0.5,although interesting,4
R01280,2016,unknown,ritual_experience,positive,0.8,Evening aarati was awesome to watch,5
R01303,2016,unknown,facility,neutral,0.5,Would try to get a guide for explanation,3
R01303,2016,unknown,environment,negative,0.3,hard to believe people can not keep a holy place clean of liter,3
R01303,2016,unknown,sacred_atmosphere,negative,0.4,petty pushy people selling trinkets and pictures with the monks,3
R00824,2015,couples,facility,negative,0.3,ticketing guy is after us - wouldn't help us,2
R00824,2015,couples,cultural_sensitivity,negative,0.4,tourists being quite intrusive,2
R00824,2015,couples,access_fairness,negative,0.3,paid an overpriced ticket,2
R00824,2015,couples,sacred_atmosphere,negative,0.4,pretty ghoulish with groups of tourists,2
R01299,2016,solo,environment,negative,0.3,The river needs to be cleaned,5
R01299,2016,solo,facility,negative,0.4,Geriatric Home should be maintained,5
R01299,2016,solo,facility,negative,0.3,foods for monkeys should be prepared,5
R00055,2011,unknown,cultural_sensitivity,negative,0.3,foreigners might get a cross-culture shock,4
R00055,2011,unknown,sacred_atmosphere,positive,0.8,main temple inside is so much amazing,4
R00055,2011,unknown,environment,negative,0.2,locals dump trashses in the river,4
R01578,2017,friends,spiritual_authenticity,positive,0.8,very good religious place,5
R00859,2015,friends,sacred_atmosphere,positive,0.8,A very unique Shiva temple,4
R00859,2015,friends,spiritual_authenticity,positive,0.9,One of the most renowned Shiva temples,4
R00839,2015,friends,sacred_atmosphere,neutral,0.5,very shocking but you can see an important part of their culture,5
R01085,2016,friends,sacred_atmosphere,neutral,0.5,"it is, in its most fundamental sense, a disposal site for human bodies",5
R01085,2016,friends,cultural_sensitivity,positive,0.7,interesting and educational to see how Nepalis accomplish this task,5
R00070,2012,solo,sacred_atmosphere,positive,0.9,a marvel in itself,5
R00070,2012,solo,crowd_management,negative,0.3,usual long queue,5
R00070,2012,solo,ritual_experience,positive,0.7,good darshan of Lord Pashupatinath,5
R00070,2012,solo,environment,neutral,0.5,bit slippery in some places,5
R02062,2018,couples,facility,negative,0.3,not very clean temple complex,3
R02062,2018,couples,cultural_sensitivity,neutral,0.5,Foreigners are not allowed into the main temple - fair enough,3
R02062,2018,couples,environment,negative,0.2,"it all looked dirty though - the river, the bank, the stairs",3
R02062,2018,couples,crowd_management,negative,0.3,"monkeys - be careful, they're aggressive",3
R02062,2018,couples,access_fairness,negative,0.4,for 10$ a ticket it really should,3
R02478,2024,friends,ritual_experience,positive,0.7,different experience I had not witnessed before,5
R02478,2024,friends,spiritual_authenticity,positive,0.8,cremation ceremonies are happening by the water live,5
R01042,2016,friends,facility,negative,0.3,Avoid the public toilet,4
R01042,2016,friends,ritual_experience,neutral,0.5,Come and see a dead body incinerated,4
R01042,2016,friends,cultural_sensitivity,neutral,0.5,non-Hindus are not allowed in inner areas,4
R01042,2016,friends,sacred_atmosphere,positive,0.7,Babas who will bless you with an orange thread,4
R00827,2015,couples,cultural_sensitivity,neutral,0.5,Non Hindu were not allowed into the temple,3
R00827,2015,couples,ritual_experience,neutral,0.5,open cremation were done in the just outside of the temple,3
R00827,2015,couples,spiritual_authenticity,neutral,0.5,It is an experience for us but I will not recommend to every one,3
R02359,2020,family,cultural_sensitivity,neutral,0.5,non Hindu person was not allowed to enter,4
R02359,2020,family,access_fairness,negative,0.4,"costs 1,000 rupee per person to enter",4
R02359,2020,family,sacred_atmosphere,positive,0.7,"mixture of emotions and activities with mourners, vendors selling marigolds and souvenirs, Sadhus",4
R00382,2013,couples,environment,negative,0.2,"stinky, dirty place",5
R00382,2013,couples,ritual_experience,positive,0.7,definitely an experience not to miss,5
R00595,2014,couples,crowd_management,negative,0.3,A bit crowded with a few annoyances,4
R00595,2014,couples,ritual_experience,neutral,0.5,very personal cremation ceremonies,4
R00595,2014,couples,facility,negative,0.4,A personal guide is expensive,4
R00595,2014,couples,sacred_atmosphere,positive,0.7,unique location,4
R02084,2018,business,crowd_management,neutral,0.5,usually crowded,5
R02084,2018,business,ritual_experience,positive,0.8,visit in the evening during aarti time,5
R02084,2018,business,sacred_atmosphere,positive,0.85,only oil lights are lit. its a fantastic sight to watch,5
R02084,2018,business,spiritual_authenticity,positive,0.9,majestic bhairav temple,5
R01201,2016,solo,service,positive,0.9,"Sumit has been my guide for a day, and finally became my friend",5
R01201,2016,solo,spiritual_authenticity,positive,0.85,passionate about this place and its history,5
R01201,2016,solo,cultural_sensitivity,positive,0.8,"sharing his own culture, he especially likes with his job",5
R01777,2018,friends,ritual_experience,positive,0.8,special puja held - Arati,5
R01777,2018,friends,spiritual_authenticity,positive,0.9,reminded that we all are going to die,5
R01777,2018,friends,sacred_atmosphere,positive,0.85,place to meditate and find calm,5
R01777,2018,friends,access_fairness,neutral,0.5,only Hindus can enter,5
R02401,2021,unknown,access_fairness,negative,0.3,we could not enter with the so called special list guests,3
R02401,2021,unknown,facility,positive,0.6,friendliness of a good english speaking jong man,3
R02401,2021,unknown,sacred_atmosphere,positive,0.7,beautiful view on the site and the cremations,3
R02401,2021,unknown,spiritual_authenticity,negative,0.4,"babas, who are more dressed as and alternative kind of begging suits",3
R00808,2015,business,facility,positive,0.8,"improved vicinity, cleanliness, good pathways",4
R00808,2015,business,crowd_management,positive,0.85,very nice crowd management systems,4
R02182,2019,solo,crowd_management,positive,0.8,the crowd is nicely managed by the temple authorities,5
R02182,2019,solo,sacred_atmosphere,positive,0.7,important Hindu religious temples,5
R02182,2019,solo,environment,positive,0.7,The campus is very clean,5
R01688,2017,solo,access_fairness,negative,0.3,cannot access the temple,5
R01688,2017,solo,facility,positive,0.6,guides are available for hire,5
R02233,2019,couples,ritual_experience,neutral,0.5,bodies being cremated on the river,5
R02233,2019,couples,facility,positive,0.7,Having a guide can be very beneficial,5
R02233,2019,couples,service,negative,0.4,avoid confusion with your guide,5
R00119,2012,friends,sacred_atmosphere,positive,0.7,very interesting just to walk around,4
R00119,2012,friends,cultural_sensitivity,positive,0.8,learn more about hindu and buddhist culture,4
R00880,2015,unknown,sacred_atmosphere,positive,0.7,appreciate the grand Pashupatinath temple,3
R00880,2015,unknown,cultural_sensitivity,neutral,0.5,Tourists from other faith may find it amusing and disturbing,3
R00056,2011,couples,environment,negative,0.3,bewildering; you can see people washing and burning corpses,4
R00056,2011,couples,sacred_atmosphere,negative,0.4,relatives wash their feet and their lunch plates 5metres upstream,4
R00056,2011,couples,environment,positive,0.7,Nice old park on hill next to it with lots of monkeys,4
R00056,2011,couples,crowd_management,negative,0.3,"Boudnath, it's Buddhist counterpart, which is much cleaner/well-organized",4
R00992,2015,friends,sacred_atmosphere,positive,0.9,adds bliss to the environment,5
R00992,2015,friends,cultural_sensitivity,neutral,0.5,Only Hindus are permitted in the actual temple premises,5
R00992,2015,friends,spiritual_authenticity,positive,0.85,adds a sense of spirituality in the region,5
R00992,2015,friends,environment,positive,0.8,beautiful ambiance,5
R00165,2012,couples,cultural_sensitivity,neutral,0.5,non-hindus are not allowed into the main temple area,5
R00165,2012,couples,spiritual_authenticity,positive,0.8,truly Nepalese experience,5
R00165,2012,couples,sacred_atmosphere,positive,0.7,fascinating place,5
R00019,2025,family,sacred_atmosphere,negative,0.3,taking away the sacredness of the place and the situation,4
R00019,2025,family,cultural_sensitivity,negative,0.4,young people taking selfies and shooting videos,4
R00039,2011,couples,cultural_sensitivity,positive,0.7,interesting introduction to many local customs,4
R00039,2011,couples,facility,positive,0.6,bring a Guide if you can,4
R01004,2016,friends,sacred_atmosphere,positive,0.7,bank of holy bagmati river,5
R00584,2014,friends,facility,negative,0.3,guides latch on and demand money,5
R00584,2014,friends,ritual_experience,positive,0.7,very informative and knowledgable,5
R00584,2014,friends,spiritual_authenticity,positive,0.8,area however I found fascinating,5
R00584,2014,friends,sacred_atmosphere,positive,0.9,Certainly not to be missed by any means,5
R00159,2012,couples,facility,negative,0.3,Badly maintained temple,3
R00159,2012,couples,environment,negative,0.4,monkeys keep jumping,3
R00159,2012,couples,ritual_experience,neutral,0.5,It was average at best,3
R02206,2019,solo,sacred_atmosphere,positive,0.9,it was magical,5
R02206,2019,solo,spiritual_authenticity,positive,0.85,I feel great energy of Shiva,5
R01418,2017,couples,spiritual_authenticity,positive,0.8,Fascinating place to walk around,4
R01418,2017,couples,facility,positive,0.7,A guide is probably necessary,4
R01418,2017,couples,sacred_atmosphere,positive,0.85,I would say it's a must do,4
R01575,2017,couples,spiritual_authenticity,positive,0.9,reverence is the key word,5
R01575,2017,couples,facility,positive,0.8,Pradip Lama as our guide and he was terrific,5
R01575,2017,couples,sacred_atmosphere,positive,0.85,most sacred Hindu temples,5
R01575,2017,couples,cultural_sensitivity,neutral,0.5,locals call this a monkey temple,5
R01098,2016,solo,spiritual_authenticity,positive,0.8,"Mixture of religious pilgrimage, learning ancient culture",5
R01098,2016,solo,sacred_atmosphere,positive,0.7,developing positive psychology for future endeavour,5
R01551,2017,family,sacred_atmosphere,positive,0.8,an amazing experience,4
R01551,2017,family,facility,negative,0.3,stone walking paths full of slush,4
R01551,2017,family,environment,negative,0.4,something needs to be done about the general cleanliness,4
R01099,2016,couples,ritual_experience,positive,0.8,how amazing this place is,4
R01099,2016,couples,spiritual_authenticity,positive,0.85,Truly an eye opening experience,4
R00343,2013,family,sacred_atmosphere,positive,0.7,most of the things are interesting,4
R00343,2013,family,cultural_sensitivity,negative,0.3,high fee for the foreigners are not that acceptable,4
R00343,2013,family,environment,negative,0.2,bad smelling from the river,4
R00343,2013,family,facility,negative,0.4,hassle of the local vendors,4
R00283,2013,couples,sacred_atmosphere,positive,0.9,Its pure and magical!,5
R00283,2013,couples,spiritual_authenticity,positive,0.85,The temple has no artificial constructions.,5
R01190,2016,solo,spiritual_authenticity,positive,0.8,very unique temple,5
R01190,2016,solo,facility,positive,0.7,No one ask money here,5
R01190,2016,solo,ritual_experience,positive,0.7,plan in advance for Abhisekham,5
R02337,2019,couples,facility,positive,0.8,we chose one and that was the right decision,5
R02337,2019,couples,cultural_sensitivity,positive,0.9,No disrespect of their tradition,5
R02337,2019,couples,spiritual_authenticity,positive,0.85,a very unique experience,5
R02337,2019,couples,sacred_atmosphere,positive,0.9,showing how open this religion is dealing with the death,5
R01982,2018,family,ritual_experience,positive,0.7,"witnessed the funeral rights with pyres, families and prayers",4
R01588,2017,family,sacred_atmosphere,positive,0.9,uplifts your spirits in many ways,5
R01588,2017,family,spiritual_authenticity,positive,0.85,Beautiful and very ancient temple,5
R01588,2017,family,environment,positive,0.9,Lovely architecture with a distinct Nepali style,5
R01588,2017,family,ritual_experience,positive,0.85,A must visit place for devout Hindus and non-believers alike,5
R00891,2015,solo,spiritual_authenticity,positive,0.9,most amazing assault on your senses,5
R00891,2015,solo,ritual_experience,positive,0.8,watch the bodies burning by the riverside,5
R00891,2015,solo,cultural_sensitivity,negative,0.3,kids swimming and diving to collect gold,5
R01255,2016,solo,ritual_experience,positive,0.8,book a Panchamrit Abhishek Pooja,5
R01255,2016,solo,sacred_atmosphere,positive,0.9,considered as one of the most holy places,5
R01255,2016,solo,spiritual_authenticity,positive,0.85,pandits come from Rameshwara south of India,5
R01255,2016,solo,environment,positive,0.9,architecture of the temple is beautiful,5
R02316,2019,unknown,ritual_experience,positive,0.8,must visit place,5
R00704,2014,friends,sacred_atmosphere,positive,0.8,I feel that this is a must visit place,4
R00704,2014,friends,cultural_sensitivity,positive,0.7,Photography is allowed from the non mourners' side,4
R00704,2014,friends,ritual_experience,positive,0.75,Visitors can see the way in which hindus deal with death,4
R01095,2016,solo,access_fairness,neutral,0.5,There is a charge to visit the area,4
R01095,2016,solo,facility,positive,0.7,it will be worth it for the information,4
R00890,2015,solo,facility,positive,0.8,it is govt. subsidized & walking distance from main temple,4
R00890,2015,solo,spiritual_authenticity,positive,0.9,One of the Greatest religious place for Hindus,4
R01810,2018,solo,sacred_atmosphere,positive,0.9,you just naturally speak in soft tones and move with an awareness,5
R01810,2018,solo,spiritual_authenticity,positive,0.85,I felt honored to see the ritual of life,5
R00495,2014,solo,sacred_atmosphere,positive,0.7,insight into 2 religions,4
R02355,2020,unknown,environment,negative,0.3,it is filthy with stray dogs walking around,3
R02355,2020,unknown,sacred_atmosphere,neutral,0.5,The visit to the temple was nice but it is filthy,3
R01927,2018,family,spiritual_authenticity,positive,0.9,Visit to Kathmandu is incomplete for every tourist without having darshan,5
R02226,2019,couples,spiritual_authenticity,positive,0.8,considered very holy,4
R02226,2019,couples,access_fairness,neutral,0.5,closes at before sun set,4
R02322,2019,unknown,sacred_atmosphere,positive,0.8,It is one of the Jyotirlinga,4
R02322,2019,unknown,facility,positive,0.8,very well maintained and clean,4
R02322,2019,unknown,ritual_experience,positive,0.7,The evening aarti is quite nice,4
R00762,2015,business,general_sentiment,positive,0.8,I had a great experience.,4
R00701,2014,family,facility,positive,0.8,Temple is excellent maintained by the management,5
R00701,2014,family,access_fairness,negative,0.3,one day prior booking is very difficult for tourist coming outside Nepal,5
R00185,2012,family,sacred_atmosphere,positive,0.7,"Intense experience unless, perhaps, you are a mortician",5
R00386,2013,couples,spiritual_authenticity,positive,0.9,The oldest Hindu temple in the world,5
R00327,2013,friends,ritual_experience,positive,0.7,open cremation is highlight of this place,5
R00327,2013,friends,facility,negative,0.3,not keeped the place clean,5
R00327,2013,friends,access_fairness,negative,0.4,they charge $7 per person entrance fee,5
R00941,2015,friends,ritual_experience,positive,0.8,provides an insight into the most difficult time of our lives,5
R00941,2015,friends,spiritual_authenticity,positive,0.9,It's a very spiritual place,5
R00941,2015,friends,facility,positive,0.7,Worth to hire a local guide,5
R00941,2015,friends,access_fairness,neutral,0.5,The entrance fee is 1000Rs,5
R00981,2015,friends,sacred_atmosphere,positive,0.8,A must when visiting Kathmandu,4
R00988,2015,friends,sacred_atmosphere,positive,0.8,strangely meditative and calming,4
R00988,2015,friends,access_fairness,negative,0.3,1000 rupee entry fee is a little embitteringly steep,4
R00988,2015,friends,environment,neutral,0.5,bank of a low dirty river,4
R00988,2015,friends,crowd_management,negative,0.4,monkeys (I have a friend who got randomly attacked),4
R02069,2018,family,spiritual_authenticity,positive,0.9,it was truly Hindu pride,5
R01091,2016,family,environment,positive,0.7,Monkey Temples were a great experience,2
R01091,2016,family,facility,neutral,0.5,Tempels are beeing rebuilt allready,2
R01091,2016,family,crowd_management,negative,0.4,Take a extra strong grab orund your wather bottle and belongings,2
R01129,2016,friends,sacred_atmosphere,positive,0.8,beautiful sunset and fire dance ceremony for Shiva,5
R01129,2016,friends,spiritual_authenticity,positive,0.85,temple which is devoted to Hindu deity Shiva,5
R02010,2018,family,sacred_atmosphere,positive,0.9,Highly religious place,5
R02010,2018,family,spiritual_authenticity,positive,0.85,We are blessed to get opportunity to visit the temple,5
R00779,2015,unknown,sacred_atmosphere,positive,0.9,holy Pashupati nath is best and wonderful,5
R00779,2015,unknown,spiritual_authenticity,positive,0.85,wonderful world heritage site,5
R02348,2019,unknown,ritual_experience,negative,0.3,felt very uncomfortable being tourists during such moments,2
R02348,2019,unknown,facility,negative,0.4,stopped our guide before he led us,2
R00212,2012,solo,ritual_experience,positive,0.8,I personally find the cremations fascinating,5
R00212,2012,solo,facility,negative,0.3,younger men who will approach you wanted to be your tour guide,5
R00212,2012,solo,spiritual_authenticity,positive,0.7,sadhus and public cremations,5
R00212,2012,solo,cultural_sensitivity,neutral,0.5,sadhu who will perform penis yoga for a fee,5
R02150,2019,couples,ritual_experience,positive,0.8,opens your eyes to the rest of the world,4
R01748,2017,couples,ritual_experience,positive,0.9,araati activity with hindu devoteess cultural dance was astounding,3
R00103,2012,friends,facility,negative,0.3,guides who come up and talk to you while forcing their services,4
R00103,2012,friends,cultural_sensitivity,negative,0.2,ill mannered foreigners,4
R00103,2012,friends,sacred_atmosphere,neutral,0.5,so much of human nature is so brassly on display,4
R00103,2012,friends,spiritual_authenticity,positive,0.7,learn about the temples fascinating history,4
R01554,2017,family,spiritual_authenticity,positive,0.9,amazing aura,5
R01554,2017,family,sacred_atmosphere,positive,0.85,carving's are breathtaking,5
R01554,2017,family,facility,positive,0.7,"State Bank of Nepal, here you can deposit money",5
R01554,2017,family,ritual_experience,positive,0.8,official puja you will get more closer and longer darshan,5
R02018,2018,couples,sacred_atmosphere,positive,0.9,The feeling of serenity one gets when visiting here in remarkable.,4
R00004,2025,friends,ritual_experience,positive,0.9,Aarati Hindu ritual and it was amazing,5
R00004,2025,friends,environment,negative,0.4,place was little bit over crowded and bit dirty,5
R00004,2025,friends,spiritual_authenticity,positive,0.85,fascinated by hindu culture and tradition,5
R00004,2025,friends,sacred_atmosphere,positive,0.8,place was amazing,5
R00190,2012,friends,sacred_atmosphere,positive,0.8,seemed so peaceful,5
R00190,2012,friends,crowd_management,negative,0.4,peak season,5
R00190,2012,friends,facility,neutral,0.5,after the souvenir sellers leave you alone,5
R01713,2017,solo,access_fairness,negative,0.3,"1,000 rupee entrance fee",3
R01713,2017,solo,crowd_management,negative,0.4,people asking for money,3
R01713,2017,solo,facility,positive,0.7,clean bathrooms,3
R01713,2017,solo,cultural_sensitivity,positive,0.6,get a guide to have a better understanding of their culture,3
R02336,2019,solo,ritual_experience,neutral,0.5,I was not that interested. I didn t understand what was going on.,4
R02336,2019,solo,cultural_sensitivity,neutral,0.5,Can t go into the temple unless you re Hindu.,4
R02336,2019,solo,sacred_atmosphere,neutral,0.5,The cremation process/preparation of bodies is definitely a cultural experience.,4
R02336,2019,solo,crowd_management,neutral,0.5,Get there early if you want a seat.,4
R02039,2018,couples,cultural_sensitivity,neutral,0.5,Non Hindus cannot go into the temple complex,5
R02039,2018,couples,facility,negative,0.3,guides will approach you and not leave you,5
R02039,2018,couples,sacred_atmosphere,positive,0.7,pause for thought about your own impermanence,5
R00492,2014,couples,sacred_atmosphere,neutral,0.5,A surprising monument,5
R00492,2014,couples,environment,negative,0.3,"monkeys, people to search for money into the ashes",5
R00492,2014,couples,spiritual_authenticity,positive,0.7,holy people and so many more,5
R01698,2017,couples,access_fairness,negative,0.3,not even allowed (as non-Hindus) to go into the main temple,3
R01698,2017,couples,cultural_sensitivity,negative,0.4,Sadhus almost get a little angry if offered 'only' 50 Rs for a Foto,3
R01698,2017,couples,sacred_atmosphere,positive,0.7,this place is special- especially with the cremations going on,3
R01698,2017,couples,crowd_management,neutral,0.5,bear in mind to pay respect and dont shove your camera lens into the ongoing cremation,3
R01425,2017,solo,sacred_atmosphere,positive,0.9,"Pashupatinath is a rare, unique, and beautiful experience",5
R01425,2017,solo,spiritual_authenticity,positive,0.85,"burning ghats are beautiful, spiritual, and extremely moving",5
R01425,2017,solo,cultural_sensitivity,neutral,0.5,important to remember that there are families of people who are cremating their dearest relatives,5
R02361,2020,unknown,cultural_sensitivity,positive,0.7,should be appreciated as being so important to the understanding of this and other religions,5
R01926,2018,business,service,positive,0.9,best management and good helpful people,5
R01926,2018,business,facility,positive,0.8,good security,5
R01926,2018,business,spiritual_authenticity,positive,0.8,good blessing,5
R00289,2013,solo,sacred_atmosphere,positive,0.9,A sacred Hindu place and very moving,4
R00289,2013,solo,spiritual_authenticity,positive,0.85,very moving with the cremations happening right in front of you,4
R02480,2024,couples,sacred_atmosphere,positive,0.9,creating an environment of peace and devotion,5
R02480,2024,couples,spiritual_authenticity,positive,0.85,a profound spiritual experience unlike any other,5
R02480,2024,couples,ritual_experience,positive,0.8,witnessing the cremation rituals on the riverbank,5
R02480,2024,couples,environment,positive,0.9,serene atmosphere,5
R02059,2018,solo,environment,negative,0.3,rather dirty Bagmati River,5
R02059,2018,solo,cultural_sensitivity,neutral,0.5,non- Hindus are not allowed into the temple,5
R02059,2018,solo,access_fairness,negative,0.4,entrance fee for tourists is 1000 Nepali Rupees,5
R02059,2018,solo,sacred_atmosphere,positive,0.7,surrounding and images of the interior are impressive,5
R00523,2014,couples,sacred_atmosphere,positive,0.7,go not only to this place,5
R00483,2014,solo,facility,negative,0.3,toilet facility (not really good),5
R00483,2014,solo,access_fairness,negative,0.4,entrance fee is quite expensive,5
R00483,2014,solo,spiritual_authenticity,positive,0.7,observe the cremation and the ceremony,5
R00483,2014,solo,sacred_atmosphere,positive,0.6,patients in palliative care are sent to be closer to the holly river,5
R00324,2013,couples,sacred_atmosphere,positive,0.8,experience lot of inner peace,5
R00324,2013,couples,cultural_sensitivity,neutral,0.5,hindus alone can enter the temple,5
R01377,2017,solo,ritual_experience,positive,0.7,Very interesting place to people watch,4
R01377,2017,solo,cultural_sensitivity,negative,0.3,"as I am non-hindu, I couldn't go inside",4
R02292,2019,friends,sacred_atmosphere,positive,0.9,world heritage site is totally amazing,5
R02292,2019,friends,spiritual_authenticity,positive,0.85,Preserving the old Temple and it's structures are really wonderful,5
R01643,2017,friends,sacred_atmosphere,positive,0.8,unique grandeur attached to it,5
R01643,2017,friends,ritual_experience,positive,0.85,Go around the aarti time to witness the whole experience,5
R00912,2015,family,cultural_sensitivity,neutral,0.5,reserved for Hindus only,5
R00912,2015,family,sacred_atmosphere,positive,0.8,enjoy the religious feeling,5
R00912,2015,family,ritual_experience,positive,0.9,"Aarati - lighting of lamps - in the early evening, something you shouldn't miss",5
R00128,2012,friends,ritual_experience,positive,0.7,calm and comforting to see how family said their goodbyes,4
R00128,2012,friends,cultural_sensitivity,negative,0.3,"Western tourists, shamelessly taking photos",4
R00128,2012,friends,sacred_atmosphere,positive,0.6,calm and comforting to see how family said their goodbyes,4
R01471,2017,couples,sacred_atmosphere,positive,0.8,absolutely fascinating,5
R01471,2017,couples,spiritual_authenticity,positive,0.7,"celebration of life, to the release into the next world",5
R01692,2017,family,spiritual_authenticity,positive,0.9,It was not touristy at all,5
R01692,2017,family,sacred_atmosphere,positive,0.85,I could have stayed there for hours just sitting quietly and taking it all in,5
R00986,2015,friends,ritual_experience,neutral,0.5,You will see cremations on the banks of the river,4
R00986,2015,friends,cultural_sensitivity,negative,0.3,encouraged by guides and local 'holy men' to use your camera,4
R00986,2015,friends,environment,negative,0.3,covered in smoke and monkey pooh,4
R00986,2015,friends,crowd_management,negative,0.4,monkeys who are a pretty militant lot,4
R01008,2016,friends,cultural_sensitivity,neutral,0.5,Only Hindus are allowed inside the temple,4
R01008,2016,friends,sacred_atmosphere,positive,0.8,nice view of the temple and surroundings,4
R01008,2016,friends,ritual_experience,positive,0.7,believing that the soul will then go to heaven,4
R02243,2019,family,sacred_atmosphere,positive,0.9,peaceful vibe to it,5
R02243,2019,family,spiritual_authenticity,positive,0.85,serene solitude to feed your soul,5
R00143,2012,solo,crowd_management,positive,0.8,very small line normally we get anywhere in the temple,5
R00143,2012,solo,sacred_atmosphere,positive,0.9,you get peace of mind,5
R00143,2012,solo,environment,positive,0.85,beautifully crafted sculptures all over temple,5
R00030,2011,couples,cultural_sensitivity,neutral,0.5,"only Hindu's are allowed to visit this temple, Non-Hindu Tourists can view it from outside only",4
R00030,2011,couples,sacred_atmosphere,positive,0.8,it has very significant value in Hindu religion,4
R00030,2011,couples,spiritual_authenticity,positive,0.7,it is one of the great place to visit,4
R00725,2014,family,access_fairness,positive,0.7,you can stand right above the cremation,5
R00236,2013,friends,environment,negative,0.2,"the river is filthy and really, I couldn't wait to leave",4
R00236,2013,friends,ritual_experience,negative,0.3,I felt sorry for the families as it is such a tourist attraction,4
R00236,2013,friends,facility,positive,0.6,Our guide was describing what was happening during the ceremony,4
R00236,2013,friends,spiritual_authenticity,positive,0.7,a definite insight into another culture,4
R00589,2014,solo,sacred_atmosphere,positive,0.8,"Crematoria is sad, breathtaking and shocking place",5
R00589,2014,solo,access_fairness,neutral,0.5,"entrance fee is 1000R, but I didn't regret to pay it",5
R00589,2014,solo,ritual_experience,positive,0.7,spent hours watching burning bodies there and ceremonies,5
R00371,2013,solo,ritual_experience,positive,0.8,"Got an opportunity to see the Ghat rituals, Pooja and lots more",4
R00371,2013,solo,spiritual_authenticity,positive,0.7,Sadhus are friendly and they bless you,4
R01817,2018,couples,access_fairness,negative,0.3,very calculated in getting foreigners to pay huge amounts,1
R01817,2018,couples,cultural_sensitivity,negative,0.4,non hindus are not allowed,1
R01817,2018,couples,facility,neutral,0.5,double side printed pamphlet telling you all about the significance,1
R00620,2014,friends,sacred_atmosphere,positive,0.9,see how the spirit world is alive and well,4
R00620,2014,friends,cultural_sensitivity,neutral,0.5,cant get into the Hindu Temple,4
R00620,2014,friends,environment,negative,0.3,monkeys are frequent and can be very aggressive,4
R00620,2014,friends,spiritual_authenticity,positive,0.85,"see how water, spirits and people come together",4
R01872,2018,solo,ritual_experience,positive,0.8,"Aarathi ritual, which was lively and enriching",5
R01872,2018,solo,facility,positive,0.7,helpful to have him describe some of the ongoings,5
R01872,2018,solo,sacred_atmosphere,positive,0.7,place was still full of activity,5
R01139,2016,solo,spiritual_authenticity,positive,0.8,feel the divine touch and calmness,4
R01139,2016,solo,cultural_sensitivity,neutral,0.5,You are not allowed to take any photo,4
R01139,2016,solo,sacred_atmosphere,positive,0.7,"temple is good, peaceful",4
R01139,2016,solo,environment,negative,0.3,ritual/ last rite which is not a happy scene,4
R01139,2016,solo,facility,neutral,0.5,shops outside where you can buy original rudraksh,4
R02356,2020,friends,sacred_atmosphere,positive,0.8,holy place for Hindu,5
R02356,2020,friends,facility,positive,0.85,temple is very clean and managed well,5
R01176,2016,couples,sacred_atmosphere,positive,0.9,this place gives huge peace of mind and its very divine,5
R01176,2016,couples,facility,positive,0.8,certainly a well maintained temple. fully neat and clean,5
R01176,2016,couples,cultural_sensitivity,neutral,0.5,photography not allowed inside the temple but you can carry your mobile phones inside,5
R01176,2016,couples,ritual_experience,positive,0.7,if you wish to attend pooja aari kindly make sure this is performed only in the evening by 7 pm sharp,5
R01144,2016,family,cultural_sensitivity,positive,0.8,Other communities can take a overlook,5
R01144,2016,family,spiritual_authenticity,positive,0.9,Peaceful place,5
R01309,2016,solo,cultural_sensitivity,neutral,0.5,entrance to the inner temple is forbidden to non-Hindus,5
R01309,2016,solo,sacred_atmosphere,positive,0.8,Such a beauty among all the Hindu temples,5
R01309,2016,solo,environment,positive,0.7,best overview of the complex is from the terrace on the wooded hill,5
R01892,2018,unknown,sacred_atmosphere,positive,0.7,Felt very holy,5
R01892,2018,unknown,spiritual_authenticity,positive,0.8,Felt very holy,5
R01892,2018,unknown,ritual_experience,neutral,0.5,also scary because in that temple backside all death rituals are happening,5
R01841,2018,friends,sacred_atmosphere,negative,0.3,strong smells and emotional sights,4
R01841,2018,friends,cultural_sensitivity,negative,0.4,I would not recommend children visit this area,4
R01782,2018,couples,cultural_sensitivity,negative,0.3,chinese intrude and tour that cremation area,5
R01782,2018,couples,spiritual_authenticity,negative,0.4,they are suppose to be selfless and spiritual people but here they are ask asking for American money,5
R01782,2018,couples,sacred_atmosphere,neutral,0.5,"you cannot go to the other side where cremation happens, you can only see it from the other side of the river which is fine by me",5
R00174,2012,family,environment,negative,0.3,in a very sad state,5
R00174,2012,family,cultural_sensitivity,neutral,0.5,Only Hindus are allowed to enter,5
R00131,2012,solo,spiritual_authenticity,positive,0.7,they will gladly stand with you and give you some blessings,3
R00767,2015,couples,spiritual_authenticity,positive,0.9,divine experience to visit,4
R00767,2015,couples,sacred_atmosphere,positive,0.85,Felt great peace,4
R01648,2017,couples,facility,positive,0.7,public transport which is very cheap,3
R01648,2017,couples,facility,negative,0.4,taxi's are little expensive,3
R01893,2018,friends,access_fairness,negative,0.3,if you are a non-Hindu you can not access,3
R01893,2018,friends,ritual_experience,positive,0.7,Hindu cremation process; at any given time you will find few dean bodies been set on fire,3
R01893,2018,friends,cultural_sensitivity,negative,0.4,everything about this place is highly commercialised,3
R01893,2018,friends,sacred_atmosphere,positive,0.8,a very sacred religious venue,3
R02003,2018,friends,sacred_atmosphere,positive,0.8,Temple is old but maintened nicelly,5
R02003,2018,friends,spiritual_authenticity,positive,0.7,very very near to Hindu style of construction,5
R02003,2018,friends,facility,positive,0.7,Hotel's near temple were nice and good for stay,5
R02003,2018,friends,cultural_sensitivity,neutral,0.5,I wish they allow people to pour water on him as like other places,5
R01380,2017,solo,ritual_experience,mixed,0.5,open cremation of dead bodies was culture shock for me,5
R01380,2017,solo,spiritual_authenticity,positive,0.7,Sadhus (holy man) smoking marijuana was so interesting,5
R01490,2017,couples,access_fairness,negative,0.3,entrance fee for foreigners is soo high,1
R01490,2017,couples,sacred_atmosphere,neutral,0.5,I can not give informations about the interior,1
R01879,2018,unknown,access_fairness,negative,0.3,"1,000 rupees per foreigner for entry ticket",4
R01879,2018,unknown,ritual_experience,negative,0.4,sobering and sad to see/watch the funerals and cremations,4
R01879,2018,unknown,sacred_atmosphere,positive,0.7,worth spending 2-3 hours here in total,4
R00547,2014,family,environment,negative,0.3,quite dusty when we were there,3
R00547,2014,family,sacred_atmosphere,neutral,0.5,good view of people watching from the temple,3
R01457,2017,friends,sacred_atmosphere,positive,0.9,one of the best Shiva Temples,5
R01457,2017,friends,facility,positive,0.8,very systematic,5
R01457,2017,friends,service,positive,0.85,paid through shrine bank that gave us satisfaction,5
R02031,2018,solo,cultural_sensitivity,neutral,0.5,Photography not allowed inside temple premises,5
R02031,2018,solo,sacred_atmosphere,positive,0.8,architecture is best,5
R02031,2018,solo,spiritual_authenticity,positive,0.7,Many devotees and tourist visited the temple,5
R00585,2014,couples,sacred_atmosphere,positive,0.9,one of the most sacred Hindu shrines in the world,5
R00585,2014,couples,spiritual_authenticity,positive,0.85,"sacred linga, or phallic symbol, of Lord Shiva",5
R00168,2012,couples,ritual_experience,positive,0.8,"witness the cremation, it is eye opening",4
R00168,2012,couples,cultural_sensitivity,neutral,0.5,only open to devotees,4
R00168,2012,couples,sacred_atmosphere,positive,0.7,take beautiful pictures from across the hill,4
R01344,2016,couples,environment,negative,0.2,Very filthy place,3
R01344,2016,couples,facility,negative,0.3,guides in the temple who start telling you about its history even if you haven't hired them,3
R01344,2016,couples,service,negative,0.3,started asking for money in the name of God,3
R01637,2017,friends,environment,negative,0.2,utterly filthy with rotten flowers and stench everywhere,3
R01637,2017,friends,ritual_experience,negative,0.3,avoid all the rituals and drama,3
R01637,2017,friends,sacred_atmosphere,neutral,0.5,temple is supposed to be very powerful,3
R02228,2019,friends,sacred_atmosphere,negative,0.3,quite sad moments,5
R00255,2013,family,spiritual_authenticity,positive,0.85,found the whole thing absolutely facinating,5
R00255,2013,family,facility,negative,0.4,not negotiating a fee in advance,5
R00255,2013,family,environment,negative,0.3,the river is filthy,5
R00255,2013,family,cultural_sensitivity,neutral,0.5,respect their beliefs in the River and God(s),5
R00882,2015,family,environment,negative,0.3,beware the monkeys! :they are not nice and will steal things,5
R00882,2015,family,cultural_sensitivity,negative,0.4,fake religios people,5
R00882,2015,family,ritual_experience,positive,0.8,truly amazing to experience this place,5
R00882,2015,family,sacred_atmosphere,positive,0.7,truly amazing to experience this place,5
R01629,2017,friends,crowd_management,negative,0.3,its crowdy,5
R01629,2017,friends,spiritual_authenticity,positive,0.7,I am happy to see the way they celebrate,5
R02051,2018,friends,sacred_atmosphere,positive,0.8,most revered SHIV temple,4
R01530,2017,solo,crowd_management,negative,0.3,packed with pilgrims and difficult to enter,3
R01530,2017,solo,sacred_atmosphere,positive,0.7,Very beautiful though,3
R00345,2013,solo,access_fairness,negative,0.3,you pay too much to see the temple,3
R00345,2013,solo,cultural_sensitivity,neutral,0.5,it is allow for hindus only,3
R01966,2018,solo,ritual_experience,positive,0.8,Highly recommend going for aarti at 6:30pm,5
R01966,2018,solo,cultural_sensitivity,neutral,0.5,Non Hindus can't go in the main temple but there is much to see besides that,5
R01966,2018,solo,sacred_atmosphere,positive,0.7,bodies prepared for cremation was very moving and important,5
R01561,2017,friends,spiritual_authenticity,positive,0.8,What a window to an amazing culture,5
R00871,2015,friends,sacred_atmosphere,positive,0.8,The complex is huge and clean unlike other religious places,3
R00871,2015,friends,cultural_sensitivity,neutral,0.5,photography is prohibited beyond the entry gate of main temple,3
R00067,2012,solo,sacred_atmosphere,positive,0.7,Good for a days' excursion,5
R00973,2015,solo,environment,negative,0.3,terribly polluted,5
R00973,2015,solo,cultural_sensitivity,neutral,0.5,open to the Hindu only,5
R00973,2015,solo,sacred_atmosphere,positive,0.8,kaleidoscope of activity - a must see,5
R00973,2015,solo,spiritual_authenticity,positive,0.7,close the Nepali people are to the rhythms and cycles of life,5
R00052,2011,unknown,sacred_atmosphere,positive,0.8,"liked the architecture, the religious fervour, the aura of lord shiva",4
R00052,2011,unknown,environment,negative,0.3,Did not like the fact that it is not kept clean,4
R02204,2019,friends,access_fairness,negative,0.3,pay 1000 roupies to enter,3
R02204,2019,friends,sacred_atmosphere,negative,0.2,the place there isn't something special to see,3
R00138,2012,family,facility,positive,0.7,being managed very well,5
R00138,2012,family,cultural_sensitivity,negative,0.4,local pandits are bit of trouble,5
R00138,2012,family,sacred_atmosphere,positive,0.8,unique feature of the place,5
R00138,2012,family,spiritual_authenticity,positive,0.9,witness all types of Hindu saints,5
R01068,2016,friends,access_fairness,negative,0.3,"Rs.1,000 fee to enter the grounds is quite steep",3
R01068,2016,friends,cultural_sensitivity,negative,0.4,feels a bit voyeuristic,3
R01068,2016,friends,sacred_atmosphere,negative,0.3,didn't really enjoy my visit,3
R01068,2016,friends,crowd_management,negative,0.3,tourist predators,3
R01524,2017,unknown,ritual_experience,positive,0.8,A great experience to see Hindu practices,5
R01524,2017,unknown,sacred_atmosphere,positive,0.85,The temple itself was beautiful and very unique,5
R01994,2018,friends,sacred_atmosphere,positive,0.8,a place of quiet contemplation,5
R01994,2018,friends,cultural_sensitivity,neutral,0.5,sounds quite macabre and a bit voyeuristic but it was actually very touching,5
R01994,2018,friends,access_fairness,positive,0.7,costs 1000 NPR to enter the site and it s worth going,5
R02000,2018,solo,cultural_sensitivity,neutral,0.5,Only Hindus allowed inside the temple,4
R02000,2018,solo,sacred_atmosphere,positive,0.7,considered holy,4
R00106,2012,friends,access_fairness,negative,0.3,impressed by the 1000rs entrance fee... expecting at least a whimsical sign of care,2
R00106,2012,friends,environment,negative,0.2,"trash everywhere, dead or dying trees, temples in various states of disrepair",2
R00106,2012,friends,facility,negative,0.3,nearly complete lack of food or drink,2
R00106,2012,friends,sacred_atmosphere,negative,0.4,"views of what was once a river (now a trickle, lined with garbage and animals)",2
R01067,2016,couples,spiritual_authenticity,positive,0.7,deep spiritual connection,2
R01067,2016,couples,facility,negative,0.3,guides are very pushy,2
R01067,2016,couples,service,negative,0.2,demand a lot of money and make you feel very uncomfortable,2
R01067,2016,couples,cultural_sensitivity,negative,0.3,force you to pose with temple men and charge,2
R00505,2014,family,environment,negative,0.3,it is pretty dirty,3
R00505,2014,family,sacred_atmosphere,positive,0.7,very interesting to see,3
R00227,2012,family,ritual_experience,positive,0.8,insight into the death Hindu rituals,5
R00227,2012,family,spiritual_authenticity,positive,0.7,mini-version of what you can see on the banks of the Ganges,5
R00227,2012,family,sacred_atmosphere,positive,0.7,everything is up close and easily viewed,5
R00227,2012,family,facility,neutral,0.5,some explanations would be good,5
R00192,2012,family,service,positive,0.9,"our excllent guide, Mr Kumoda",5
R00192,2012,family,environment,negative,0.3,The Bagmati river is just filthy with trash,5
R00192,2012,family,access_fairness,neutral,0.5,"Not being Hindu, we could not enter the shrine",5
R00192,2012,family,sacred_atmosphere,positive,0.7,the visit was impressive,5
R01537,2017,friends,cultural_sensitivity,positive,0.7,only Hindus are allowed in the temple itself,5
R01537,2017,friends,sacred_atmosphere,positive,0.8,"sacred river, next to which there were open air cremations",5
R01537,2017,friends,ritual_experience,positive,0.9,families bringing their loved ones to the river to wash their feet,5
R01967,2018,family,sacred_atmosphere,positive,0.8,A very peaceful place,5
R01967,2018,family,environment,neutral,0.5,monkeys jumping all over and around them,5
R01967,2018,family,ritual_experience,positive,0.7,be a part of the aarti,5
R02035,2018,couples,ritual_experience,positive,0.8,respectful viewing area to watch cremation ceremonies,5
R02035,2018,couples,sacred_atmosphere,positive,0.7,rows of stupas that are quite pretty,5
R02035,2018,couples,facility,positive,0.6,you may wish to get a guide,5
R00063,2011,solo,sacred_atmosphere,positive,0.85,All the sights are fantastic,5
R00063,2011,solo,access_fairness,positive,0.7,Affordable entry,5
R00063,2011,solo,facility,positive,0.7,Well kept,5
R00063,2011,solo,access_fairness,positive,0.6,at 500 NPR it is worth the money,5
R01652,2017,unknown,sacred_atmosphere,positive,0.8,experience this holy temple,5
R01652,2017,unknown,spiritual_authenticity,positive,0.85,I loved it,5
R02365,2020,unknown,cultural_sensitivity,neutral,0.5,can't enter the actual temple if you're not Hindu,5
R02365,2020,unknown,sacred_atmosphere,positive,0.7,beautiful old structure,5
R02365,2020,unknown,spiritual_authenticity,positive,0.6,see some of the beauty inside,5
R01333,2016,friends,spiritual_authenticity,positive,0.7,famous place to know about the Hindu culture,5
R01631,2017,couples,sacred_atmosphere,positive,0.9,amazing lord shiv temple,4
R01631,2017,couples,crowd_management,negative,0.3,weekends crowd will be very high,4
R01631,2017,couples,ritual_experience,positive,0.8,evening grand prayers done traditional way,4
R00110,2012,couples,ritual_experience,positive,0.9,this was an incredible experience,5
R02183,2019,family,spiritual_authenticity,positive,0.9,very holy,3
R02183,2019,family,facility,positive,0.8,well maintained,3
R02164,2019,solo,access_fairness,negative,0.3,very expensive entry ticket of 1000 rupees,3
R02164,2019,solo,cultural_sensitivity,negative,0.4,main temple is not allowed for non Hindus,3
R02164,2019,solo,sacred_atmosphere,positive,0.7,"enjoy the stroll, atmosphere and views from the other side of the river",3
R01073,2016,solo,access_fairness,negative,0.3,certainly not 1000Npr worth,2
R01073,2016,solo,cultural_sensitivity,neutral,0.5,nobody minded in the slightest,2
R01073,2016,solo,ritual_experience,positive,0.7,"it was fascinating, very",2
R00518,2014,friends,crowd_management,positive,0.7,managed well now,4
R00518,2014,friends,ritual_experience,positive,0.8,take the darshan from four doors easily,4
R01873,2018,friends,ritual_experience,positive,0.7,really interesting hindu temple,4
R01531,2017,friends,ritual_experience,positive,0.7,Poojas conducted well,5
R01531,2017,friends,sacred_atmosphere,positive,0.6,Had a nice dharshan,5
R01531,2017,friends,crowd_management,negative,0.3,Crowded,5
R01945,2018,family,ritual_experience,positive,0.8,The Arti in the evenings is a delight to watch,5
R01082,2016,solo,access_fairness,negative,0.3,"Entrance fee is 1000 NPR, that's nonsense",5
R01082,2016,solo,cultural_sensitivity,negative,0.4,non-Hindus cannot enter,5
R02063,2018,solo,cultural_sensitivity,positive,0.8,it is the temple only for Hindu but for all beings,5
R01391,2017,family,spiritual_authenticity,positive,0.9,It is a very spiritual place,5
R01391,2017,family,cultural_sensitivity,neutral,0.5,Non Hindus can't access some of the areas,5
R01391,2017,family,sacred_atmosphere,positive,0.85,It is an experience I will never forget,5
R00657,2014,friends,sacred_atmosphere,positive,0.7,nice place to see the crazyness of the ancient culture,4
R00657,2014,friends,environment,neutral,0.5,lots of monkeys. Be aware!!,4
R01137,2016,couples,cultural_sensitivity,neutral,0.5,when not hindu you cannot visit the temple,4
R01137,2016,couples,sacred_atmosphere,positive,0.7,walk around and enjoy the holymen,4
R01137,2016,couples,spiritual_authenticity,positive,0.6,reflection of Hindu and Nepal culture,4
R00183,2012,friends,access_fairness,negative,0.3,Temple was off limits unless you are Hindu,3
R00183,2012,friends,environment,negative,0.4,"monkeys were interesting, but scary",3
R00183,2012,friends,sacred_atmosphere,negative,0.3,couldn't even see but a small portion of the actual temple,3
R02282,2019,unknown,access_fairness,neutral,0.5,Only Hindus are allowed in here,3
R02282,2019,unknown,facility,negative,0.3,guides who will approach them and start describing the place as if the service is within the ticket money & then demand for a higher fee,3
R02282,2019,unknown,sacred_atmosphere,positive,0.7,It is a worthy visit to make,3
R01146,2016,unknown,cultural_sensitivity,neutral,0.5,Non Hindus are not allowed,5
R01146,2016,unknown,spiritual_authenticity,positive,0.8,seek blessings of Lord Shiva at this place,5
R01146,2016,unknown,sacred_atmosphere,positive,0.7,A great temple and place of worship,5
R01499,2017,unknown,spiritual_authenticity,positive,0.9,place to transform your life physically and spiritually,5
R01499,2017,unknown,sacred_atmosphere,positive,0.85,Pashupati nath bless you all,5
R00309,2013,friends,access_fairness,negative,0.3,I could not see the temple inside,3
R00309,2013,friends,general_sentiment,positive,0.6,it was an interesting experience,3
R01686,2017,friends,spiritual_authenticity,positive,0.85,fabulous insight into this most religious of Hindu sights,5
R01103,2016,friends,spiritual_authenticity,positive,0.7,holy temple in our Hindu community,5
R02191,2019,friends,access_fairness,neutral,0.5,fee 1000 rp,5
R02191,2019,friends,facility,positive,0.7,local guide,5
R02191,2019,friends,ritual_experience,positive,0.8,unique experience from local culture,5
R02191,2019,friends,sacred_atmosphere,positive,0.9,This place is must see,5
R00203,2012,solo,ritual_experience,positive,0.7,mesmerizing to watch a funeral,5
R00203,2012,solo,environment,negative,0.3,dirty sorry excuse of a river,5
R00203,2012,solo,crowd_management,negative,0.4,monkeys freaked me out,5
R00203,2012,solo,cultural_sensitivity,negative,0.3,fake holy men wanting you to take pictures for money,5
R01664,2017,couples,ritual_experience,positive,0.8,fascinating to see rituals,5
R01664,2017,couples,sacred_atmosphere,positive,0.85,amazing what you witness,5
R01664,2017,couples,facility,negative,0.3,cough up 2000NPR per person just for the guide,5
R01664,2017,couples,cultural_sensitivity,negative,0.4,1000NPR entry fee for foreigners,5
R01969,2018,couples,facility,positive,0.8,temple premises are clean,5
R01969,2018,couples,ritual_experience,positive,0.9,pooja conducted by 3-4 pandits was very religious,5
R01969,2018,couples,crowd_management,positive,0.85,no short cuts or line breaking by the pilgrims,5
R01969,2018,couples,sacred_atmosphere,positive,0.9,Our experience was very divine,5
R01184,2016,business,facility,positive,0.7,it is clean,4
R01184,2016,business,cultural_sensitivity,neutral,0.5,inner sanctum is only for Hindus,4
R01184,2016,business,sacred_atmosphere,positive,0.6,really old architecture structures,4
R00259,2013,family,crowd_management,negative,0.3,always heavy rush,5
R00259,2013,family,spiritual_authenticity,positive,0.8,blessed are the ones who get opportunity to visit,5
R02006,2018,solo,facility,negative,0.3,staff were not interested in selling them,3
R02006,2018,solo,service,negative,0.4,no ATM or electronic transfer facility,3
R02006,2018,solo,ritual_experience,neutral,0.5,no pooja in the evenings other than aarathi at the river,3
R02006,2018,solo,environment,positive,0.7,temple is cleaner this time than last year,3
R00219,2012,couples,ritual_experience,positive,0.8,Was very interesting to see their method of performing the Last rites,4
R00219,2012,couples,cultural_sensitivity,negative,0.3,temple authorities were biased towards foreigners,4
R00690,2014,friends,ritual_experience,negative,0.3,"Family of the deceased were crying, deceased was being cremated",1
R00690,2014,friends,cultural_sensitivity,negative,0.2,tourist stood by the side for photos,1
R01134,2016,friends,sacred_atmosphere,neutral,0.5,Very un beautiful temple,5
R01134,2016,friends,spiritual_authenticity,positive,0.7,reflection of Nepal culture,5
R01134,2016,friends,facility,negative,0.3,Avoid the en guides,5
R01134,2016,friends,crowd_management,negative,0.4,it will be crowded,5
R01656,2017,couples,ritual_experience,positive,0.8,one of the most important parts of our visit,5
R01656,2017,couples,spiritual_authenticity,positive,0.85,beautiful to see another culture's handling of this inevitable part of life,5
R01656,2017,couples,cultural_sensitivity,negative,0.4,felt intrusive to witness what we saw here,5
R00531,2014,solo,access_fairness,negative,0.3,Pay 1000 rupees each was to expensive,1
R00531,2014,solo,facility,negative,0.3,that man who follow us was a guide (he didn't ask or introduce himself),1
R00531,2014,solo,cultural_sensitivity,neutral,0.5,places that cannot take pictures,1
R00531,2014,solo,service,negative,0.3,asking 2000 rupees just to 'guide' us,1
R02189,2019,couples,access_fairness,negative,0.3,only open to Hindu,4
R01766,2017,family,sacred_atmosphere,positive,0.9,spiritual environment creates positive vibes,5
R01766,2017,family,ritual_experience,positive,0.85,watching Ganga Arati,5
R01300,2016,couples,ritual_experience,positive,0.7,Very interesting to learn of cremation philosophy and ritual,5
R01300,2016,couples,access_fairness,positive,0.8,Was happy to hear that the entrance fee went to social assistance,5
R00293,2013,business,sacred_atmosphere,positive,0.9,enjoy the calmness and can avoid the crowd,4
R00293,2013,business,spiritual_authenticity,positive,0.85,sense of spirituality and religious divine of the temple,4
R02479,2024,solo,access_fairness,negative,0.3,tried to get me to pay 1800 rupees for a ticket instead of the actual fee of 1000 rupees,4
R02479,2024,solo,sacred_atmosphere,positive,0.7,site itself is impressive and atmospheric,4
R02479,2024,solo,facility,negative,0.4,people in the ticket office tried to get me to pay 1800 rupees,4
R02309,2019,unknown,ritual_experience,positive,0.8,cremations are carried out with care and love,5
R02309,2019,unknown,spiritual_authenticity,positive,0.85,celebration of life makes this a must see place,5
R00393,2013,business,spiritual_authenticity,negative,0.3,Made me doubt their authenticity,2
R00393,2013,business,sacred_atmosphere,negative,0.4,Trying to turn a temple into Disneyland,2
R00393,2013,business,environment,negative,0.3,not very impressive,2
R02147,2019,solo,cultural_sensitivity,neutral,0.5,only Hindus can enter the main temple,4
R02147,2019,solo,environment,positive,0.7,it's an enlightening place,4
R02147,2019,solo,ritual_experience,neutral,0.5,The cremation of people is sobering,4
R02147,2019,solo,facility,positive,0.8,he was knowledgeable and nice,4
R01722,2017,family,sacred_atmosphere,positive,0.9,divine peace and serenity everywhere,5
R01722,2017,family,spiritual_authenticity,positive,0.85,idol of lord Shiva. I was eye struck to see the beauty of Idol,5
R01722,2017,family,environment,positive,0.9,architectural masterpiece,5
R01511,2017,couples,sacred_atmosphere,positive,0.9,This amazing heritage is a Hindu marvel,5
R01511,2017,couples,environment,positive,0.7,Bagmati is cleaner than it was,5
R01511,2017,couples,cultural_sensitivity,neutral,0.5,entry is restricted,5
R01511,2017,couples,ritual_experience,positive,0.8,evening aarati...is a delight,5
R00226,2012,couples,ritual_experience,positive,0.8,observe the cremations and ceremonies,5
R00226,2012,couples,spiritual_authenticity,positive,0.85,immerse yourself Hindu Culture,5
R02413,2022,unknown,ritual_experience,positive,0.8,darshan mesmerizes one,5
R02413,2022,unknown,facility,positive,0.7,easily accessible,5
R02413,2022,unknown,environment,positive,0.7,it was very clean,5
R00353,2013,family,ritual_experience,positive,0.8,pujas that are conducted here are full of rituals,4
R00353,2013,family,sacred_atmosphere,neutral,0.5,it is said sins are absolved after a visit,4
R00353,2013,family,cultural_sensitivity,neutral,0.5,only hindus are allowed into the premises,4
R00353,2013,family,environment,negative,0.3,it has not much scenic beauty,4
R00453,2013,family,spiritual_authenticity,positive,0.9,No where one can have a peace like this place,5
R00453,2013,family,sacred_atmosphere,positive,0.85,it's a must to go place,5
R01552,2017,couples,environment,negative,0.3,hardly anything is done to keep it neat and clean,3
R01552,2017,couples,cultural_sensitivity,neutral,0.5,we were suppose to remover our shoes,3
R01552,2017,couples,sacred_atmosphere,positive,0.6,it's a must see,3
R02045,2018,solo,sacred_atmosphere,positive,0.8,unique experience,4
R00692,2014,family,sacred_atmosphere,positive,0.8,Grand temple with spacious premises,4
R00692,2014,family,environment,positive,0.7,enough to explore around,4
R02193,2019,solo,cultural_sensitivity,neutral,0.5,"If you are not Hindu or a Buddhist, you can't go in",5
R02193,2019,solo,spiritual_authenticity,positive,0.7,feel how important the place is,5
R00489,2014,friends,facility,positive,0.7,"food and info. booths, amusement rides",5
R00489,2014,friends,cultural_sensitivity,negative,0.3,Foreigners not allowed in the temple itself,5
R00489,2014,friends,crowd_management,negative,0.4,immense throngs waiting on line from 3 AM,5
R00489,2014,friends,ritual_experience,positive,0.8,"river with cremations, ash-smeared naked saddhus",5
R01406,2017,solo,access_fairness,negative,0.2,Non-Hindus are not permitted in most parts,2
R01406,2017,solo,cultural_sensitivity,negative,0.3,even western-Hindus are not permitted,2
R01406,2017,solo,facility,negative,0.3,"without clear signage, expect to walk beyond the boundaries",2
R01406,2017,solo,environment,negative,0.2,tailed by several beggars,2
R02387,2020,unknown,facility,positive,0.7,guide services to be worth the rupees spent,4
R02387,2020,unknown,cultural_sensitivity,neutral,0.5,"Western tourists, we were definitely in the minority",4
R02387,2020,unknown,ritual_experience,positive,0.8,we found it fascinating as it is completely different,4
R02387,2020,unknown,access_fairness,neutral,0.5,purchase an admission ticket,4
R01947,2018,family,ritual_experience,negative,0.3,A sad but surprise place watching how Hindu's are cremating,5
R01947,2018,family,sacred_atmosphere,positive,0.7,the scenery are great,5
R01947,2018,family,service,positive,0.9,excellent Tourist Guide Ammar Raj Guni,5
R01947,2018,family,spiritual_authenticity,positive,0.8,explain us alot about Hinduism,5
R01571,2017,unknown,sacred_atmosphere,positive,0.8,historically very interesting temple,5
R01571,2017,unknown,spiritual_authenticity,positive,0.8,enjoy the ancientness of the place,5
R01306,2016,solo,cultural_sensitivity,neutral,0.5,closed to non Hindus,4
R01306,2016,solo,facility,neutral,0.5,Fee to enter this complex is Rp 1000,4
R01306,2016,solo,environment,negative,0.3,a million monkeys along the river bank,4
R01306,2016,solo,sacred_atmosphere,positive,0.7,a lot of action there with all of the cremations,4
R01776,2018,family,cultural_sensitivity,positive,0.7,gave me depth in understanding their unique culture,5
R01776,2018,family,access_fairness,neutral,0.5,Visitors need to pay 1000 rupees to enter,5
R00060,2011,friends,cultural_sensitivity,neutral,0.5,Hindus only have entry into the main Shiva temple,5
R00060,2011,friends,sacred_atmosphere,positive,0.8,Very moving to see the preparations for the cremations,5
R00060,2011,friends,environment,positive,0.7,"Many small temples, lots of photo opportunities",5
R00060,2011,friends,crowd_management,neutral,0.5,Sometimes very crowded with Hindus on pilgrimage,5
R00071,2012,friends,cultural_sensitivity,neutral,0.5,do not allow us to enter,5
R00071,2012,friends,ritual_experience,positive,0.7,nice to explore Hindu culture,5
R00071,2012,friends,sacred_atmosphere,negative,0.3,scarred to see the death people and to see directly they burning them,5
R01421,2017,solo,sacred_atmosphere,positive,0.8,Temple was safe due to Lord Shiva power,4
R00266,2013,couples,sacred_atmosphere,neutral,0.5,watched the preparation for a cremation and then the full ceremony,4
R00475,2014,solo,sacred_atmosphere,positive,0.8,The Temple complex itself is quite beautiful,4
R00475,2014,solo,cultural_sensitivity,neutral,0.5,non-Hindus cannot enter the main temple,4
R00475,2014,solo,ritual_experience,positive,0.7,interesting cultural experience,4
R00475,2014,solo,facility,positive,0.6,recommend taking a guide,4
R01385,2017,friends,access_fairness,negative,0.3,restricted to Hindus only,4
R01385,2017,friends,environment,negative,0.3,could be better maintained and kept cleaner,4
R02423,2022,solo,sacred_atmosphere,positive,0.85,Beautiful temple and must visit,5
R02423,2022,solo,crowd_management,negative,0.4,starts getting crowded,5
R01773,2017,family,sacred_atmosphere,positive,0.8,you can see why when you get there,4
R00564,2014,solo,sacred_atmosphere,positive,0.8,Lovely place with different Activities of Hindu,5
R01349,2016,friends,sacred_atmosphere,positive,0.9,sense of peace and tranquility,5
R01349,2016,friends,spiritual_authenticity,positive,0.85,Mother Teresa used to served,5
R00972,2015,solo,spiritual_authenticity,positive,0.9,Truly blessed after darshan of Lord Shiva,5
R00972,2015,solo,sacred_atmosphere,positive,0.85,Pashupatinath temple is must visit for hindu divotees,5
R02088,2018,unknown,sacred_atmosphere,positive,0.8,The architecture is splendid,4
R02088,2018,unknown,environment,negative,0.3,earthquake has caused widespread damage,4
R02088,2018,unknown,spiritual_authenticity,neutral,0.5,narrow and muddy river Bagmati flows next to the temple complex,4
R01477,2017,couples,spiritual_authenticity,positive,0.8,great culture of Hindu people,5
R01477,2017,couples,sacred_atmosphere,positive,0.7,so religious place,5
R02351,2020,couples,sacred_atmosphere,positive,0.9,one of the best temples that I have seen in my life,5
R02351,2020,couples,spiritual_authenticity,positive,0.85,awe inspiring 30ft by 12 ft,5
R02351,2020,couples,cultural_sensitivity,positive,0.8,Photography is strictly strictly prohibited,5
R02351,2020,couples,crowd_management,neutral,0.5,pushing and hand holding done by the Nepal police,5
R01694,2017,unknown,cultural_sensitivity,neutral,0.5,watching or taking photos was considered fine,5
R01694,2017,unknown,spiritual_authenticity,positive,0.7,pondered the meaning of life and death,5
R01694,2017,unknown,sacred_atmosphere,positive,0.8,"truly crazy and unique, in a good way",5
R00811,2015,friends,sacred_atmosphere,positive,0.8,nicely made temple with good space,5
R00811,2015,friends,facility,positive,0.8,neat and clean,5
R00985,2015,solo,sacred_atmosphere,positive,0.8,one magnetic aura I felt,5
R00985,2015,solo,crowd_management,negative,0.3,I felt a bit crowded,5
R01856,2018,couples,sacred_atmosphere,negative,0.3,shame people choose to try to make money this way at a holy site,2
R01856,2018,couples,cultural_sensitivity,neutral,0.5,only allowed inside if you are a Hindu,2
R01856,2018,couples,facility,negative,0.4,pestering us for money,2
R01856,2018,couples,environment,neutral,0.5,Lots of monkeys around,2
R01533,2017,solo,sacred_atmosphere,positive,0.8,A very good temple with great nepali architecture,5
R01533,2017,solo,spiritual_authenticity,positive,0.9,A must visit place and people who wish to complete their 12jyothirlinga yatra / char dham yatra should visit it,5
R00731,2014,couples,service,negative,0.3,guides there are not very attentive,4
R00731,2014,couples,spiritual_authenticity,positive,0.8,place definitely has lot of good energy and power,4
R00731,2014,couples,crowd_management,positive,0.7,entry and exit was well managed,4
R00100,2012,friends,access_fairness,negative,0.3,entrance fee was expensive,3
R00100,2012,friends,service,negative,0.4,man at the entrance would guide you innocently and ask for a USD20 tip,3
R00100,2012,friends,cultural_sensitivity,negative,0.3,sadhus constantly smoke weed and pose for tourist shots and demand 'picture rupees',3
R00100,2012,friends,spiritual_authenticity,positive,0.7,A truly eye opening experience,3
R00231,2012,couples,environment,negative,0.3,"grounds are littered with trash, burning waste",4
R00231,2012,couples,ritual_experience,neutral,0.5,witness cremations happening right in front of you,4
R00231,2012,couples,facility,positive,0.7,hired one of the numerous guides to tell us about the temple,4
R00231,2012,couples,cultural_sensitivity,positive,0.8,"out of respect, we took very few photos",4
R01979,2018,business,sacred_atmosphere,positive,0.8,A grand temple dedicated to the Almighty Shiva,3
R01979,2018,business,facility,negative,0.3,The upkeep of the temple needs attention,3
R00223,2012,family,facility,negative,0.3,avoid the guides,4
R00223,2012,family,cultural_sensitivity,neutral,0.5,be discrete with your camera,4
R00223,2012,family,sacred_atmosphere,positive,0.8,"sense the atmosphere, its very powerful",4
R01351,2016,solo,sacred_atmosphere,positive,0.8,A must see attraction,4
R00769,2015,business,sacred_atmosphere,positive,0.8,A place where u can really enlighten your soul,5
R00769,2015,business,environment,negative,0.3,one thing I dislike lots of beggars around and poverty,5
R00669,2014,couples,access_fairness,negative,0.3,pay for the restoration of this temple complex as least I should be able to take a look,3
R00669,2014,couples,cultural_sensitivity,negative,0.4,only Hindus could enter the temples,3
R00669,2014,couples,facility,negative,0.4,language problem at the gate,3
R00669,2014,couples,sacred_atmosphere,positive,0.6,nice place to wander about inside and outside the gates,3
R01828,2018,solo,crowd_management,negative,0.3,very crowded,5
R01828,2018,solo,environment,negative,0.3,not to clean,5
R01828,2018,solo,facility,negative,0.4,Not very organised,5
R01165,2016,solo,spiritual_authenticity,positive,0.9,immense religious and spiritual value,5
R01165,2016,solo,facility,positive,0.7,lot of improvements have been done,5
R00303,2013,couples,access_fairness,negative,0.3,enormous entrance fee,3
R00303,2013,couples,facility,negative,0.4,dodgy tour guides,3
R00303,2013,couples,environment,positive,0.7,nice park,3
R01484,2017,unknown,sacred_atmosphere,positive,0.8,setting your mind at peace,4
R01484,2017,unknown,spiritual_authenticity,positive,0.7,different from the typical ones,4
R01520,2017,couples,sacred_atmosphere,positive,0.9,The atmosphere is very serene,5
R01520,2017,couples,spiritual_authenticity,positive,0.85,unique presence of Lord Shiva,5
R01520,2017,couples,environment,positive,0.8,closest to Himalya makes this Shivling very special,5
R02488,2025,friends,spiritual_authenticity,positive,0.9,Hindu culture is amazing,4
R02488,2025,friends,sacred_atmosphere,positive,0.85,The place was amazing,4
R00051,2011,couples,spiritual_authenticity,positive,0.9,found this place very moving and spiritual,5
R00648,2014,unknown,sacred_atmosphere,positive,0.8,great hindu architecture,4
R00648,2014,unknown,ritual_experience,positive,0.7,a cremation ceremony,4
R00648,2014,unknown,access_fairness,negative,0.3,"The entrance fee is $10, expensive compared to other sites",4
R01592,2017,friends,access_fairness,negative,0.3,charge the tourist a high entrance fee in a rather aggressive way,4
R01592,2017,friends,sacred_atmosphere,positive,0.8,a very beautiful temple area uphill,4
R01505,2017,solo,sacred_atmosphere,positive,0.7,better to go in the morning and evening,5
R01858,2018,family,environment,negative,0.3,pollution you the wear the mask due to dust,4
R01858,2018,family,sacred_atmosphere,positive,0.7,overall experience was very nice I want to go again,4
R00511,2014,friends,cultural_sensitivity,neutral,0.5,for non-Hindus that is,4
R00511,2014,friends,environment,negative,0.3,the smoke will find you at some point,4
R00511,2014,friends,facility,neutral,0.5,clarify a price before they lead you anywhere,4
R00511,2014,friends,sacred_atmosphere,positive,0.7,"walked around the market, very colorful",4
R02265,2019,unknown,sacred_atmosphere,positive,0.9,one of the most impressive temple I ve visite before,5
R00394,2013,friends,sacred_atmosphere,positive,0.8,"a peaceful place, yet one full of life, mystery",5
R00394,2013,friends,cultural_sensitivity,neutral,0.5,non Hindus cannot go into the temple at the centre of the complex,5
R00394,2013,friends,spiritual_authenticity,positive,0.9,evidence of a rich culture,5
R02123,2019,friends,ritual_experience,positive,0.9,Arti at might was awesonme,5
R02123,2019,friends,spiritual_authenticity,positive,0.85,Best place for make you feel relief,5
R02123,2019,friends,sacred_atmosphere,positive,0.8,Epic place,5
R01595,2017,couples,access_fairness,negative,0.3,Entrance fee is NP1000 per person,5
R01595,2017,couples,facility,negative,0.4,fake tourist guide,5
R01595,2017,couples,ritual_experience,positive,0.7,high chances to see the ritual from the beginning to the end,5
R01595,2017,couples,cultural_sensitivity,negative,0.3,Sadhus ask for unreasonable token,5
R01759,2017,friends,ritual_experience,positive,0.7,a truly unique experience,5
R01759,2017,friends,cultural_sensitivity,neutral,0.5,temple is only for Hindus,5
R00277,2013,solo,cultural_sensitivity,negative,0.3,you cannot enter a hindu temple unless you are a hindu,3
R00277,2013,solo,ritual_experience,negative,0.4,witness a live cremation!!!! Something I found upsetting,3
R00043,2011,friends,sacred_atmosphere,positive,0.9,feel so relaxed once you enter the shrine,5
R02208,2019,family,facility,positive,0.7,"Only Queue system, short Qs, good dharsham",4
R02208,2019,family,ritual_experience,positive,0.8,Special poojas performed by Pundits,4
R02208,2019,family,sacred_atmosphere,positive,0.85,Daily Bhajans behind the temple in the Mornings & Aarthi on the banks of Bagmathi river,4
R00005,2025,solo,facility,negative,0.2,cheap and racist mentality of security armed guards,1
R00005,2025,solo,access_fairness,negative,0.3,if your not Hindu they won't let you in the main temple,1
R00005,2025,solo,cultural_sensitivity,negative,0.2,"this is Nepal, many times and that I need to remember that",1
R00005,2025,solo,sacred_atmosphere,negative,0.3,disgusting behaviour inside main temple,1
R00150,2012,unknown,crowd_management,negative,0.3,Too crowded,3
R00150,2012,unknown,environment,negative,0.4,somewhat dirty,3
R00150,2012,unknown,cultural_sensitivity,negative,0.3,only Hindus are allowed,3
R00367,2013,family,cultural_sensitivity,neutral,0.5,non-Hindus are not allowed but they can have a glimpse from the other side of the river,5
R00367,2013,family,sacred_atmosphere,positive,0.8,wonderful structure and unique place to visit,5
R00367,2013,family,environment,positive,0.7,"nice, cool and sprawling",5
R01439,2017,solo,sacred_atmosphere,positive,0.9,very best place to visit,5
R00553,2014,friends,crowd_management,negative,0.3,It was so unorganized,4
R00553,2014,friends,spiritual_authenticity,negative,0.4,serious doubts as to whether we were at a holy place,4
R01712,2017,friends,sacred_atmosphere,positive,0.8,MUST see if you really want to get a better understanding of Nepali live and death,5
R01712,2017,friends,crowd_management,negative,0.3,Too many hawkers,5
R02446,2023,friends,sacred_atmosphere,positive,0.8,Wonderful group of temples,4
R02446,2023,friends,spiritual_authenticity,positive,0.7,a lot of mythology around it,4
R02446,2023,friends,facility,positive,0.6,hire a guide,4
R00977,2015,friends,spiritual_authenticity,positive,0.7,feel of Indian Hindu tradition,4
R02378,2020,friends,sacred_atmosphere,positive,0.8,very special holy place for locals,5
R02378,2020,friends,cultural_sensitivity,neutral,0.5,Some Sadhus might allow you to take pictures for a little donation,5
R02378,2020,friends,environment,neutral,0.5,architectural complexes are under reconstruction,5
R01225,2016,couples,ritual_experience,positive,0.7,interesting photo opportunities,4
R01225,2016,couples,sacred_atmosphere,neutral,0.5,view of the Hindu custom of cremation,4
R02391,2020,unknown,facility,negative,0.3,Car parking is vast but dirty,4
R02391,2020,unknown,access_fairness,positive,0.7,There is no fee for entrance to the temple,4
R00336,2013,solo,ritual_experience,positive,0.7,great experience but not for soft hearts,5
R01145,2016,friends,facility,neutral,0.5,support staff present in large numbers,4
R01145,2016,friends,environment,negative,0.3,needs more cleaning,4
R01145,2016,friends,sacred_atmosphere,positive,0.7,must visit place for all Hindus,4
R01145,2016,friends,crowd_management,positive,0.6,guards control the crowd,4
R02349,2019,friends,spiritual_authenticity,positive,0.9,most Holiest temple,5
R00315,2013,solo,ritual_experience,positive,0.9,Highlight of my trip,5
R01485,2017,friends,sacred_atmosphere,positive,0.8,very beautiful temple,5
R00850,2015,couples,environment,neutral,0.5,earthquake has not eliminated all of these sites,4
R00850,2015,couples,spiritual_authenticity,positive,0.8,feel the soul of the nation,4
R00144,2012,family,sacred_atmosphere,positive,0.8,lifelong desire to see pasupatinanth fulfilled,5
R00144,2012,family,environment,positive,0.7,i like location,5
R02236,2019,solo,sacred_atmosphere,positive,0.8,"well worth a visit ,but not for everybody",5
R02236,2019,solo,cultural_sensitivity,neutral,0.5,some area's are for Hindu's only,5
R02236,2019,solo,environment,positive,0.7,you get the better sights of the temple area as its built higher and gives some scenic views,5
R02236,2019,solo,ritual_experience,negative,0.3,To some it can be a horrific sight but its done everyday and night,5
R00025,2026,friends,sacred_atmosphere,positive,0.7,Great Hindu style temples and structure,5
R00025,2026,friends,environment,negative,0.4,bit dirty bit unmanaged,5
R00013,2011,unknown,ritual_experience,positive,0.8,this was probably the most intriguing,5
R00013,2011,unknown,spiritual_authenticity,positive,0.85,it overwhelms your senses,5
R00013,2011,unknown,facility,positive,0.7,spring for the few rupees to have a guide explain everything,5
R00311,2013,friends,ritual_experience,positive,0.85,Incredibly serene and interesting,4
R00311,2013,friends,sacred_atmosphere,positive,0.9,sight/smells are unmatched,4
R00311,2013,friends,cultural_sensitivity,positive,0.7,more respectful,4
R00311,2013,friends,access_fairness,neutral,0.5,It will cost you $1000 rupees o get in,4
R00209,2012,friends,facility,negative,0.3,guides could have pre-alert tourists,3
R00209,2012,friends,cultural_sensitivity,neutral,0.5,"Non-Hindus, maybe Asians who are superstitious may find this to be a taboo",3
R01215,2016,friends,cultural_sensitivity,neutral,0.5,innermost part of the temple is only reserved for true Hindus,5
R01215,2016,friends,ritual_experience,positive,0.8,all the rituals are active and alive,5
R01215,2016,friends,environment,negative,0.4,crowded always,5
R01215,2016,friends,sacred_atmosphere,positive,0.7,interesting and love to observe is a lot of vendors,5
R02443,2023,couples,access_fairness,negative,0.3,Tourists are not allowed to enter the temple,4
R02443,2023,couples,environment,neutral,0.5,monkeys and livestock roam everywhere,4
R02443,2023,couples,ritual_experience,positive,0.7,Cremation takes place every day,4
R02443,2023,couples,spiritual_authenticity,positive,0.8,perfectly conveys the culture of Nepal,4
R01383,2017,couples,service,positive,0.8,right decision to let him explain everything,5
R02445,2023,couples,sacred_atmosphere,positive,0.8,Very spiritual visit,5
R02445,2023,couples,cultural_sensitivity,neutral,0.5,not a Hindu you are not allowed inside,5
R02445,2023,couples,spiritual_authenticity,positive,0.7,view from the other side of the river is still very impressive,5
R00790,2015,friends,cultural_sensitivity,negative,0.3,taking photos of cremation activity is not polite,4
R00895,2015,business,spiritual_authenticity,positive,0.8,Powerful and inspiring if you believe in almighty,5
R01236,2016,family,sacred_atmosphere,positive,0.7,very nice temple,5
R01236,2016,family,environment,negative,0.3,river is not so clean,5
R02116,2019,solo,sacred_atmosphere,positive,0.8,the atmosphere and the temple itself,5
R02116,2019,solo,facility,positive,0.7,I would recommend taking a guide,5
R02116,2019,solo,ritual_experience,positive,0.9,the cremation ritual is a strong experience,5
R02116,2019,solo,cultural_sensitivity,positive,0.8,do have respect and avoid taking pictures,5
R00545,2014,unknown,sacred_atmosphere,positive,0.9,This temple is beautiful and meaningful,5
R00545,2014,unknown,spiritual_authenticity,positive,0.85,realize the value of life,5
R00146,2012,couples,spiritual_authenticity,positive,0.8,The Sardhus are just amazing,5
R00146,2012,couples,cultural_sensitivity,neutral,0.5,for a small fee,5
R00320,2013,couples,environment,negative,0.3,hard to find that it was so dirty,3
R00320,2013,couples,sacred_atmosphere,neutral,0.5,one of the most sacred places,3
R01170,2016,family,spiritual_authenticity,positive,0.9,truly a heavenly place to be near to lord Shiva,5
R01170,2016,family,sacred_atmosphere,positive,0.85,the myth of this place is so interesting,5
R01170,2016,family,service,positive,0.8,you could get good and important information about the place,5
R01151,2016,family,sacred_atmosphere,positive,0.8,The temple is very beautiful,5
R01151,2016,family,spiritual_authenticity,positive,0.7,depicts the cultural heritage,5
R00042,2011,business,spiritual_authenticity,positive,0.8,one of the most important temples for hindu's,5
R00009,2025,friends,ritual_experience,positive,0.8,visiting it is therefore a special experience,4
R00009,2025,friends,cultural_sensitivity,neutral,0.5,very very different images to what we Europeans are accustomed to,4
R00009,2025,friends,sacred_atmosphere,positive,0.7,I recommend the visit!,4
R01540,2017,friends,facility,negative,0.3,not satisfied with the level of preservation and cleanliness,3
R01540,2017,friends,access_fairness,negative,0.4,they do charge US$10 for entry,3
R01540,2017,friends,ritual_experience,neutral,0.5,they still creamate the bodies of the dead there,3
R01540,2017,friends,cultural_sensitivity,negative,0.3,was reprimanded by someone,3
R01682,2017,friends,sacred_atmosphere,positive,0.7,surroundings were great to walk around,4
R01682,2017,friends,ritual_experience,neutral,0.5,Watching the families wash the dead was an unusual experience,4
R01104,2016,couples,spiritual_authenticity,positive,0.9,Culturally it is as authentic as it comes,5
R01104,2016,couples,facility,positive,0.7,"get a guide, as it will make all the difference",5
R01104,2016,couples,sacred_atmosphere,positive,0.85,it was perhaps one of the highlights of Nepal,5
R01894,2018,friends,access_fairness,negative,0.3,"Only Hindus are allowed in this temple, not even foreigners can enter",4
R01894,2018,friends,facility,positive,0.7,Take a guided tour so you get to know about the temple,4
R00736,2014,family,ritual_experience,positive,0.7,good Darshan of the Lord even otherwise,5
R00736,2014,family,cultural_sensitivity,neutral,0.5,Camera is not allowed in the temple premises,5
R00736,2014,family,crowd_management,negative,0.4,always the crowded booking,5
R00736,2014,family,sacred_atmosphere,positive,0.8,attractive and appealing,5
R00969,2015,unknown,sacred_atmosphere,positive,0.8,such a holy place,5
R00969,2015,unknown,crowd_management,negative,0.3,very crowded,5
R00007,2025,friends,environment,negative,0.3,bit crowded and dirty,4
R00007,2025,friends,sacred_atmosphere,positive,0.8,experience was really awesome,4
R01785,2018,family,facility,positive,0.8,features amenities for pilgrims,5
R01785,2018,family,ritual_experience,positive,0.8,darshan was swift and well managed,5
R00851,2015,friends,environment,negative,0.3,covered in mounds of litter,3
R00851,2015,friends,cultural_sensitivity,negative,0.4,if you are not a muslim you cannot get into it,3
R00851,2015,friends,sacred_atmosphere,positive,0.7,makes feel you welcome,3
R00851,2015,friends,ritual_experience,neutral,0.5,locals celebrate and prepare their dead for burning,3
R00554,2014,unknown,sacred_atmosphere,positive,0.9,Simply mesmerising and one that will stay with you forever,5
R00166,2012,solo,facility,negative,0.3,not very well maintained,4
R00166,2012,solo,cultural_sensitivity,negative,0.4,dressed in pretty revealing outfit,4
R00166,2012,solo,cultural_sensitivity,negative,0.3,non Hindus are not allowed inside,4
R00166,2012,solo,sacred_atmosphere,neutral,0.5,interesting sights to see,4
R01438,2017,solo,sacred_atmosphere,positive,0.8,"Fascinating, especially if you have a guide",4
R01438,2017,solo,facility,positive,0.7,guide who can explain everything,4
R02159,2019,business,spiritual_authenticity,positive,0.8,spiritual atmosphere is always very refreshing,5
R02159,2019,business,access_fairness,neutral,0.5,"As a foreigner, I am not allowed in the temple",5
R01696,2017,unknown,spiritual_authenticity,positive,0.9,sacred feeling and divine enthusiasm took over us,5
R02133,2019,family,ritual_experience,positive,0.9,Aarati was fantastic,5
R02133,2019,family,sacred_atmosphere,positive,0.8,feel like peace even in a busy place,5
R00978,2015,couples,ritual_experience,positive,0.7,found it impressive,5
R01480,2017,family,access_fairness,positive,0.8,this temple is open and free for all,4
R01065,2016,friends,sacred_atmosphere,positive,0.7,enjoying the atmosphere of worship,3
R01065,2016,friends,facility,negative,0.3,number of people pestering you,3
R01065,2016,friends,service,negative,0.4,"guy latch himself onto us, and refuse to leave",3
R02022,2018,business,sacred_atmosphere,positive,0.8,feel those fresh air and good vibes,5
R00073,2012,friends,sacred_atmosphere,positive,0.6,Nice religious place,5
R00073,2012,friends,crowd_management,negative,0.3,so many people around,5
R00073,2012,friends,access_fairness,negative,0.4,not allowed to go inside,5
R00186,2012,couples,cultural_sensitivity,negative,0.3,please do NOT go to close to funerals,5
R00215,2012,family,cultural_sensitivity,neutral,0.5,only Hindus are allowed inside the main temple,5
R00215,2012,family,sacred_atmosphere,positive,0.8,visitors can clearly see the temple and the activities performed,5
R01020,2016,friends,environment,negative,0.3,sustain a bit of damage from the quake,4
R01020,2016,friends,facility,negative,0.4,deers don't look like they are being fed,4
R01020,2016,friends,access_fairness,neutral,0.5,$10 entry fee,4
R01020,2016,friends,sacred_atmosphere,positive,0.6,Still very interesting to visit,4
R01217,2016,couples,cultural_sensitivity,neutral,0.5,only for hindus but you can visit this as a non Hindu,5
R00758,2015,business,sacred_atmosphere,positive,0.7,how beautiful this place would have been,4
R00758,2015,business,environment,negative,0.4,when there was no construction,4
R00758,2015,business,facility,positive,0.6,stroll along and sit,4
R00758,2015,business,spiritual_authenticity,positive,0.7,Worth a visit at least once,4
R00541,2014,friends,access_fairness,negative,0.3,expesive (about 9-10 ) for seeing the death burning,2
R00541,2014,friends,environment,negative,0.2,The smell is imposible to stand,2
R00541,2014,friends,facility,negative,0.3,probably a black market on tickets,2
R00622,2014,friends,sacred_atmosphere,positive,0.8,temples were beautiful and very unique,5
R00622,2014,friends,cultural_sensitivity,neutral,0.5,did not allow non-Hindus to enter,5
R00780,2015,friends,ritual_experience,neutral,0.5,There are religious ceremonies there and there was one when we were there,3
R00780,2015,friends,sacred_atmosphere,neutral,0.5,not to much to see there but it's worth a visit if your near by,3
R02389,2020,unknown,service,negative,0.3,the guide charged me double,3
R02389,2020,unknown,facility,negative,0.4,fuss from the tourist office,3
R02389,2020,unknown,spiritual_authenticity,positive,0.7,experience of this place quite profound,3
R01284,2016,couples,ritual_experience,positive,0.8,get Darshan very peacefully,4
R01284,2016,couples,sacred_atmosphere,positive,0.85,magnificent statue of Nandi,4
R01284,2016,couples,cultural_sensitivity,positive,0.7,traditional accessory of Nepali women,4
R02328,2019,couples,ritual_experience,positive,0.8,praying to the God with music and big crowd was wow,5
R00721,2014,solo,cultural_sensitivity,positive,0.7,you can take photos while in Varanasi you can't,4
R00624,2014,friends,facility,positive,0.7,"many shops there, where you can buy some beautiful handicrafts",4
R00624,2014,friends,access_fairness,neutral,0.5,Bargaining is everywhere,4
R00960,2015,solo,environment,negative,0.3,condition of such an important shrine will sadden you,1
R00960,2015,solo,ritual_experience,positive,0.7,touching moments as the devout practice their faith,1
R00960,2015,solo,spiritual_authenticity,positive,0.8,feel the reverence afforded to this temple,1
R00567,2014,couples,facility,positive,0.7,The temple itself is very nice - and quite well organized now,3
R00567,2014,couples,cultural_sensitivity,negative,0.3,unscrupulous priests who can tie a red thread or 'gift' you a rudraksh mala and extort money,3
R00567,2014,couples,sacred_atmosphere,positive,0.8,The main sanctum houses a beautiful five faced shiv ling,3
R00567,2014,couples,spiritual_authenticity,positive,0.8,The ancient architecture is also something to admire,3
R01223,2016,family,spiritual_authenticity,positive,0.8,"Shiva mean the god of the god, which symbolizes the god destroyer of negatives things",5
R00872,2015,unknown,spiritual_authenticity,positive,0.7,we can learn to hindus culture,5
R00872,2015,unknown,sacred_atmosphere,positive,0.6,old imoprtant shiva stachhu,5
R00872,2015,unknown,environment,negative,0.3,monkey,5
R02102,2018,solo,sacred_atmosphere,neutral,0.5,"Not necessarily a pleasant subject, but very interesting",5
R02390,2020,couples,sacred_atmosphere,positive,0.8,made lifetime impact on us,5
R02390,2020,couples,environment,neutral,0.5,Lots of hustle and bustle,5
R00422,2013,couples,cultural_sensitivity,negative,0.3,off limit for non hindus,3
R00422,2013,couples,environment,negative,0.3,place is not kept clean,3
R00422,2013,couples,crowd_management,negative,0.3,too many tounts,3
R00741,2015,family,cultural_sensitivity,negative,0.3,not comfortable with the intrusion into peoples private lives,3
R00741,2015,family,spiritual_authenticity,positive,0.8,A fantastic bit of Hindu culture - steeped in history and tradition,3
R00018,2025,solo,access_fairness,neutral,0.5,Temple reserved for Hindus! Entrance 1000 NPR,3
R00018,2025,solo,crowd_management,negative,0.3,"Very busy place, difficult to move around",3
R00018,2025,solo,sacred_atmosphere,positive,0.7,Worth a visit,3
R00290,2013,friends,ritual_experience,positive,0.9,"a spine tingling experience, never to be forgotten",5
R00290,2013,friends,spiritual_authenticity,positive,0.85,celebratory/ mystical and musical ceremony,5
R00290,2013,friends,facility,positive,0.8,Hindu participants so welcoming to visitors,5
R02414,2022,unknown,sacred_atmosphere,positive,0.8,A must-see while you are in Kathmandu,5
R02414,2022,unknown,spiritual_authenticity,positive,0.7,really a cultural experience,5
R02414,2022,unknown,environment,positive,0.9,it will not feel crowded,5
R01181,2016,business,spiritual_authenticity,positive,0.9,u can feel the power of god,5
R01181,2016,business,sacred_atmosphere,positive,0.85,superb world heritage site,5
R01448,2017,business,environment,negative,0.2,it is dirty as hell,3
R01448,2017,business,sacred_atmosphere,negative,0.3,it does not makes much sense,3
R01448,2017,business,crowd_management,negative,0.3,the place is crowded,3
R01448,2017,business,spiritual_authenticity,neutral,0.5,Probably ranks very high for a believer in religion,3
R01160,2016,solo,facility,positive,0.8,our friendly driver who knew a lot,4
R01160,2016,solo,ritual_experience,positive,0.7,unique custom Hindus have of cremating,4
R01160,2016,solo,access_fairness,neutral,0.5,gladly shelled out the equivalent of about 10 USDollars,4
R01890,2018,solo,access_fairness,negative,0.3,you have to pay 1000rupees,4
R01890,2018,solo,environment,positive,0.7,huge and beautiful park,4
R01890,2018,solo,sacred_atmosphere,negative,0.4,smell was a bit awful and eerie,4
R01890,2018,solo,cultural_sensitivity,neutral,0.5,"to the left, they burnt the poorer ones, whereas to the right - the richer ones",4
R00810,2015,couples,sacred_atmosphere,neutral,0.5,World heritage and Hindu pilgrimage site,4
R00810,2015,couples,cultural_sensitivity,negative,0.4,Cremations can be a little gory to westerners,4
R00116,2012,family,ritual_experience,positive,0.8,Visitors were very respectful as people washed and cremated their loved ones,4
R00116,2012,family,spiritual_authenticity,positive,0.85,Holy Men and crafts were fascinating,4
R00116,2012,family,access_fairness,negative,0.4,entry fee is quite high,4
R00682,2014,family,sacred_atmosphere,positive,0.9,a truly amazing sight to visit,5
R00682,2014,family,spiritual_authenticity,positive,0.85,one of the holiest for hindu people,5
R02185,2019,unknown,sacred_atmosphere,positive,0.8,famous and sacred Hindu temple complex,5
R02185,2019,unknown,spiritual_authenticity,positive,0.85,Worth to visit Heritage site,5
R00698,2014,family,spiritual_authenticity,positive,0.9,must have to visit pashupatinath at least once a times during their life,5
R00087,2012,unknown,cultural_sensitivity,neutral,0.5,Hindus alone are allowed to enter the temple premises. Non-Hindu visitors are allowed to have a look,5
R00710,2014,couples,sacred_atmosphere,positive,0.8,place is beautiful,5
R00710,2014,couples,spiritual_authenticity,positive,0.7,Good temple of ancient architect,5
R00175,2012,couples,environment,negative,0.3,Not clean at all,4
R00175,2012,couples,sacred_atmosphere,neutral,0.5,interesting site but only if you are able to handle strong smells,4
R01228,2016,couples,ritual_experience,positive,0.8,we take aarti of shiva with some prayer,4
R01228,2016,couples,spiritual_authenticity,positive,0.85,special darshan for lord shiva,4
R01519,2017,friends,access_fairness,negative,0.3,10 quid which I thought expensive,5
R01519,2017,friends,sacred_atmosphere,positive,0.7,"Really worth a visit though as a westerner, opened my eyes",5
R01519,2017,friends,cultural_sensitivity,negative,0.4,be warned,5
R01519,2017,friends,environment,negative,0.3,badly damaged by the quake,5
R00723,2014,friends,ritual_experience,positive,0.85,Watching the whole procedure of the river-side cremation was amazing,5
R00723,2014,friends,spiritual_authenticity,positive,0.7,They certainly add colour and entertainment to the experience,5
R00723,2014,friends,cultural_sensitivity,neutral,0.5,"for their photos...for money, but I guess that's the way they make a living",5
R00993,2015,solo,sacred_atmosphere,mixed,0.5,oppressive place I also find it quite calm,5
R00993,2015,solo,facility,positive,0.7,guide that befriended us at the entrance,5
R00993,2015,solo,crowd_management,positive,0.6,steer us away from the monkies and protect us to some extent from the hawkers and beggars,5
R00644,2014,friends,ritual_experience,positive,0.9,this experience was extremely special for me,5
R00644,2014,friends,crowd_management,negative,0.3,I was literally mobbed,5
R02101,2018,family,service,positive,0.8,priest at temple is friendly and prepared to answer questions,4
R02101,2018,family,crowd_management,neutral,0.5,Main temple area is busy,4
R01550,2017,couples,cultural_sensitivity,negative,0.3,you're not allowed inside,3
R01550,2017,couples,sacred_atmosphere,neutral,0.5,smell of burning bodies,3
R01550,2017,couples,crowd_management,positive,0.6,countless questions from people taking photos with you,3
R02139,2019,family,sacred_atmosphere,positive,0.8,"Ancient old, holy temple of Shri Pashupatinath is a must visit",5
R00994,2015,couples,cultural_sensitivity,positive,0.7,"Out of respect for the dead, we decided not to take photos",4
R00994,2015,couples,access_fairness,neutral,0.5,Entrance is 1000 rupees. There is a temple where only Hindus can enter,4
R02094,2018,unknown,ritual_experience,positive,0.7,quite a special experience,4
R02094,2018,unknown,spiritual_authenticity,positive,0.6,it gets quite personal,4
R01679,2017,solo,sacred_atmosphere,positive,0.8,It is peaceful place,4
R01679,2017,solo,spiritual_authenticity,positive,0.85,A great time to visiting this sacred place,4
R00507,2014,solo,sacred_atmosphere,positive,0.7,it is worth seeing,5
R00241,2013,family,sacred_atmosphere,positive,0.85,amazing Hindu complex,4
R00241,2013,family,cultural_sensitivity,neutral,0.5,one can not enter the temple,4
R01433,2017,friends,ritual_experience,positive,0.8,a good feeling when there is aarti,5
R01433,2017,friends,environment,negative,0.3,"be careful, there are tons of monkeys here",5
R00874,2015,friends,spiritual_authenticity,positive,0.7,see something different what your experience in your country,4
R00549,2014,family,sacred_atmosphere,positive,0.8,"Wonderful temple, huge grounds to walk",5
R00549,2014,family,cultural_sensitivity,neutral,0.5,Only Hindus are allowed into this temple,5
R00549,2014,family,environment,negative,0.3,Beware of monkeys. Beware of your belongings,5
R00491,2014,family,cultural_sensitivity,neutral,0.5,restricted access to Hindu religion follower only,5
R00491,2014,family,sacred_atmosphere,positive,0.7,enjoy the overall architecture,5
R01829,2018,family,sacred_atmosphere,positive,0.8,Great pilgrimage place for the Hindus,4
R01829,2018,family,facility,neutral,0.5,One can arrange to have special puja done by paying to the mandir committee,4
R01407,2017,couples,sacred_atmosphere,positive,0.8,a glimpse of something sacred in their lives,5
R01407,2017,couples,spiritual_authenticity,positive,0.85,I felt an empathy for the mourners,5
R01980,2018,friends,access_fairness,negative,0.3,asked to pay 10 12USD for entrance,5
R01980,2018,friends,sacred_atmosphere,positive,0.7,place was soo Good and big Temple,5
R01980,2018,friends,crowd_management,negative,0.4,place was so busy,5
R01901,2018,friends,ritual_experience,positive,0.7,it was a different experience we never had before,4
R02307,2019,family,ritual_experience,positive,0.8,Nice pooja,5
R02307,2019,family,spiritual_authenticity,positive,0.9,Feeling better and feel that i was fly in the sky,5
R02307,2019,family,sacred_atmosphere,positive,0.85,Beautiful moment of my life,5
R02307,2019,family,environment,negative,0.3,a dead body was funeral. It was vertical horirble,5
R01641,2017,family,environment,negative,0.3,dirty and muddy,4
R01641,2017,family,crowd_management,negative,0.3,saw a couple of thefts,4
R01641,2017,family,access_fairness,negative,0.3,expensive to get in for foreigners 10 US $,4
R01641,2017,family,facility,negative,0.4,be prepared to pay for a guide,4
R01861,2018,couples,sacred_atmosphere,positive,0.8,Great temple by the looks,5
R01861,2018,couples,ritual_experience,positive,0.7,weirdly moving and intimate to watch the cremation ceremonies,5
R00575,2014,unknown,access_fairness,negative,0.3,it wasn't worth the money I paid,2
R00575,2014,unknown,facility,negative,0.2,Ignore the guides as they would be useless,2
R00575,2014,unknown,cultural_sensitivity,neutral,0.5,culturally chocking to see cremation ceremony,2
R01455,2017,family,sacred_atmosphere,positive,0.9,"the ambience, Pasupathi, bunch of temples, open cremation and the scent in air, baghmathi river, kala bhairava all makes u to travel somewhere inner",5
R01455,2017,family,spiritual_authenticity,positive,0.85,"It is still claimed as one of the holy, ancient and main temples of Hindu Religion",5
R02112,2019,friends,cultural_sensitivity,neutral,0.5,only Hindus are allowed and photoography is strictly not allowed,5
R02112,2019,friends,sacred_atmosphere,positive,0.8,very beautiful temple inside and is well maintained and clean,5
R02112,2019,friends,spiritual_authenticity,positive,0.85,amazed also,5
R02112,2019,friends,environment,positive,0.7,well maintained and clean,5
R01285,2016,friends,service,positive,0.8,Very much satisfied with Monteresa Trek Expidation,5
R01293,2016,family,facility,neutral,0.5,one guide is required,5
R01293,2016,family,spiritual_authenticity,positive,0.8,Must collect Rudraksh which is the main prasad,5
R02181,2019,family,ritual_experience,positive,0.85,aarati every evening from 6 pm to 8 pm and that is very magnificent,5
R01321,2016,couples,ritual_experience,positive,0.8,"open air cremations, like statues",5
R01321,2016,couples,facility,neutral,0.5,guides that would like payment,5
R01321,2016,couples,spiritual_authenticity,positive,0.9,the most surreal experience,5
R01321,2016,couples,access_fairness,negative,0.3,the temple is only open to Hindus,5
R01321,2016,couples,environment,neutral,0.5,signs of earthquake damage,5
R00385,2013,couples,ritual_experience,positive,0.8,enormous amount of dignity and serenity,5
R00385,2013,couples,environment,negative,0.3,struggled with the odours,5
R00385,2013,couples,sacred_atmosphere,positive,0.7,enormous amount of dignity and serenity,5
R00385,2013,couples,cultural_sensitivity,neutral,0.5,Hard to believe!,5
R00385,2013,couples,crowd_management,neutral,0.5,onlookers (friends and tourists) stood observing,5
R01548,2017,friends,cultural_sensitivity,neutral,0.5,Non-hindus can visit the rest of the complex,4
R01548,2017,friends,sacred_atmosphere,neutral,0.5,not everyone is prepared to see death so close,4
R02027,2018,solo,spiritual_authenticity,positive,0.8,too much of positive vibes cleaning your aura,4
R02027,2018,solo,access_fairness,negative,0.3,Foreigners and other sect believers are not allowed to enter,4
R02271,2019,friends,crowd_management,negative,0.3,"Due to heavy rush, and poor queue arrangement",4
R02271,2019,friends,cultural_sensitivity,neutral,0.5,No photography is allowed inside,4
R01260,2016,business,sacred_atmosphere,positive,0.8,really great dursan,5
R01260,2016,business,crowd_management,positive,0.7,not much croude,5
R02137,2019,family,access_fairness,neutral,0.5,there are restrictions for entry for foreign visitors,4
R01108,2016,unknown,cultural_sensitivity,neutral,0.5,Non Hindu are not allowed to enter,5
R01108,2016,unknown,sacred_atmosphere,positive,0.8,Temple is also Famous for cremation,5
R01108,2016,unknown,crowd_management,neutral,0.5,around 1 Million devotees visit here,5
R02369,2020,unknown,environment,negative,0.2,Filthy and smelly. Litter everywhere.,4
R02369,2020,unknown,ritual_experience,neutral,0.5,Real corpses being burned in open view.,4
R02369,2020,unknown,cultural_sensitivity,negative,0.3,You are viewed as a profit opportunity.,4
R02369,2020,unknown,sacred_atmosphere,positive,0.7,The contrast of filth and beauty is stunning.,4
R00468,2014,family,service,negative,0.3,hounded by the local Panda,4
R00468,2014,family,facility,negative,0.4,Could have been cleaner,4
R00468,2014,family,access_fairness,negative,0.3,many could not see the Deity,4
R00468,2014,family,sacred_atmosphere,positive,0.7,Great place worth a visit,4
R01188,2016,family,sacred_atmosphere,positive,0.9,satisfaction of visiting one of the most holy places,5
R01188,2016,family,facility,positive,0.8,temple premises is also well maintained,5
R01814,2018,solo,sacred_atmosphere,positive,0.9,the temple is oldest and most beautiful,5
R01814,2018,solo,ritual_experience,positive,0.85,the entire process of worshiping the god is amazing,5
R01814,2018,solo,crowd_management,negative,0.3,time of Shivaratri is tough time to get in,5
R01814,2018,solo,spiritual_authenticity,positive,0.8,sadhus sitting on the Bagmati riverside are always peaceful,5
R01848,2018,unknown,ritual_experience,positive,0.7,hindus people visit every day for praying,5
R01315,2016,solo,cultural_sensitivity,neutral,0.5,entering the Hindu temple is forbidden for non hinduists,5
R01315,2016,solo,facility,negative,0.3,"Beware of tourist scams, guides, souvenirs and similar",5
R01315,2016,solo,spiritual_authenticity,positive,0.9,your life will be different after,5
R01451,2017,unknown,cultural_sensitivity,positive,0.7,everybody from sadhus to tourist peacefully together,5
R01451,2017,unknown,ritual_experience,neutral,0.5,cremations and funerals going on all the time,5
R02440,2023,family,cultural_sensitivity,neutral,0.5,Photography is strictly prohibited inside the main temple,5
R02440,2023,family,spiritual_authenticity,positive,0.8,Amazing vibes,5
R00856,2015,family,environment,positive,0.8,complex is clean and well maintained,4
R00856,2015,family,sacred_atmosphere,positive,0.85,symbol of Hindu Culture,4
R00856,2015,family,crowd_management,negative,0.4,high inflow of tourists and worshippers,4
R01037,2016,unknown,access_fairness,negative,0.3,Entrance fees are too expensive,4
R01037,2016,unknown,spiritual_authenticity,positive,0.8,famous for its holiness,4
R00947,2015,couples,spiritual_authenticity,positive,0.8,visit this place to understand life better,5
R02146,2019,solo,sacred_atmosphere,positive,0.8,"full of various lights, sound and smells",5
R02146,2019,solo,spiritual_authenticity,positive,0.9,center of Hinduism,5
R02125,2019,family,environment,negative,0.3,on the bank of dirty bagmati river,3
R02125,2019,family,crowd_management,negative,0.2,mile long cue of believers,3
R02125,2019,family,sacred_atmosphere,negative,0.4,jostling for view of the god,3
R02125,2019,family,spiritual_authenticity,positive,0.6,sacred interior of the temple,3
R01371,2016,family,crowd_management,negative,0.3,crowded with people pushing for darshan,4
R01371,2016,family,sacred_atmosphere,positive,0.8,site of God in His form is heart warming,4
R01371,2016,family,environment,negative,0.4,places of destruction still remaining following the earthquake,4
R01371,2016,family,facility,negative,0.3,no proper road with chaos at the entrance,4
R01371,2016,family,spiritual_authenticity,positive,0.9,experience of the Divine is never less,4
R00979,2015,friends,sacred_atmosphere,positive,0.7,good place to visit at least once in life time,5
R00979,2015,friends,environment,negative,0.3,bad smell and smokey environment,5
R00979,2015,friends,spiritual_authenticity,positive,0.6,great heritage site,5
R01089,2016,friends,sacred_atmosphere,positive,0.8,A very interesting and worthwhile place to visit,5
R02290,2019,couples,service,positive,0.9,beautiful friendly people,5
R00984,2015,solo,spiritual_authenticity,positive,0.7,Important place for Hindu,5
R00984,2015,solo,sacred_atmosphere,positive,0.8,interesting place for me,5
R00250,2013,friends,sacred_atmosphere,positive,0.9,environment is itself devoted,5
R00250,2013,friends,spiritual_authenticity,positive,0.85,Must visit place for the travelers,5
R00781,2015,friends,sacred_atmosphere,positive,0.8,somewhere different world,5
R00781,2015,friends,spiritual_authenticity,positive,0.7,become more profound to see the dead bodies burning to ashes,5
R01677,2017,solo,ritual_experience,positive,0.8,an experience you just have to witness to see the love,5
R01677,2017,solo,spiritual_authenticity,positive,0.85,a memorable experience that'll burn deep in your soul,5
R01677,2017,solo,cultural_sensitivity,negative,0.3,Holy Men charging for photos from tourists,5
R01677,2017,solo,sacred_atmosphere,positive,0.7,pleasant women blessing visitors with red rice Tilak Blessings,5
R00693,2014,solo,access_fairness,negative,0.3,no clear signs as to what part of the temple complex non-Hindus could enter,5
R00693,2014,solo,sacred_atmosphere,positive,0.8,experience was moving and sincere,5
R00693,2014,solo,cultural_sensitivity,positive,0.7,"tourist were taking photos, but they were respectful of the family",5
R00693,2014,solo,environment,positive,0.7,more monkeys than the so-called 'Monkey Temple',5
R01241,2016,business,sacred_atmosphere,positive,0.8,nice and largest Shiva temple,5
R01241,2016,business,spiritual_authenticity,positive,0.7,really historically,5
R02082,2018,family,ritual_experience,positive,0.9,Very nice experience of taking darshan of lord Shiva,5
R02082,2018,family,sacred_atmosphere,positive,0.85,one gets a divine feeling after taking darshanam,5
R02082,2018,family,environment,negative,0.3,Construction work was happening in the temple area,5
R02082,2018,family,crowd_management,negative,0.4,Heavy crowd was experienced as it was a weekly off,5
R00563,2014,friends,ritual_experience,positive,0.7,Pretty interesting ceremony,5
R00563,2014,friends,access_fairness,neutral,0.5,You can go in without paying the fee (1000nrps for foreigners) after 6.45pm,5
R01846,2018,friends,sacred_atmosphere,positive,0.8,the whole ritual is emotional and I was just watching families,5
R01846,2018,friends,spiritual_authenticity,positive,0.7,worth a visit,5
R01593,2017,unknown,facility,negative,0.2,poorly signed and dirty place,2
R01593,2017,unknown,access_fairness,negative,0.3,do not allow non Hindus into the temple proper,2
R00900,2015,friends,ritual_experience,positive,0.9,evening Aarti here...most beautiful,5
R00900,2015,friends,sacred_atmosphere,positive,0.85,architecture was fascinating,5
R00900,2015,friends,spiritual_authenticity,positive,0.8,first cremation ceremony here,5
R02430,2023,solo,ritual_experience,positive,0.8,An experience I shall never forget,5
R02430,2023,solo,spiritual_authenticity,positive,0.85,not a sad event but a celebration of the life,5
R02430,2023,solo,facility,positive,0.7,a guide took me around and explained,5
R00134,2012,solo,cultural_sensitivity,positive,0.7,Just remember no pictures of the family and the cremation,4
R00134,2012,solo,environment,negative,0.3,the river is filthy,4
R00134,2012,solo,access_fairness,neutral,0.5,You can visit all areas except the inside the Temple itself and the cremation area unless you are Hindu,4
R00134,2012,solo,sacred_atmosphere,positive,0.6,Don't pass on an opportunity to visit here,4
R02038,2018,solo,access_fairness,negative,0.3,quite expensive to get in (1000npr),4
R02038,2018,solo,facility,negative,0.4,"guide not to follow me around, as it really made the experience much worse",4
R02038,2018,solo,service,negative,0.3,everybody is nice at a price,4
R02038,2018,solo,sacred_atmosphere,positive,0.7,"Overall, I did enjoy the place",4
R01984,2018,family,ritual_experience,positive,0.9,evening Aarati was enthralling,5
R01984,2018,family,cultural_sensitivity,neutral,0.5,photography not allowed inside the temple,5
R02192,2019,family,sacred_atmosphere,positive,0.9,beautiful temple with good vibrations,5
R02192,2019,family,ritual_experience,positive,0.9,"evening Arti, it is simply divine",5
R00849,2015,family,cultural_sensitivity,neutral,0.5,only Hindu to visit inside the main campus,4
R00849,2015,family,environment,positive,0.7,surrounded by a big park,4
R00849,2015,family,environment,positive,0.7,behind is a big lake,4
R00746,2015,unknown,spiritual_authenticity,positive,0.8,After workship mind become so peacefull,5
R01157,2016,couples,spiritual_authenticity,positive,0.7,can pray here,3
R01012,2016,solo,access_fairness,neutral,0.5,entrance fee was a high 1000 rupee. But it was worth it,4
R01012,2016,solo,facility,positive,0.7,local tour guide that will be very friendly,4
R01012,2016,solo,sacred_atmosphere,positive,0.8,Great atmosphere for love birds enjoying the view,4
R01012,2016,solo,environment,positive,0.8,sit and relax with the cooling wind and Sun on your face,4
R00515,2014,solo,ritual_experience,neutral,0.5,face to face with death,3
R02143,2019,friends,spiritual_authenticity,positive,0.8,pilgrims forever reverent,5
R02143,2019,friends,sacred_atmosphere,positive,0.7,flock to Pashupatinath in any weather condition,5
R01363,2016,friends,sacred_atmosphere,positive,0.9,"dedicated to Lord Shiva, the Guardian Deity of Nepal",5
R01363,2016,friends,ritual_experience,positive,0.85,morning and evening aarati,5
R01363,2016,friends,spiritual_authenticity,positive,0.9,final death rituals are conducted,5
R00130,2012,couples,access_fairness,neutral,0.5,you're not able to enter the main Temple if you're a Westerner,5
R00130,2012,couples,facility,positive,0.7,"worth getting a guide, they're cheap enough",5
R00130,2012,couples,sacred_atmosphere,positive,0.8,it's a lovely place,5
R00130,2012,couples,cultural_sensitivity,positive,0.6,money goes to the up keep of Pashupatinath,5
R00831,2015,solo,spiritual_authenticity,positive,0.9,could found my soul here sitting for hours and meditating,5
R01949,2018,business,facility,positive,0.7,Very large car park,3
R01949,2018,business,environment,positive,0.6,fairly clean,3
R01949,2018,business,service,negative,0.3,very poor signage and absence of guides,3
R01949,2018,business,sacred_atmosphere,neutral,0.5,difficult for us as tourists to appreciate the grandeur,3
R00240,2013,friends,access_fairness,negative,0.3,not all accessible to non Hindus,4
R00240,2013,friends,cultural_sensitivity,negative,0.4,sadhus WILL want money for a photo,4
R00240,2013,friends,sacred_atmosphere,positive,0.7,well worth a visit for a couple of hours,4
R00240,2013,friends,ritual_experience,neutral,0.5,"cremations taking place, which I found interesting, but some may not",4
R02219,2019,unknown,sacred_atmosphere,positive,0.8,"On having Darshan, you get peace and tranquility",5
R02219,2019,unknown,environment,negative,0.3,"Baghmati river being one of the holiest, is very filthy due to lack of maintainance",5
R00304,2013,family,spiritual_authenticity,negative,0.3,sadhus (or holy men) are fake and are only after money,5
R00304,2013,family,environment,negative,0.3,river is almost dry,5
R00304,2013,family,facility,negative,0.4,guides will take you in the daytime - but that's pointless,5
R00304,2013,family,sacred_atmosphere,negative,0.3,kids on drugs (glue sniffing),5
R01264,2016,family,sacred_atmosphere,positive,0.9,sense of peace and tranquillity,4
R01264,2016,family,environment,positive,0.8,beautiful sight to see,4
R01264,2016,family,facility,neutral,0.5,could be a little cleaner,4
R01264,2016,family,spiritual_authenticity,positive,0.85,lack of commercialization makes this a very pleasant place of worship,4
R01805,2018,solo,ritual_experience,positive,0.9,experience there is astonishing,5
R01805,2018,solo,sacred_atmosphere,positive,0.85,This is very emotional,5
R01992,2018,friends,sacred_atmosphere,positive,0.8,this place is very powerful,5
R00893,2015,unknown,sacred_atmosphere,neutral,0.5,vibration here was not so high,3
R00893,2015,unknown,spiritual_authenticity,positive,0.6,it worth anyway to go,3
R00337,2013,couples,ritual_experience,neutral,0.5,every bhakta has to smoke to make happy for shiva,5
R01302,2016,couples,sacred_atmosphere,positive,0.8,there is something very human and fundamental here,4
R01302,2016,couples,cultural_sensitivity,negative,0.3,felt like intruders as devotees bid farewell,4
R01302,2016,couples,spiritual_authenticity,positive,0.7,if there really is reincarnation,4
R00708,2014,friends,ritual_experience,neutral,0.5,cremations held here all the time,5
R00708,2014,friends,sacred_atmosphere,negative,0.3,I felt odd/rude staying too long to watch the cremations,5
R00708,2014,friends,access_fairness,negative,0.4,There was a 1000 rupee charge ($10 USD),5
R01308,2016,solo,spiritual_authenticity,positive,0.85,one of the most interesting places,5
R00917,2015,solo,facility,positive,0.9,Hats off to the maintenance team for maintaining this wonderful temple,5
R00917,2015,solo,sacred_atmosphere,positive,0.85,The whole atmosphere is full of positive vibrations,5
R00917,2015,solo,spiritual_authenticity,positive,0.9,absolutely peaceful and feeling relaxed,5
R00917,2015,solo,environment,positive,0.9,neat and clean Temple,5
R00539,2014,solo,access_fairness,negative,0.3,The fee to get in was the highest I paid: 1000 nrs for a westerner,4
R00539,2014,solo,cultural_sensitivity,neutral,0.5,"As a non-Hindu, I could not enter the temple",4
R00539,2014,solo,facility,negative,0.4,tour guide problem for western (and female) tourists,4
R02364,2020,unknown,sacred_atmosphere,positive,0.8,some kind of peace about this place,5
R02364,2020,unknown,ritual_experience,neutral,0.5,watch them burn. But there was some kind of peace,5
R01704,2017,business,access_fairness,neutral,0.5,Access to the inside of the temple is restricted to Hindus only,5
R02294,2019,family,cultural_sensitivity,negative,0.3,not allowed to access the temple,3
R02294,2019,family,ritual_experience,negative,0.4,quite confronting to watch,3
R02294,2019,family,crowd_management,negative,0.2,man who offered to purchase my teenage daughter,3
R00238,2013,couples,sacred_atmosphere,positive,0.8,"this is a very sacred, important place",4
R00238,2013,couples,ritual_experience,negative,0.4,for a westerner it is quite disturbing,4
R00238,2013,couples,spiritual_authenticity,positive,0.7,fasinating in another,4
R00805,2015,couples,access_fairness,neutral,0.5,ask for 1000NPR entrance which was fine,4
R00805,2015,couples,service,negative,0.4,"guide followed us, gave us a really interesting tour but demanded $10",4
R00805,2015,couples,sacred_atmosphere,positive,0.8,Incredible site to see,4
R00332,2013,friends,crowd_management,positive,0.7,not crowded,5
R00332,2013,friends,environment,negative,0.4,more cleanliness desirable,5
R00332,2013,friends,sacred_atmosphere,positive,0.8,Location divine,5
R00332,2013,friends,access_fairness,negative,0.3,people should be allowed to stay inside a few more moments,5
R00390,2013,solo,spiritual_authenticity,positive,0.8,nice place to get peace,5
R00390,2013,solo,access_fairness,neutral,0.5,Only Hindus are allowed to enter the temple,5
R00991,2015,solo,spiritual_authenticity,positive,0.8,experience and learn about the traditions and religion,5
R00991,2015,solo,sacred_atmosphere,positive,0.85,witness live the processions and ceremony,5
R01646,2017,family,facility,positive,0.7,"tour guide from our hotel, which I highly recommend",5
R01646,2017,family,ritual_experience,neutral,0.5,very humbling and yet awkward to watch families mourning,5
R01646,2017,family,environment,positive,0.8,grounds are lovely to walk around,5
R01646,2017,family,crowd_management,negative,0.3,harassed by vendors,5
R01512,2017,solo,sacred_atmosphere,positive,0.9,one of beautiful shiva temple,5
R01512,2017,solo,spiritual_authenticity,positive,0.85,must visit temple for shiva devootes,5
R01512,2017,solo,facility,positive,0.7,people also really nice and explain about history,5
R02457,2024,couples,sacred_atmosphere,positive,0.9,sanctuary of peace and tranquility,5
R02457,2024,couples,spiritual_authenticity,positive,0.85,awe of its profound spiritual significance,5
R01222,2016,couples,service,positive,0.7,tipped our guide and headed in the direction of our next destination,4
R01222,2016,couples,facility,negative,0.3,vendors that kept approaching me and trying to sell me crap,4
R01222,2016,couples,cultural_sensitivity,neutral,0.5,Only Hindus are allowed to enter the actual main temple,4
R01222,2016,couples,spiritual_authenticity,positive,0.8,pragmatic view of death; it's just another part of life,4
R02130,2019,family,ritual_experience,positive,0.7,Hindu people standing in queue for pooja,5
R02130,2019,family,environment,neutral,0.5,famous for monkeys,5
R02130,2019,family,crowd_management,neutral,0.5,standing in queue for pooja mostly in festivals,5
R00062,2011,business,spiritual_authenticity,positive,0.8,Inspiring site,5
R02212,2019,solo,cultural_sensitivity,neutral,0.5,limitations for non-Hindus,4
R02212,2019,solo,sacred_atmosphere,positive,0.7,events at the Bagmati River seem solemn and personal,4
R02212,2019,solo,crowd_management,negative,0.4,hundreds of local 'spectators',4
R01474,2017,solo,sacred_atmosphere,positive,0.8,beauty of temple premises made to overthink,5
R01474,2017,solo,cultural_sensitivity,negative,0.3,Only Hindu and Buddhist are allowed in a core of temple,5
R01474,2017,solo,spiritual_authenticity,positive,0.7,learning of a cultural difference and a beauty of tradition,5
R01337,2016,solo,facility,negative,0.3,challenged by a guard,3
R01337,2016,solo,sacred_atmosphere,neutral,0.5,Interesting place but not riveting,3
R00184,2012,friends,ritual_experience,neutral,0.5,Didn't really enjoy watching the deceased being cremated but I guess these experiences are all part of travelling,4
R00184,2012,friends,spiritual_authenticity,negative,0.3,Not sure if they're really holy or not,4
R02104,2018,couples,access_fairness,negative,0.3,1000R per person is excessive,3
R02104,2018,couples,cultural_sensitivity,neutral,0.5,restricted to Hindus only,3
R02104,2018,couples,sacred_atmosphere,positive,0.7,A must to visit this extensive Temple,3
R00703,2014,friends,sacred_atmosphere,positive,0.8,peaceful and quite good,4
R00703,2014,friends,spiritual_authenticity,positive,0.85,best of the religious areas we visited,4
R00703,2014,friends,cultural_sensitivity,neutral,0.5,had to cross his palm with silver,4
R00674,2014,friends,facility,negative,0.3,entrance fee was 1000 Nepalesse rupees,3
R00674,2014,friends,service,negative,0.3,guide fee was expensive,3
R01352,2016,family,sacred_atmosphere,positive,0.8,interesting place for everyone to see,3
R01352,2016,family,crowd_management,negative,0.3,gets quite crowded,3
R01352,2016,family,spiritual_authenticity,positive,0.7,important pilgrimage for Hindus,3
R02449,2023,friends,access_fairness,negative,0.3,Only Hindus are allowed to enter the temple,4
R02449,2023,friends,facility,neutral,0.5,buying a ticket at the tourist office,4
R02449,2023,friends,sacred_atmosphere,positive,0.7,"watch the main temple, funeral ceremonies and cremations",4
R01040,2016,solo,environment,positive,0.8,this place is amazing and culturally fascinating,5
R01040,2016,solo,ritual_experience,positive,0.7,quite an amazing place for knowledge and reflection,5
R01040,2016,solo,facility,positive,0.7,hiring a guide so you do not miss any details,5
R01040,2016,solo,sacred_atmosphere,positive,0.8,amazing place for knowledge and reflection,5
R01899,2018,solo,facility,positive,0.8,I really liked the way footwear is collected and stored,5
R01899,2018,solo,sacred_atmosphere,positive,0.85,It was a pleasure to visit this place,5
R01874,2018,family,access_fairness,negative,0.3,Tourists have to pay to get in can't remember how much but Indians and Locals go free,3
R01874,2018,family,facility,neutral,0.5,there appears to be more than one entrance,3
R01874,2018,family,ritual_experience,neutral,0.5,we saw lots of cremations,3
R01874,2018,family,service,negative,0.3,He will ask for $30 AFTER he's taken you around. It's a con,3
R01874,2018,family,facility,positive,0.6,There is the facility to wash your feet should you wish,3
R02021,2018,friends,spiritual_authenticity,positive,0.8,"It reflects traditional arts, custom, and culture",5
R02021,2018,friends,sacred_atmosphere,positive,0.7,funeral spot for Hindu people and they believe to do that in this temple,5
R00164,2012,solo,ritual_experience,neutral,0.5,they do cremate bodies,5
R00164,2012,solo,cultural_sensitivity,negative,0.3,people at funerals don't think of them as something for tourists to take photos of,5
R00164,2012,solo,sacred_atmosphere,positive,0.7,you'll have a very interesting and fun time,5
R00164,2012,solo,environment,neutral,0.5,watch those monkeys,5
R01845,2018,friends,spiritual_authenticity,positive,0.8,considered to be one of the most important temple for Hindus,5
R00801,2015,couples,spiritual_authenticity,positive,0.8,contemplated the different culture,5
R00801,2015,couples,facility,neutral,0.5,didn't use a guide,5
R00529,2014,family,ritual_experience,positive,0.8,thought provoking and contemplative experience,4
R00529,2014,family,spiritual_authenticity,positive,0.85,gives an enhanced understanding of local culture,4
R00529,2014,family,cultural_sensitivity,positive,0.9,At no stage did our presence feel unwelcome or out of place,4
R00079,2012,solo,spiritual_authenticity,positive,0.8,see and feel the end of life processes,5
R00983,2015,unknown,sacred_atmosphere,positive,0.8,admiring the spirituality and amazing architecture,5
R00983,2015,unknown,environment,negative,0.3,inevitable poverty of people,5
R01069,2016,friends,ritual_experience,mixed,0.5,"poignant scenes and, some quite gruesome to watch",5
R01069,2016,friends,environment,negative,0.3,frolicking monkeys who are always looking for a bite to eat,5
R01818,2018,business,service,positive,0.8,tour guide handle it,5
R01818,2018,business,cultural_sensitivity,neutral,0.5,areas that are off limits to foreigners,5
R02300,2019,unknown,spiritual_authenticity,positive,0.8,complex religious significance of this place,5
R02300,2019,unknown,facility,positive,0.7,Get a good guide in your own language,5
R00997,2016,couples,sacred_atmosphere,positive,0.8,beautiful place to visit,4
R00997,2016,couples,environment,negative,0.3,very dirty and crowded,4
R00997,2016,couples,facility,neutral,0.5,my guide told me,4
R00886,2015,friends,sacred_atmosphere,positive,0.8,I love this place,5
R02096,2018,couples,facility,neutral,0.5,gallery with vendors selling drinks and foods,2
R02096,2018,couples,access_fairness,negative,0.3,Non Hindus are not allowed into the temple,2
R02096,2018,couples,cultural_sensitivity,negative,0.4,hefty entry price,2
R00310,2013,solo,facility,positive,0.8,1-armed man of about 40 that was fantastic,5
R00310,2013,solo,environment,positive,0.7,site is extremely large with a lot of walking to do but well worth it,5
R00310,2013,solo,sacred_atmosphere,positive,0.85,Well worth the visit,5
R02168,2019,couples,ritual_experience,positive,0.9,amazing darshan during the special evening prayer,4
R02168,2019,couples,sacred_atmosphere,positive,0.8,One of the key holy sites for Lord Shiva,4
R02168,2019,couples,spiritual_authenticity,positive,0.85,A must visit for all Hindus travelling to Kathmandu,4
R02168,2019,couples,environment,negative,0.3,If you cannot stomach this avoid going to the river bank side,4
R02273,2019,unknown,cultural_sensitivity,neutral,0.5,non-Hindus can't enter,5
R02273,2019,unknown,facility,positive,0.7,Get a local guide - there's a lot to see,5
R00743,2015,couples,environment,negative,0.3,Monkeys all over the place,3
R00743,2015,couples,sacred_atmosphere,positive,0.7,the temple and the golden cow stand out,3
R00743,2015,couples,ritual_experience,negative,0.4,Skip the cremation area behind the temple,3
R02325,2019,solo,environment,negative,0.3,Government still didn t finish to rebuild after earthquake,4
R01283,2016,solo,ritual_experience,positive,0.8,cremation in the Hindu custom can be watched up close,4
R01283,2016,solo,service,positive,0.9,Our guide was incredibly informative and was able to answer every question,4
R02172,2019,family,sacred_atmosphere,positive,0.8,this is a place of living tradition and culture,4
R02172,2019,family,crowd_management,neutral,0.5,quite organized and there is no hustling,4
R02172,2019,family,environment,negative,0.3,the sight of the river was quite depressing,4
R02172,2019,family,cultural_sensitivity,positive,0.7,you have to enter without shoes of course,4
R00966,2015,solo,sacred_atmosphere,positive,0.8,magnificent Pagoda style temple with great architecture,4
R00966,2015,solo,cultural_sensitivity,neutral,0.5,Only Hindus are allowed to enter the temple,4
R00966,2015,solo,environment,positive,0.7,views from across the river are not bad,4
R00966,2015,solo,ritual_experience,negative,0.3,it is a place of sadness it is where the hindus bring their dead for cremation,4
R01700,2017,solo,access_fairness,neutral,0.5,"Access to the inside of the temple is restricted to Hindus only. Otherwise, the temple complex is open to all.",4
R02078,2018,friends,service,positive,0.85,the guide they provided was wonderful,5
R02078,2018,friends,facility,positive,0.8,HIMALAYAN SANCTUARY ADVENTURE ltd.,5
R02078,2018,friends,sacred_atmosphere,positive,0.8,a wonderful stop,5
R00681,2014,couples,facility,positive,0.8,the whole complex is very nicely maintained,5
R00681,2014,couples,crowd_management,positive,0.7,the flow of visitors was very smoth and darshan was easy without anybhassle,5
R00681,2014,couples,cultural_sensitivity,negative,0.3,foreign visitors retuning disappointed as they were not allowed entry,5
R00681,2014,couples,sacred_atmosphere,positive,0.9,A feeling of faith and peace is felt inside main temple complex,5
R01725,2017,friends,sacred_atmosphere,positive,0.85,Very beautiful architecture,4
R01725,2017,friends,spiritual_authenticity,positive,0.8,interesting traditions,4
R00205,2012,friends,sacred_atmosphere,positive,0.8,a powerful experience,4
R00205,2012,friends,cultural_sensitivity,positive,0.7,Respect to the families,4
R00486,2014,solo,cultural_sensitivity,neutral,0.5,Westerners are not allowed inside,5
R00486,2014,solo,ritual_experience,positive,0.8,"hindu cremation ceremony taking place, which was truly fascinating",5
R00486,2014,solo,environment,negative,0.3,The river was dirty,5
R00486,2014,solo,spiritual_authenticity,positive,0.9,I felt very much in peace with myself,5
R00198,2012,family,sacred_atmosphere,positive,0.8,It truly is extraordinary,5
R00198,2012,family,spiritual_authenticity,positive,0.85,A must visit if you find the Hindu religion of any interest,5
R01447,2017,couples,cultural_sensitivity,neutral,0.5,may not be something many westerners will find appealing,4
R01447,2017,couples,access_fairness,neutral,0.5,Entry fee to this area was 1000 rupees,4
R00433,2013,friends,sacred_atmosphere,positive,0.8,lovely glance into Hindu culture amidst wonderful architecture,5
R00433,2013,friends,cultural_sensitivity,neutral,0.5,cost 1000 NPR for foreigners to enter,5
R00433,2013,friends,ritual_experience,positive,0.7,see the cremations waiting to happen,5
R00922,2015,friends,cultural_sensitivity,neutral,0.5,Non Indian people only can see funeral and different small temples,5
R00922,2015,friends,ritual_experience,positive,0.8,this is the best palace for this purposes,5
R00552,2014,unknown,facility,positive,0.7,Nice Shops For Rudraksh,5
R00552,2014,unknown,spiritual_authenticity,positive,0.8,Religion is Enjoyed At Every Corner,5
R02197,2019,family,ritual_experience,positive,0.7,We did our darshan quite easily in less time,4
R02197,2019,family,sacred_atmosphere,positive,0.8,architecture inside the main temple is beautiful and worth watching,4
R02197,2019,family,cultural_sensitivity,neutral,0.5,Camera is not allowed inside the main temple,4
R02197,2019,family,crowd_management,positive,0.7,the temple was quite empty and the queue for the darshan was less,4
R01017,2016,solo,facility,negative,0.3,he was often difficult to understand and made the trip take a bit longer,3
R01017,2016,solo,access_fairness,negative,0.4,They won't tell you up front of course that they are doing it for a fee,3
R01017,2016,solo,sacred_atmosphere,positive,0.7,This place is great to see 14th-17th century Hindu architecture,3
R02485,2025,solo,sacred_atmosphere,positive,0.9,serene yet powerful atmosphere,5
R02485,2025,solo,spiritual_authenticity,positive,0.85,deeply moving experience,5
R02485,2025,solo,ritual_experience,positive,0.8,sacred rituals and ceremonies,5
R02485,2025,solo,environment,positive,0.9,breathtaking landscapes,5
R02148,2019,couples,environment,positive,0.7,it was very interesting,5
R00298,2013,couples,sacred_atmosphere,neutral,0.5,can be very confronting,5
R01913,2018,couples,cultural_sensitivity,positive,0.7,decent dress code applies,5
R01913,2018,couples,spiritual_authenticity,positive,0.8,historically a significant temple,5
R01913,2018,couples,sacred_atmosphere,positive,0.7,I enjoyed my visit here,5
R00700,2014,friends,sacred_atmosphere,positive,0.9,The place is magical and must be experienced,5
R00700,2014,friends,cultural_sensitivity,neutral,0.5,non-Hindu visitors to the temple are not allowed,5
R00700,2014,friends,ritual_experience,positive,0.8,experienced rituals and religious ceremonies that Westerners don't normally see,5
R00700,2014,friends,spiritual_authenticity,positive,0.85,I was fascinated at the spectacle of it all,5
R00356,2013,solo,access_fairness,negative,0.2,racist 1000 NR entrance for non-Asians,1
R00356,2013,solo,cultural_sensitivity,negative,0.1,intruding into others' grief,1
R00356,2013,solo,sacred_atmosphere,negative,0.2,I absolutely hated it!,1
R01044,2016,friends,sacred_atmosphere,positive,0.8,It's a great place to visit,5
R01044,2016,friends,cultural_sensitivity,neutral,0.5,Photography is not allowed inside the main temple premises,5
R01044,2016,friends,facility,positive,0.7,The small market outside the temple is quite cheap,5
R02247,2019,solo,sacred_atmosphere,positive,0.8,highly revered temple,4
R02247,2019,solo,crowd_management,negative,0.3,crowd can be overwhelming,4
R01178,2016,solo,cultural_sensitivity,neutral,0.5,entry to some areas was restricted to those not of the Hindu faith,5
R01178,2016,solo,sacred_atmosphere,positive,0.8,very spiritual place,5
R01889,2018,solo,sacred_atmosphere,positive,0.8,beautiful temple dedicated to Lord Shiva,5
R01889,2018,solo,cultural_sensitivity,neutral,0.5,Only Hindus are allowed into the main temple,5
R00352,2013,friends,facility,positive,0.7,Our guide well explained the place,4
R00352,2013,friends,spiritual_authenticity,negative,0.3,this place is a bit shock,4
R00711,2014,solo,cultural_sensitivity,negative,0.4,should be open for all and be appreciated by tourists too,4
R00711,2014,solo,sacred_atmosphere,positive,0.9,best place on earth for Hindus devotees,4
R02262,2019,solo,access_fairness,negative,0.3,1000 npr entrance fee is a bit insulting for westerners,1
R02262,2019,solo,facility,negative,0.3,There isn't even a proper viewing platform,1
R02262,2019,solo,sacred_atmosphere,neutral,0.5,ghats and minor temples are interesting,1
R00381,2013,solo,cultural_sensitivity,negative,0.3,you can t go into the main temple if you are not hindu but you have to pay more,4
R00381,2013,solo,sacred_atmosphere,positive,0.7,A beautiful and interesting place,4
R00388,2013,unknown,service,positive,0.7,"well educated, fluent English speaking local",5
R00388,2013,unknown,spiritual_authenticity,positive,0.8,very emotional,5
R00388,2013,unknown,access_fairness,neutral,0.5,expected to pay for the guides service,5
R00677,2014,solo,facility,negative,0.3,Too many people trying to sell you a guided tour,2
R00677,2014,solo,access_fairness,positive,0.7,explore on your own,2
R00419,2013,solo,spiritual_authenticity,positive,0.8,atmosphere of peace,5
R00419,2013,solo,cultural_sensitivity,positive,0.7,sharing Temples amongst religions,5
R00419,2013,solo,facility,neutral,0.5,make sure you agree a price beforehand,5
R00314,2013,friends,sacred_atmosphere,positive,0.85,You get a feel of the culture and that you are standing in a historical place,5
R00314,2013,friends,spiritual_authenticity,positive,0.9,artistry and the architecture of the buildings are awe-inspiring,5
R00314,2013,friends,environment,positive,0.8,The bathing area was pretty cool,5
R00314,2013,friends,service,positive,0.9,Definitely worth the visit,5
R02393,2020,solo,spiritual_authenticity,positive,0.9,"i feel blessed, i was fully active by that visit",5
R02393,2020,solo,sacred_atmosphere,positive,0.85,The best place to get peace of mind,5
R00162,2012,couples,sacred_atmosphere,positive,0.8,atmosphere is really great,2
R00162,2012,couples,environment,negative,0.2,no cleanliness at all,2
R00162,2012,couples,spiritual_authenticity,negative,0.3,did not feel a sense of peace,2
R00162,2012,couples,facility,negative,0.3,no maintainance it seems is done,2
R01348,2016,solo,facility,negative,0.3,Very poorly maintained and cleanliness is missing,3
R01348,2016,solo,crowd_management,negative,0.4,over crowded,3
R01348,2016,solo,spiritual_authenticity,positive,0.7,does not interfere with devotion,3
R01348,2016,solo,sacred_atmosphere,positive,0.6,for a Hindu it has its significance,3
R02238,2019,couples,ritual_experience,positive,0.8,nice two Dharshan,5
R02238,2019,couples,spiritual_authenticity,positive,0.7,Local priest arrange Pooja,5
R02238,2019,couples,sacred_atmosphere,positive,0.7,Good view of the surroundings,5
R00500,2014,couples,spiritual_authenticity,positive,0.7,see the law of nature and culture of the Indian people,5
R00500,2014,couples,sacred_atmosphere,positive,0.6,a place to visit on a much smaller scale,5
R02103,2018,friends,ritual_experience,positive,0.8,must see for when you re in Nepal,5
R02103,2018,friends,sacred_atmosphere,positive,0.85,full circle of life,5
R01468,2017,couples,sacred_atmosphere,positive,0.8,expectation of other worldliness,5
R02408,2022,solo,sacred_atmosphere,positive,0.7,Meeting that person waving tree branch was cool,5
R02408,2022,solo,environment,positive,0.7,the view from up there is nice too,5
R01051,2016,solo,access_fairness,negative,0.3,I would say it's a bit of a rip off,2
R01051,2016,solo,cultural_sensitivity,neutral,0.5,But cool to see the Baba's,2
R01721,2017,solo,ritual_experience,positive,0.7,Very interesting,5
R02136,2019,family,spiritual_authenticity,positive,0.9,massive religious and cultural significance,5
R00735,2014,friends,sacred_atmosphere,positive,0.7,great temple with great history,3
R00735,2014,friends,environment,negative,0.3,not kept clean,3
R00735,2014,friends,access_fairness,negative,0.4,non-hindus are not allowed access,3
R00735,2014,friends,cultural_sensitivity,neutral,0.5,photography is prohibited in the main temple area,3
R00989,2015,solo,sacred_atmosphere,positive,0.8,A must see on your list of places to see around Kathmandu.,5
R01819,2018,couples,environment,positive,0.7,glimpse of the past and architecture,4
R01819,2018,couples,facility,negative,0.3,government does not maintain these place,4
R00778,2015,friends,facility,negative,0.3,guide I got was only interested in money,1
R00778,2015,friends,spiritual_authenticity,positive,0.8,place itself is amazing and gives a great insight into the funerary customs,1
R01271,2016,solo,sacred_atmosphere,neutral,0.5,This is where bodies are burned for the funeral process,5
R01271,2016,solo,environment,positive,0.8,it is a very nice walk,5
R01271,2016,solo,spiritual_authenticity,positive,0.7,"multiple shrines, it is a very nice walk",5
R01254,2016,friends,sacred_atmosphere,positive,0.8,a must visit place,5
R02110,2018,business,environment,negative,0.1,extremely filthy and in bad shape,1
R02110,2018,business,facility,negative,0.2,Cow urine all over and smelly,1
R02110,2018,business,crowd_management,negative,0.2,pickpocketers around and criminals,1
R02110,2018,business,sacred_atmosphere,negative,0.1,The place is best avoided,1
R00604,2014,family,spiritual_authenticity,positive,0.85,calm down with spiritual feeling,4
R00604,2014,family,sacred_atmosphere,positive,0.8,need to spend time to feel,4
R01237,2016,solo,spiritual_authenticity,positive,0.9,one of the most sacred places on earth for Hinduism,5
R01237,2016,solo,sacred_atmosphere,positive,0.85,Lord Shiva is being worshiped here since 4000 years,5
R02014,2018,friends,access_fairness,negative,0.3,expensive for foreigners to enter,5
R02014,2018,friends,ritual_experience,positive,0.7,worth it to experience Hindu cremation,5
R02014,2018,friends,spiritual_authenticity,positive,0.6,interesting cultural experience,5
R02014,2018,friends,facility,neutral,0.5,guides will approach you,5
R00841,2015,solo,cultural_sensitivity,neutral,0.5,Could not enter the temple proper because I am not a Hindu,5
R00841,2015,solo,sacred_atmosphere,positive,0.7,A holy sacred place for the Hindus,5
R01370,2016,friends,cultural_sensitivity,negative,0.3,no kind of photography is allowed inside,3
R01370,2016,friends,facility,positive,0.7,Footwear need to be deposited before you enter the temple area in a rug sack provided there and the service is free of charge,3
R01370,2016,friends,sacred_atmosphere,neutral,0.5,there were just a few people around,3
R01370,2016,friends,ritual_experience,neutral,0.5,If you want to see the Prayer ceremony and the Idol check the local timings before you go,3
R00401,2013,couples,environment,negative,0.2,bathing in the filthy river,5
R00401,2013,couples,ritual_experience,negative,0.3,blood-drawn circle,5
R00401,2013,couples,spiritual_authenticity,negative,0.4,It was all disturbing,5
R02386,2020,couples,sacred_atmosphere,positive,0.9,simply loved its architecture and woodwork,5
R02386,2020,couples,spiritual_authenticity,positive,0.85,surely must visit place,5
R01152,2016,solo,access_fairness,neutral,0.5,could not go in as religious festival,4
R01152,2016,solo,sacred_atmosphere,positive,0.8,soak in the atmosphere was a great experience,4
R01607,2017,friends,spiritual_authenticity,positive,0.8,get to know and see the hindu culture,5
R00551,2008,unknown,service,positive,0.8,guide who spoke excellent english and was very knowledgeable,5
R00551,2008,unknown,spiritual_authenticity,positive,0.7,where the Hindus come to be 'released',5
R00551,2008,unknown,sacred_atmosphere,positive,0.7,"monkeys, holy men, shrines, deities, the whole works here",5
R01430,2017,solo,sacred_atmosphere,positive,0.85,such a great place,5
R01430,2017,solo,spiritual_authenticity,positive,0.85,rich art and architecture,5
R00733,2014,family,sacred_atmosphere,positive,0.8,much cleaner and serene,5
R00733,2014,family,spiritual_authenticity,positive,0.85,giving you a peek in to design and architecture during those times,5
R00733,2014,family,environment,positive,0.9,its very beautiful,5
R00733,2014,family,ritual_experience,positive,0.8,visit at the time of AArti at the Ghats,5
R02420,2022,unknown,facility,positive,0.7,lovely taxi,1
R02420,2022,unknown,environment,negative,0.2,followed by 4 men,1
R02420,2022,unknown,cultural_sensitivity,negative,0.3,common but goes unreported,1
R02420,2022,unknown,crowd_management,negative,0.2,"bag theft, pick pocketing",1
R02053,2018,couples,cultural_sensitivity,neutral,0.5,If you are not a Hindu then you are not allowed to see the inner part of the temple,3
R02053,2018,couples,sacred_atmosphere,positive,0.7,The external part is impressive,3
R02053,2018,couples,spiritual_authenticity,neutral,0.5,It is a personal choice whether you go to see people being cremated or not,3
R01565,2017,friends,sacred_atmosphere,positive,0.8,Great mix of faith and reality,3
R00559,2014,family,ritual_experience,positive,0.7,managed to do the Darshan in less than 10 minutes,5
R00559,2014,family,crowd_management,positive,0.8,there was not too much rush,5
R00559,2014,family,facility,negative,0.3,ran away with my wife's sandals and shred it to bits,5
R00180,2012,couples,access_fairness,negative,0.3,"restricted to Hindus only, yet we paid a lot as tourists",3
R00180,2012,couples,ritual_experience,positive,0.6,we did get to see a cremation ceremony by the river,3
R00180,2012,couples,sacred_atmosphere,neutral,0.5,there really isn't much that you can't see anywhere else in Kathmandu,3
R00910,2015,couples,cultural_sensitivity,neutral,0.5,Only Hindus are allowed,5
R00910,2015,couples,sacred_atmosphere,positive,0.8,Remarkably old architecture,5
R00910,2015,couples,ritual_experience,neutral,0.5,You can book pooja in a day advance only starting from NCR 1100,5
R00636,2014,couples,sacred_atmosphere,positive,0.8,architecture was pure art,4
R00636,2014,couples,ritual_experience,positive,0.7,traditional songs/chants sung nearby,4
R00636,2014,couples,spiritual_authenticity,neutral,0.5,"holy men was an unusual sight, deep in meditation",4
R00636,2014,couples,environment,negative,0.3,"went on a rainy day, and had to keep our visit short due to the wetness",4
R01529,2017,friends,sacred_atmosphere,positive,0.8,It was absolutely fascinating,3
R01529,2017,friends,spiritual_authenticity,positive,0.7,"celebration of life, to the release into the next world",3
R02398,2020,friends,spiritual_authenticity,positive,0.8,many tourist came here for speritul purpose,5
R01148,2016,friends,ritual_experience,positive,0.8,definitely an authentic experience I truly enjoyed the Aarti,4
R01148,2016,friends,facility,neutral,0.5,temple guides to be very hot or miss,4
R01148,2016,friends,access_fairness,negative,0.3,taxis in Nepal are crooks,4
R01148,2016,friends,spiritual_authenticity,positive,0.7,definitely an authentic experience,4
R01364,2016,friends,service,positive,0.7,recommended you do this tour with a guide,4
R01364,2016,friends,cultural_sensitivity,positive,0.8,Hindu culture needs to be explained,4
R01364,2016,friends,sacred_atmosphere,positive,0.7,significance of the cremation ceremony,4
R01364,2016,friends,access_fairness,neutral,0.5,no entry to this but it is significant,4
R00448,2013,solo,cultural_sensitivity,negative,0.3,Non-Hindu tourists may be disappointed as the entry inside the temple premises is strictly for Hindus,3
R00448,2013,solo,environment,negative,0.2,i found the premises very dirty and chaotic,3
R00448,2013,solo,ritual_experience,negative,0.3,The priests in various small temples try to rob you by offering customized prayer menu,3
R00448,2013,solo,facility,neutral,0.5,Use only trusted car services to go around Kathmandu,3
R01242,2016,family,ritual_experience,positive,0.7,people can enjoy the Shiva arati function,3
R00757,2015,solo,sacred_atmosphere,positive,0.8,building itself is very impressive and you will feel its aura,4
R00757,2015,solo,facility,positive,0.7,facilities for storage for free,4
R00757,2015,solo,cultural_sensitivity,neutral,0.5,No foreigners are allowed in the temple,4
R00757,2015,solo,ritual_experience,negative,0.4,cremating of the bodies below was a sobering sight,4
R00757,2015,solo,environment,negative,0.3,river seemed polluted,4
R01697,2017,solo,facility,positive,0.7,gift and prasad shops are also available,5
R01697,2017,solo,crowd_management,neutral,0.5,best time to visit is early morning to avoid rush,5
R01697,2017,solo,cultural_sensitivity,negative,0.3,beware with fraud stone shops,5
R00133,2012,solo,ritual_experience,negative,0.3,I found a little disconcerting as we seemed to be intruding on peoples grief,4
R00133,2012,solo,sacred_atmosphere,neutral,0.5,cows and monkeys within the site and many small birds,4
R00202,2012,solo,sacred_atmosphere,positive,0.8,An amazing place for both sights and culture,5
R00202,2012,solo,environment,negative,0.3,horribly dirty river,5
R00202,2012,solo,crowd_management,neutral,0.5,before the tourist crowds arrive,5
R00202,2012,solo,cultural_sensitivity,negative,0.4,I was actually attacked by one for no reason,5
R01900,2018,family,sacred_atmosphere,positive,0.8,site itself is impressive,5
R01900,2018,family,cultural_sensitivity,positive,0.7,experiencing the different local approach to death,5
R01121,2016,solo,sacred_atmosphere,positive,0.9,holiest of the holiest temple is one of my favorite place,5
R00889,2015,unknown,sacred_atmosphere,neutral,0.5,"If you are happy with that, then it's a fascinating place",2
R01402,2017,business,cultural_sensitivity,positive,0.8,must for those who wish to understand Nepalese culture,5
R01402,2017,business,ritual_experience,neutral,0.5,open-air cremations are unusual for Westerners,5
R02127,2019,friends,spiritual_authenticity,positive,0.9,most amazing spiritual experiences,5
R02127,2019,friends,facility,positive,0.8,friendly people,5
R01464,2017,family,sacred_atmosphere,positive,0.9,Just to be in the vicinity gives you the tranquil feeling,5
R01464,2017,family,spiritual_authenticity,positive,0.85,find themselves at peace with their inner self,5
R01464,2017,family,environment,positive,0.8,Sitting by the holy river Bagmati and staring directly at the temple is just breathtaking,5
R01464,2017,family,ritual_experience,neutral,0.5,the chaos and the eerie cry of the families of the deceased,5
R00473,2014,unknown,cultural_sensitivity,negative,0.3,cultural shock,3
R00473,2014,unknown,access_fairness,negative,0.4,not cheap fee,3
R00021,2026,solo,access_fairness,negative,0.3,I therefore find it very excessive,2
R00021,2026,solo,cultural_sensitivity,negative,0.4,"non-Hindu, you are allowed the excessive 1000Rps",2
R00294,2013,family,access_fairness,negative,0.3,"At Rs1,000 each it is getting expensive",3
R00294,2013,family,facility,positive,0.6,money is being used to restore and maintain them,3
R00828,2015,business,sacred_atmosphere,positive,0.8,Temple is big and must visit,5
R00161,2012,friends,access_fairness,negative,0.3,a lot of tourists approach it along the river from the airport road where you won't get stopped to buy a ticket,4
R00161,2012,friends,facility,negative,0.4,guys offering to be a guide can get annoying,4
R01764,2017,family,sacred_atmosphere,positive,0.8,Must see place for Hindu,5
R01764,2017,family,access_fairness,neutral,0.5,temple gate closed during noon,5
R01245,2016,solo,sacred_atmosphere,positive,0.8,the temple area is beautiful,5
R01245,2016,solo,access_fairness,negative,0.3,you can't unfortunately access unless you're a hindu,5
R01245,2016,solo,cultural_sensitivity,neutral,0.5,as a foreigner you have to pay 1000rupiees,5
R00995,2016,solo,spiritual_authenticity,positive,0.9,truly spiritual,5
R00995,2016,solo,ritual_experience,positive,0.85,truly fascinating,5
R00995,2016,solo,facility,positive,0.8,get a guide who will explain,5
R02248,2019,business,sacred_atmosphere,positive,0.85,worthy to visit,5
R02248,2019,business,spiritual_authenticity,positive,0.8,purified mind and heart worshiping The Lord Shiva,5
R02194,2019,solo,sacred_atmosphere,positive,0.9,"special sacred place, no noise, no dust, no rush",5
R02194,2019,solo,environment,positive,0.85,night lightening adds more charm,5
R02005,2018,family,spiritual_authenticity,positive,0.9,great divine vibration,5
R02005,2018,family,ritual_experience,positive,0.85,do not miss the evening aarti,5
R02005,2018,family,sacred_atmosphere,positive,0.8,great divine vibration,5
R00579,2014,couples,ritual_experience,positive,0.8,witnessed the evening Aarti,4
R00579,2014,couples,sacred_atmosphere,positive,0.7,worth visiting whilst in Kathmandu,4
R01617,2017,friends,crowd_management,positive,0.7,Temple is not overcrowded,4
R01617,2017,friends,environment,neutral,0.5,"earthquake has damaged some structures, but main temples are more or less intact",4
R01617,2017,friends,ritual_experience,negative,0.4,difficult to offer Puja,4
R01617,2017,friends,sacred_atmosphere,positive,0.8,"Great experience, not to be missed",4
R00494,2014,friends,sacred_atmosphere,positive,0.8,a general sense of peace,4
R00494,2014,friends,cultural_sensitivity,negative,0.3,sight of an amusement park that is on the grounds,4
R00494,2014,friends,ritual_experience,positive,0.7,the process is highly ritualised and peaceful,4
R00494,2014,friends,access_fairness,negative,0.4,You cannot enter the Hindu temple itself,4
R02242,2019,solo,sacred_atmosphere,positive,0.8,"entire area is serenity, colorful and peaceful",5
R02242,2019,solo,environment,negative,0.3,Watch out for the aggressive monkeys,5
R01645,2017,family,sacred_atmosphere,positive,0.8,A great time in visiting this sacred place,5
R01645,2017,family,environment,positive,0.7,Lots of arts crafted everywhere,5
R01645,2017,family,crowd_management,neutral,0.5,"monkeys around, they won't attack you",5
R02044,2018,family,ritual_experience,neutral,0.5,interesting and informative with a native guide,5
R02044,2018,family,environment,negative,0.3,"river is polluted, there are lots of vendors",5
R02044,2018,family,facility,neutral,0.5,native guide I hired beforehand,5
R02044,2018,family,sacred_atmosphere,negative,0.4,We did not find it peaceful,5
R00318,2013,family,facility,negative,0.3,"guides will surround you, no need of guide",4
R00318,2013,family,sacred_atmosphere,positive,0.7,simple and no hangama around temple,4
R01175,2016,friends,spiritual_authenticity,positive,0.8,power of god shiva,5
R00270,2013,friends,sacred_atmosphere,positive,0.8,this is a happy place to visit,5
R00270,2013,friends,spiritual_authenticity,positive,0.85,I felt as if I was part of the process involved with families dealing with the death of their loved ones,5
R00270,2013,friends,environment,positive,0.9,many different things to see and experience,5
R01360,2016,couples,sacred_atmosphere,positive,0.8,Temple on up of stairs was great,4
R01360,2016,couples,spiritual_authenticity,positive,0.9,Cremation - body burning ceremony was so intense,4
R02170,2019,unknown,ritual_experience,positive,0.7,explained the entire process,5
R02170,2019,unknown,facility,positive,0.6,Grab a guide at the gate,5
R01620,2017,solo,ritual_experience,positive,0.8,cleansing and cremation rituals in Hindu culture,5
R01620,2017,solo,facility,positive,0.7,Recommended to have a good guide,5
R01620,2017,solo,sacred_atmosphere,positive,0.85,ashes swept in the holy river,5
R00307,2013,solo,sacred_atmosphere,positive,0.9,magical feeling of this place,5
R00307,2013,solo,ritual_experience,positive,0.8,different burial ceremonies,5
R00307,2013,solo,environment,positive,0.85,beautiful surroundings,5
R00307,2013,solo,spiritual_authenticity,positive,0.9,glimpse into a different culture,5
R00601,2014,family,spiritual_authenticity,positive,0.8,it gives a very spiritual feeling and immense confident within,5
R00601,2014,family,access_fairness,neutral,0.5,It is closed to non-hindu people,5
R00267,2013,friends,facility,negative,0.3,expressed disappointment about the size of our tip,5
R00267,2013,friends,sacred_atmosphere,positive,0.7,Just an exciting and interesting place to be,5
R02081,2018,couples,ritual_experience,positive,0.7,listen a aarati,5
R02081,2018,couples,crowd_management,negative,0.3,crowded on special ocassion,5
R01534,2017,couples,facility,negative,0.3,not well maintained or organized,1
R01534,2017,couples,sacred_atmosphere,neutral,0.5,well known religious place,1
R00705,2014,business,ritual_experience,mixed,0.5,"fascinating to see, it has become almost a spectacle",3
R00705,2014,business,cultural_sensitivity,negative,0.3,uneasy about the appropriateness of Western travellers lining the steps,3
R00480,2014,friends,cultural_sensitivity,positive,0.8,a lot of relevance as per the hindu mythology,5
R00480,2014,friends,ritual_experience,negative,0.3,touts who will try to indulge you in poojas,5
R00480,2014,friends,service,negative,0.3,touting you for a good amount that can regret of,5
R01791,2018,solo,cultural_sensitivity,neutral,0.5,Only Hindu inside temple is strictly enforced,5
R01791,2018,solo,ritual_experience,positive,0.7,Interesting to observe cultural and religious ritual,5
R01791,2018,solo,sacred_atmosphere,positive,0.6,respectful and mournful,5
R00446,2013,couples,sacred_atmosphere,positive,0.85,Really amazing experience in this temple,5
R00446,2013,couples,spiritual_authenticity,positive,0.8,seems like a place out of time,5
R00926,2015,family,ritual_experience,positive,0.7,It is worth watching,5
R00926,2015,family,sacred_atmosphere,positive,0.8,a big ceremony done behind the temple,5
R00926,2015,family,crowd_management,negative,0.3,watch out the monkeys,5
R00926,2015,family,spiritual_authenticity,positive,0.7,Hindus come and working Shiva in Pashupatinath temple,5
R00456,2014,friends,cultural_sensitivity,negative,0.3,non Hindus are not allowed inside,5
R00456,2014,friends,ritual_experience,positive,0.8,fantastic experience of something that we never actually see in the west,5
R01583,2017,friends,sacred_atmosphere,positive,0.85,It was a great experience visiting to pashupatinath temple,5
R01205,2016,unknown,sacred_atmosphere,positive,0.8,beauty of the temple is the golden Nandi,5
R01205,2016,unknown,crowd_management,negative,0.3,The temple is crowed,5
R01038,2016,solo,ritual_experience,positive,0.7,Many religious rituals keep on going,4
R01549,2017,friends,ritual_experience,positive,0.8,Amazing experience getting to watch the funeral pyre and the Aarti at sunset,3
R01549,2017,friends,environment,negative,0.2,the river itself is horribly polluted,3
R01549,2017,friends,access_fairness,negative,0.3,it's a shame you can't see the actual Temple,3
R00943,2015,friends,ritual_experience,neutral,0.5,see and understand the ceremony of death people preparation,4
R01413,2017,friends,sacred_atmosphere,positive,0.8,Great bathing pool and historical buildings,5
R01413,2017,friends,facility,positive,0.7,restaurants and shops,5
R00536,2014,friends,access_fairness,neutral,0.5,"it cost 10usd but, its really interesting",5
R00536,2014,friends,cultural_sensitivity,positive,0.7,pictures are allowed,5
R02267,2019,unknown,ritual_experience,positive,0.8,evening aarti is main attraction,5
R02267,2019,unknown,cultural_sensitivity,neutral,0.5,entry across river for foreigners,5
R00179,2012,friends,ritual_experience,positive,0.8,observing the rituals is undeniably fascinating,5
R00179,2012,friends,facility,positive,0.7,hire a guide - shouldn't cost more than 400 rupees,5
R00179,2012,friends,cultural_sensitivity,neutral,0.5,some scenes are graphic and unsuitable for young children,5
R00179,2012,friends,sacred_atmosphere,positive,0.7,drink in the cultural of it all and marvel at our differences,5
R01064,2016,family,sacred_atmosphere,positive,0.9,"The magical heaven! Spiritual Blessing! Clean, peaceful, calm",5
R01064,2016,family,ritual_experience,positive,0.8,tourist are allowed to sit and watch the burning cremation,5
R01064,2016,family,spiritual_authenticity,positive,0.85,"For all hindu's, it's definitely the gate way to heaven",5
R00499,2014,couples,sacred_atmosphere,positive,0.9,an atmosphere we will never forget,5
R00499,2014,couples,ritual_experience,positive,0.85,"singing, drums, burning bodies",5
R00499,2014,couples,spiritual_authenticity,positive,0.9,an alive temple with everyone doing their thing,5
R00499,2014,couples,facility,positive,0.8,befriended by a student who became our most competent guide,5
R00355,2013,solo,access_fairness,negative,0.3,non-hindus cannot visit the inside,4
R00355,2013,solo,facility,negative,0.4,site is in need of care and upkeep,4
R00355,2013,solo,cultural_sensitivity,negative,0.4,run down tourist attraction,4
R00355,2013,solo,sacred_atmosphere,positive,0.6,well worth the visit especially as a counterweight,4
R02225,2019,solo,access_fairness,negative,0.2,Foreign tourist are made to pay more than locals and Indian nationals,1
R02225,2019,solo,cultural_sensitivity,negative,0.3,"no information to tell tourists that if you are not a Hindu, you cannot enter",1
R02225,2019,solo,facility,negative,0.2,dog feaces near and around the entrance,1
R02225,2019,solo,crowd_management,negative,0.3,few foreign tourist is in the same predicament as me,1
R00594,2014,friends,sacred_atmosphere,positive,0.7,cremation area is fascinating,3
R00594,2014,friends,cultural_sensitivity,negative,0.3,non-Hindus are not allowed,3
R00594,2014,friends,environment,negative,0.2,temple is not kept clean,3
R00594,2014,friends,facility,neutral,0.5,"monkeys are fun to watch, although one did try to grab my purse",3
R01268,2016,couples,sacred_atmosphere,positive,0.8,feel of the lord itself gives the ultimate satisfaction,4
R01268,2016,couples,environment,negative,0.3,Ghats and the river are not something I will prefer to visit,4
R02173,2019,couples,ritual_experience,neutral,0.5,Quite messy and a bit confronting,4
R01665,2017,couples,sacred_atmosphere,neutral,0.5,Typical hindu temple,3
R01665,2017,couples,facility,neutral,0.5,many places are under renovation,3
R00372,2013,friends,sacred_atmosphere,positive,0.9,Awesome place to visit specially during great Hindu festival Shivaratri,5
R00091,2012,unknown,spiritual_authenticity,positive,0.9,one of the most revered shrines for the Hindus,4
R01185,2016,family,environment,negative,0.3,temple outer area was bit detsroyed,5
R01185,2016,family,ritual_experience,positive,0.7,One should defintly go and worship,5
R01783,2018,solo,access_fairness,negative,0.3,"1,000 rupees to enter ($10 USD) was the most expensive tourist attraction",3
R01783,2018,solo,facility,negative,0.2,"scammed out of 1,000 rupees ($10 USD) for a 20 minute tour",3
R01783,2018,solo,cultural_sensitivity,negative,0.4,I really hate getting the 'gringo' treatment,3
R01783,2018,solo,sacred_atmosphere,positive,0.6,Definitely worth viewing if you are not deterred by burning bodies,3
R01543,2017,couples,sacred_atmosphere,positive,0.9,spiritually satisfying visit,5
R01543,2017,couples,crowd_management,positive,0.8,process of darshan is hassle free,5
R01543,2017,couples,spiritual_authenticity,positive,0.85,amazing number of shiv lingas,5
R01195,2016,solo,service,positive,0.8,A very friendly guide who speaks English,5
R01195,2016,solo,spiritual_authenticity,positive,0.7,part of the Nepali community,5
R01195,2016,solo,facility,positive,0.85,enjoy the narration from the guide,5
R01902,2018,solo,spiritual_authenticity,positive,0.8,"defines Nepal in terms of hospitality, spirituality and devotion",5
R01902,2018,solo,sacred_atmosphere,positive,0.7,people came to know about the sanctity of the place,5
R02368,2020,business,facility,positive,0.85,nice organization very good condition and clean,5
R00376,2013,family,cultural_sensitivity,negative,0.3,non-hindus were not allowed inside it and so were cameras,4
R00376,2013,family,sacred_atmosphere,negative,0.4,foul smell goes around everywhere,4
R01613,2017,couples,facility,positive,0.7,cash machines conveniently located,5
R01613,2017,couples,ritual_experience,positive,0.8,this was a moving experience,5
R01613,2017,couples,cultural_sensitivity,negative,0.3,religion seemed to take second place to money,5
R01613,2017,couples,access_fairness,neutral,0.5,As a non-Hindu you cannot enter,5
R02417,2022,family,spiritual_authenticity,positive,0.9,Best experience with eternal peace,5
R02417,2022,family,ritual_experience,positive,0.85,Shandya Aarati was great to see,5
R00848,2015,family,sacred_atmosphere,positive,0.85,Spiritual place indeed.... not to be missed experience,4
R00848,2015,family,environment,negative,0.3,smell of burning flesh and not so clean surrounding,4
R00848,2015,family,ritual_experience,positive,0.7,nice experience to see 'aarti' at river,4
R00187,2012,couples,sacred_atmosphere,positive,0.9,place is so beautiful and simply awesome,5
R00187,2012,couples,spiritual_authenticity,positive,0.85,wonder and ponder around such wonderful architecture,5
R00599,2014,business,sacred_atmosphere,positive,0.9,spiritual experience of lifetime,5
R00599,2014,business,spiritual_authenticity,positive,0.85,"simple, humble devotees",5
R00599,2014,business,environment,positive,0.8,"well done walkway , a midst greenery and well lined trees",5
R01124,2016,friends,access_fairness,negative,0.3,Not being Hindu were weren't allowed to enter,3
R01124,2016,friends,spiritual_authenticity,neutral,0.5,wish we'd had someone to describe more about its significance,3
R01179,2016,friends,spiritual_authenticity,positive,0.8,good to know about hindusm,5
R01027,2016,unknown,sacred_atmosphere,positive,0.9,I felt Quite Peaceful,4
R01027,2016,unknown,spiritual_authenticity,positive,0.85,A sense of Presence of God,4
R00427,2013,friends,sacred_atmosphere,positive,0.7,"Liked the temple, the sheer size and the rituals going on is worth a visit",4
R00427,2013,friends,access_fairness,negative,0.3,non Hindus are not allowed into the main temple,4
R00427,2013,friends,access_fairness,negative,0.4,there is a fee to enter the temple,4
R00840,2015,couples,cultural_sensitivity,neutral,0.5,No leather bags or jackets are allowed,4
R00840,2015,couples,spiritual_authenticity,positive,0.7,free themselves from the cycle of rebirth,4
R00840,2015,couples,sacred_atmosphere,positive,0.6,A Hindu cremation ground,4
R00783,2015,unknown,sacred_atmosphere,positive,0.9,Amazing expierence,5
R00163,2012,friends,cultural_sensitivity,neutral,0.5,won't allow you to enter if you are not a Hindu,3
R00163,2012,friends,ritual_experience,positive,0.7,interesting to witness some Hindu traditions,3
R00163,2012,friends,sacred_atmosphere,neutral,0.5,did not find it as interesting as the other temples,3
R00342,2013,couples,crowd_management,negative,0.3,very crowdy place,4
R00342,2013,couples,ritual_experience,negative,0.4,hardly could have darshan,4
R00342,2013,couples,sacred_atmosphere,positive,0.7,shivaling is unik,4
R00342,2013,couples,environment,negative,0.3,ghats on bagamati river is good but not clean,4
R01475,2017,couples,sacred_atmosphere,positive,0.8,Oh unimaginable temple,5
R01475,2017,couples,environment,positive,0.7,nice,5
R02377,2020,solo,sacred_atmosphere,negative,0.3,dirty pashupati by the visitors is making ugly pashupati,3
R02377,2020,solo,spiritual_authenticity,positive,0.7,faith the Lord will bless anything you ask for,3
R02377,2020,solo,facility,negative,0.4,not such thought has been put about the tourist facilities,3
R02377,2020,solo,environment,negative,0.3,community should think about this,3
R02220,2019,solo,service,negative,0.3,people trying to sell you things or push their services onto you,4
R02220,2019,solo,ritual_experience,positive,0.7,the cultural experiences are something you should definitely experience,4
R02220,2019,solo,environment,negative,0.4,"monkeys were quite aggressive, getting in peoples faces",4
R02220,2019,solo,cultural_sensitivity,positive,0.6,be respectful of the mourners,4
R00795,2015,solo,cultural_sensitivity,positive,0.7,respect this place,3
R00795,2015,solo,access_fairness,negative,0.3,price is 1000 NPR,3
R00188,2012,solo,ritual_experience,positive,0.8,I was however deeply touched by their cremation ritual,4
R00188,2012,solo,environment,positive,0.7,Every sight around this place is vibrant - worth visiting there,4
R01850,2018,solo,cultural_sensitivity,neutral,0.5,Only hindus can enter to the temple,3
R00276,2013,solo,ritual_experience,positive,0.7,worth seeing once,5
R00276,2013,solo,facility,neutral,0.5,pay for a guide (negotiate first - no more than a few hundred Rs),5
R00571,2014,family,facility,negative,0.3,area is also very crowded and not so clean,2
R00571,2014,family,access_fairness,negative,0.2,if you have money you are allowed to see the shrine faster,2
R00571,2014,family,cultural_sensitivity,negative,0.3,claim that God treats all humans equal,2
R00571,2014,family,crowd_management,negative,0.3,area is also very crowded,2
R01653,2017,solo,service,positive,0.8,recommend going with a guide,5
R01653,2017,solo,environment,negative,0.3,temple when approached seems a bit chaotic and dirty,5
R01653,2017,solo,ritual_experience,positive,0.7,burial rituals were very visual and telling,5
R01653,2017,solo,spiritual_authenticity,positive,0.9,weight of the loss of their lost one became too much,5
R00896,2015,friends,spiritual_authenticity,positive,0.9,very religious place for Indians,5
R00896,2015,friends,sacred_atmosphere,positive,0.85,"relax your mind, body & soul",5
R02230,2019,couples,access_fairness,negative,0.3,"as foreign tourist and not a Hindu, you cannot enter the main temple complex",4
R02230,2019,couples,environment,negative,0.2,place is also filthy and there are dog feaces near and around the entrance,4
R02230,2019,couples,sacred_atmosphere,negative,0.4,UNESCO site and places of worship should be treated with the respect and dignity,4
R02230,2019,couples,ritual_experience,positive,0.7,seeing the cremation was a very interesting experience,4
R01143,2016,friends,sacred_atmosphere,positive,0.7,"Pashupati Temple is beautiful, with lovely grounds especially at sunset",3
R01143,2016,friends,cultural_sensitivity,negative,0.3,only Hindus are allowed in the temple itself,3
R01143,2016,friends,environment,negative,0.4,scammers around as well,3
R01143,2016,friends,spiritual_authenticity,negative,0.3,These men are not genuine,3
R01836,2018,friends,sacred_atmosphere,positive,0.8,sacred temple for Hindus,3
R01836,2018,friends,ritual_experience,positive,0.7,manage demised bodies in a most respectful way,3
R01650,2017,family,sacred_atmosphere,positive,0.9,stunned by the imposing structure,5
R01650,2017,family,ritual_experience,positive,0.85,felt elated witnessing the arti,5
R01650,2017,family,spiritual_authenticity,positive,0.8,being blessed by Lord Pashupathi nath,5
R00833,2015,friends,access_fairness,neutral,0.5,non Hindu tourist are not allowed,5
R00833,2015,friends,cultural_sensitivity,positive,0.7,you can also see Hindu community peoples rituals,5
R00154,2012,business,access_fairness,negative,0.3,only Hindus are allowed to enter,3
R00154,2012,business,environment,negative,0.3,approach is dirty,3
R02288,2019,unknown,cultural_sensitivity,negative,0.3,main temple is open only local to hindus,5
R02288,2019,unknown,ritual_experience,positive,0.7,place for the burial ceremoneys which is something unique,5
R02288,2019,unknown,spiritual_authenticity,neutral,0.5,you get to known oother religions beleives with regards to death,5
R00804,2015,couples,access_fairness,negative,0.2,ask for 1000 rupees or 10 U$,1
R00804,2015,couples,cultural_sensitivity,negative,0.3,Golden Temple is just for Hindu People,1
R00804,2015,couples,facility,negative,0.2,service of third world,1
R01295,2016,business,facility,negative,0.3,repair work is on but slow,5
R01295,2016,business,cultural_sensitivity,neutral,0.5,Only Hindu are allowed in the centre,5
R01092,2016,unknown,spiritual_authenticity,positive,0.8,important pilgrimage site,5
R01638,2017,family,spiritual_authenticity,positive,0.9,"very pious place, you feel positive energy",5
R02428,2023,unknown,sacred_atmosphere,positive,0.85,impressive architecture structure of the temple on pagoda style,5
R02428,2023,unknown,spiritual_authenticity,positive,0.8,make you more emotional while saw cremation,5
R02320,2019,unknown,sacred_atmosphere,positive,0.9,mandir is divine,5
R02320,2019,unknown,ritual_experience,positive,0.85,beautiful experience of puja,5
R02320,2019,unknown,facility,positive,0.8,beautifully maintained by the government,5
R02320,2019,unknown,cultural_sensitivity,positive,0.8,animals were also allowed in the temple premises and were given respect,5
R00415,2013,friends,sacred_atmosphere,positive,0.8,feel the spiritual atmosphere of the place,5
R01465,2017,unknown,sacred_atmosphere,positive,0.8,In the holy place you see a huge statue made of bronze,5
R02344,2019,unknown,ritual_experience,positive,0.9,the whole ritual was amazing,5
R02344,2019,unknown,sacred_atmosphere,positive,0.85,experience was one i will not forget,5
R02344,2019,unknown,cultural_sensitivity,positive,0.8,experience not to be missed especially by Westerners,5
R00216,2012,unknown,access_fairness,negative,0.3,they didn't give u to use it,5
R00738,2014,family,ritual_experience,positive,0.8,good time for darshan is mornings after 9:30,5
R00357,2013,friends,access_fairness,negative,0.3,a bit discriminating I would say,2
R00357,2013,friends,cultural_sensitivity,negative,0.2,did not enjoy seeing other tourists taking pictures of cremations,2
R01839,2018,unknown,cultural_sensitivity,neutral,0.5,non Hindus are not allowed into the temple,3
R01839,2018,unknown,sacred_atmosphere,positive,0.7,river that Hindus revere,3
R01839,2018,unknown,crowd_management,negative,0.3,it is a crowded place,3
R00028,2011,unknown,cultural_sensitivity,neutral,0.5,thought would be disrespectful,5
R00028,2011,unknown,crowd_management,negative,0.3,kids swarming you,5
R01431,2017,solo,environment,negative,0.3,kept really dirt,2
R01431,2017,solo,access_fairness,negative,0.4,Entrance fee is high,2
R01431,2017,solo,cultural_sensitivity,negative,0.3,tourist can not go inside the real temple,2
R01946,2018,friends,ritual_experience,positive,0.8,Seeing the cremation process leave us speechless,4
R01301,2016,friends,sacred_atmosphere,positive,0.8,such a moving experience,5
R01301,2016,friends,ritual_experience,positive,0.7,first time to witness a public cremation,5
R01374,2016,couples,sacred_atmosphere,positive,0.8,very very big and old Hindus temple,5
R01789,2018,family,sacred_atmosphere,positive,0.9,Hindu temple is quite beautiful,5
R01789,2018,family,spiritual_authenticity,positive,0.85,site is quite foreign and definitely worthy of a bucket list,5
R02455,2024,business,facility,positive,0.8,temple management has made good arrangements for Shoes deposits and parking,5
R02455,2024,business,environment,positive,0.7,cleanliness is maintained inside the shrine,5
R02455,2024,business,ritual_experience,neutral,0.5,darshan some time take a bit wile while other times its quite quick,5
R02455,2024,business,cultural_sensitivity,neutral,0.5,just a caution as there are loads of Naga sadhus inside the temple premises,5
R01252,2016,friends,sacred_atmosphere,positive,0.9,holiest place for the devotees of Lord Shiva,5
R01252,2016,friends,spiritual_authenticity,positive,0.85,holy field of this place makes me visit,5
R01126,2016,family,sacred_atmosphere,positive,0.8,hindus consider holy and a must visit,4
R01126,2016,family,crowd_management,positive,0.7,less crowded,4
R01126,2016,family,environment,positive,0.8,temple is clean,4
R00135,2012,solo,sacred_atmosphere,positive,0.8,it was amazing,5
R00135,2012,solo,spiritual_authenticity,positive,0.9,it was exotic and fascinating,5
R00135,2012,solo,access_fairness,negative,0.3,if you don't like steps it's not particularly accessible,5
R00135,2012,solo,cultural_sensitivity,positive,0.7,you have more of a sense of the local,5
R02426,2022,unknown,ritual_experience,positive,0.9,offer darshan and puja,5
R02426,2022,unknown,spiritual_authenticity,positive,0.85,immense energy was felt,5
R02426,2022,unknown,sacred_atmosphere,positive,0.9,energy was felt from the sanctum Sanctorum,5
R02117,2019,couples,facility,positive,0.8,"The Approach, Temple were clean",5
R02117,2019,couples,ritual_experience,positive,0.85,We had a good Darshan and also had an opportunity to have a parikarama,5
R02117,2019,couples,environment,negative,0.4,Pond on the rear side was a bit dirty,5
R00534,2014,friends,facility,positive,0.7,temple complex has been well maintained and clean,4
R00534,2014,friends,facility,negative,0.4,area around the shoe collection point can be managed better,4
R00534,2014,friends,service,negative,0.3,management should control the priests from hounding the devotees,4
R00796,2015,couples,access_fairness,negative,0.4,fee is a bit expensive for foreigners,5
R00796,2015,couples,sacred_atmosphere,positive,0.8,Peaceful atmosphere amongst monkeys and sadhus,5
R00796,2015,couples,spiritual_authenticity,positive,0.9,Fantastic experience!,5
R01591,2017,friends,access_fairness,negative,0.3,pay a fee of 1000 rupees each,4
R01591,2017,friends,facility,negative,0.4,fake 'official' guide,4
R01591,2017,friends,cultural_sensitivity,negative,0.3,DO NOT TRUST ANYONE WHO APPROACHES YOU,4
R01591,2017,friends,general_sentiment,positive,0.7,great experience anyways,4
R02179,2019,friends,spiritual_authenticity,positive,0.8,Highly recommend this place for great new experience,5
R00761,2015,friends,ritual_experience,neutral,0.5,book your abhishek puja in advance,5
R02379,2020,unknown,access_fairness,neutral,0.5,there is a paid view where you can have exclusive Darshan,5
R02379,2020,unknown,crowd_management,negative,0.4,many a times there is long queue of devotees,5
R00050,2011,couples,cultural_sensitivity,negative,0.3,Disapointing is the attitude of other tourist,3
R00050,2011,couples,spiritual_authenticity,positive,0.8,"Awesome, a place to look and consider life",3
R00948,2015,solo,sacred_atmosphere,positive,0.9,feel the place sound of mantra and chanting of bells,5
R01522,2017,friends,spiritual_authenticity,positive,0.9,People has great faith for Pashupatinath,5
R00516,2014,friends,sacred_atmosphere,positive,0.8,soaking up the atmosphere,5
R00516,2014,friends,cultural_sensitivity,positive,0.9,huge respect for the Hindu tradition,5
R00516,2014,friends,crowd_management,negative,0.4,"busy, there are lots of hawkers and tourists",5
R01456,2017,couples,facility,positive,0.7,short walk from the car park,4
R01456,2017,couples,ritual_experience,positive,0.8,Puja offerings quite straightforward,4
R01456,2017,couples,cultural_sensitivity,neutral,0.5,Temple closes at 7 pm,4
R00664,2014,couples,ritual_experience,positive,0.8,very moving site to behold,5
R00664,2014,couples,spiritual_authenticity,positive,0.85,very moving site to behold,5
R00938,2015,couples,sacred_atmosphere,positive,0.7,interesting buildings and to see the Cremations,4
R01953,2018,solo,cultural_sensitivity,negative,0.3,"Racial Barrier, as Indian Christians can just walk in",5
R01953,2018,solo,access_fairness,negative,0.2,non Hindus are forbidden entry,5
R00040,2011,solo,access_fairness,negative,0.3,non-Hindus are excluded,4
R00040,2011,solo,service,positive,0.8,wonderful guide,4
R01498,2017,friends,access_fairness,negative,0.2,only hindu people are allowed,1
R01498,2017,friends,facility,negative,0.2,guard did not let me in,1
R01498,2017,friends,cultural_sensitivity,negative,0.2,pushed me away and shouted,1
R01498,2017,friends,service,negative,0.2,extremely expensive for no reason,1
R01662,2017,couples,sacred_atmosphere,positive,0.8,this place is the center of Hinduism and very holy,5
R01662,2017,couples,spiritual_authenticity,positive,0.7,We left it with a deep thoughtfulness,5
R01662,2017,couples,environment,negative,0.3,the smoke the sorrow and the misery...all this is totally different,5
R00466,2014,solo,access_fairness,neutral,0.5,Temple is very big and is easily approachable,5
R00466,2014,solo,cultural_sensitivity,neutral,0.5,Photography is prohibited to capture temple structures,5
R01995,2018,solo,sacred_atmosphere,positive,0.8,powerful place for devote people,3
R01995,2018,solo,cultural_sensitivity,neutral,0.5,out of bounds for non-Hindus,3
R01995,2018,solo,crowd_management,negative,0.3,very crowded place,3
R01062,2016,friends,cultural_sensitivity,positive,0.8,i dont dare to take picture because its really disrespect,3
R01062,2016,friends,environment,negative,0.3,wear mask always because of pollution,3
R01062,2016,friends,facility,positive,0.7,my local nepali friend helped and bring me to this place,3
R00526,2014,friends,ritual_experience,positive,0.9,"visit for arthi darsan after 6pm, really enthralling experience",4
R00526,2014,friends,sacred_atmosphere,positive,0.85,the puja and the crowd chanting mantras what an experience,4
R00526,2014,friends,spiritual_authenticity,positive,0.8,a big bull statue is awesome,4
R01731,2017,couples,ritual_experience,positive,0.9,an amazing experience,5
R01731,2017,couples,sacred_atmosphere,positive,0.85,stay for the evening arathi,5
R02293,2019,family,sacred_atmosphere,positive,0.8,world famous and is frequented by many Hindus for religious purpose,4
R02293,2019,family,ritual_experience,positive,0.7,People do religious ceremonies on the banks of river,4
R01080,2016,couples,ritual_experience,positive,0.7,place to observe ceremonial activities,4
R00858,2015,family,spiritual_authenticity,positive,0.9,within the heart of mine,5
R00858,2015,family,sacred_atmosphere,positive,0.85,became so peacefull on sitting the bagmati river sides,5
R00797,2015,family,environment,positive,0.7,clean and just not properly managed,4
R00797,2015,family,facility,positive,0.6,getting clicked in traditional Nepali dress,4
R01055,2016,solo,crowd_management,negative,0.3,lacks gud mgmt of temple,2
R01055,2016,solo,facility,negative,0.4,if it rains everything gets messy,2
R01055,2016,solo,ritual_experience,positive,0.6,Darshan is some how managed well,2
R01055,2016,solo,environment,negative,0.3,cleanliness should be addressed with top priority,2
R01521,2017,family,sacred_atmosphere,positive,0.9,The temple complex takes us to thousand of years back,5
R01521,2017,family,spiritual_authenticity,positive,0.85,unique form of shivalinga that we cannot see anywhere,5
R00451,2013,family,crowd_management,negative,0.2,temple is too crowded,1
R00451,2013,family,environment,negative,0.3,not properly maintained,1
R00451,2013,family,sacred_atmosphere,negative,0.3,not worth it,1
R01373,2016,solo,crowd_management,neutral,0.5,go early as it gets busy,5
R01373,2016,solo,sacred_atmosphere,positive,0.7,A must see,5
R00590,2014,friends,environment,negative,0.3,walking thru rain makes steps slippery,4
R00590,2014,friends,ritual_experience,neutral,0.5,witnessed the final rites of hindu dead,4
R02279,2019,unknown,sacred_atmosphere,positive,0.8,very peaceful,5
R02279,2019,unknown,spiritual_authenticity,positive,0.7,I love this spot very much,5
R00065,2012,couples,environment,negative,0.3,the smell and the smoke of burning corpses could get you,3
R00274,2013,friends,ritual_experience,positive,0.7,I found this very interesting,4
R00274,2013,friends,cultural_sensitivity,neutral,0.5,Non Hindus may not enter the temple,4
R01740,2017,friends,ritual_experience,neutral,0.5,This is full on ritual,5
R01316,2016,couples,sacred_atmosphere,positive,0.8,exceptionally beautiful how they deal with death,5
R01316,2016,couples,spiritual_authenticity,neutral,0.5,commercial Sadhus,5
R01316,2016,couples,environment,negative,0.4,ever present monkeys,5
R01399,2017,business,cultural_sensitivity,positive,0.7,Pertinent that you observe the sensitiveness regarding attire,4
R01399,2017,business,sacred_atmosphere,neutral,0.5,Very popular to locals and visitors,4
R01399,2017,business,crowd_management,negative,0.4,Avoid the shoppers and others trying to make a quick buck,4
R01558,2017,family,sacred_atmosphere,positive,0.8,good atmosphere,5
R01558,2017,family,environment,negative,0.4,not quite clean,5
R00044,2011,couples,spiritual_authenticity,positive,0.8,early form of Hinduism can be observed,4
R02461,2024,family,sacred_atmosphere,positive,0.85,peaceful temple,5
R02461,2024,family,spiritual_authenticity,positive,0.8,exude timeless reverence,5
R01063,2016,solo,sacred_atmosphere,positive,0.9,ambience of the place is just awsome,4
R02198,2019,family,facility,positive,0.7,better if you get accommodation near,5
R02198,2019,family,cultural_sensitivity,positive,0.8,best time to visit it,5
R02198,2019,family,ritual_experience,positive,0.85,have darshan from close by,5
R01843,2018,solo,ritual_experience,positive,0.8,Very emotional to watch the cremation,5
R01843,2018,solo,spiritual_authenticity,positive,0.85,Amazing that Pashupatinath Temple is one of the 8 UNESCO Cultural Heritage Sites,5
R01843,2018,solo,sacred_atmosphere,positive,0.9,A must see,5
R00715,2014,couples,access_fairness,neutral,0.5,Hindus are only permitted in the temple itself,4
R00715,2014,couples,crowd_management,neutral,0.5,mass of people who congregate,4
R00715,2014,couples,spiritual_authenticity,positive,0.7,sight to behold,4
R00715,2014,couples,sacred_atmosphere,positive,0.7,worthwhile trip,4
R00425,2013,unknown,spiritual_authenticity,positive,0.9,religious values and history have earned its place,5
R00425,2013,unknown,sacred_atmosphere,positive,0.85,artistic excellence of wood carving,5
R02217,2019,solo,spiritual_authenticity,positive,0.9,great significance for spiritual flowering and esoteric wisdom,5
R02217,2019,solo,cultural_sensitivity,positive,0.8,Photography is not allowed inside the premises,5
R02217,2019,solo,crowd_management,negative,0.3,generally there will be huge rush,5
R02217,2019,solo,service,negative,0.4,touts who try to dupe pilgrims,5
R00395,2013,unknown,environment,negative,0.2,Bad smells captured you,2
R00395,2013,unknown,cultural_sensitivity,negative,0.3,no need to go there. It will just waste your time,2
R00395,2013,unknown,sacred_atmosphere,negative,0.3,There is nothing to see here,2
R02327,2019,solo,sacred_atmosphere,positive,0.9,This is mystic. Amazing place.,5
R02327,2019,solo,crowd_management,positive,0.7,Not as much crowded as other Hindu places of worship in India.,5
R02327,2019,solo,spiritual_authenticity,positive,0.85,architecture left me spellbound,5
R02416,2022,unknown,sacred_atmosphere,positive,0.8,this holy place,5
R02036,2018,couples,spiritual_authenticity,positive,0.8,A must visit for devout hindus at least once in their lifetime,5
R02036,2018,couples,sacred_atmosphere,positive,0.7,view the rituals being performed at the banks of the Bagmati river,5
R02036,2018,couples,ritual_experience,positive,0.85,arti takes place from here and it s a must,5
R00248,2013,family,access_fairness,positive,0.7,entry fee of 500 R was well worth it,5
R00248,2013,family,facility,negative,0.4,guy wouldn't leave despite us ignoring him,5
R00248,2013,family,sacred_atmosphere,positive,0.8,so many amazing things to look at,5
R00248,2013,family,cultural_sensitivity,negative,0.3,they will look at it as though you have given them a piece of dirt,5
R00248,2013,family,environment,positive,0.7,worth walking up the beautiful steps and sitting for a while,5
R02099,2018,solo,sacred_atmosphere,positive,0.9,beautiful temple dedicated to Lord Shiva,5
R02099,2018,solo,spiritual_authenticity,positive,0.85,I feel humbled to have visited inside,5
R02099,2018,solo,ritual_experience,positive,0.8,first hand experience of cremation,5
R02099,2018,solo,environment,positive,0.9,beautiful architecture,5
R01535,2017,couples,facility,positive,0.8,smooth and hassle free thanks to the streamlined systems,5
R01535,2017,couples,crowd_management,positive,0.85,can be visited without any jostling and shouts,5
R01535,2017,couples,environment,neutral,0.5,riversides will also get facelifts,5
R01535,2017,couples,facility,negative,0.4,parking facilities too need attention,5
R00465,2014,friends,sacred_atmosphere,positive,0.85,Its a fascinating place,5
R00465,2014,friends,spiritual_authenticity,positive,0.8,architecture of the temples are beautiful,5
R00465,2014,friends,cultural_sensitivity,negative,0.3,they charge foreigners nearly $10 when they can't even go into the temple,5
R00465,2014,friends,ritual_experience,positive,0.7,watching the cremation ritual from the viewing place opposite the temple is quite fascinating,5
R02388,2020,unknown,sacred_atmosphere,positive,0.8,Most visited places in Nepal,5
R02388,2020,unknown,spiritual_authenticity,positive,0.85,Recommend places,5
R01941,2018,unknown,sacred_atmosphere,positive,0.7,cool temples and a lot of religious people,5
R01941,2018,unknown,crowd_management,positive,0.8,"got there before 7 am, which was cool because of few people",5
R00588,2014,friends,access_fairness,negative,0.3,we have to pay entrance fee for that which is 1000 rupees,3
R02077,2018,couples,ritual_experience,positive,0.85,"Aarati was offered to Bagmati, Pashupatinath and his consort Parvati",5
R02077,2018,couples,sacred_atmosphere,positive,0.9,"atmosphere was full with the burning of incense, chanting of Vedic mantras",5
R02077,2018,couples,cultural_sensitivity,neutral,0.5,women coming to see the departed soul,5
R02077,2018,couples,spiritual_authenticity,positive,0.8,hailing for the wellness of every living soul in the Universe,5
R01599,2017,family,facility,negative,0.4,needs more maintenance,4
R01599,2017,family,sacred_atmosphere,positive,0.7,a must visit temple once you are in Nepal,4
R01599,2017,family,cultural_sensitivity,positive,0.8,a pride of Nepal,4
R02280,2019,couples,facility,positive,0.7,pleased we did so as we would have cluelessly walked into the funerals otherwise,5
R02280,2019,couples,service,negative,0.4,guides pounce on you and then charge 1000 rupees,5
R02280,2019,couples,sacred_atmosphere,positive,0.8,"The area is impressive and very busy, with lots of temples to admire",5
R02280,2019,couples,spiritual_authenticity,positive,0.9,an eye-opening experience,5
R01367,2016,unknown,spiritual_authenticity,positive,0.8,best place for the Historical and Cultural place to visit,5
R00058,2011,unknown,sacred_atmosphere,negative,0.3,modern day chaos has negated the whole philosophy of a sacred place,3
R00058,2011,unknown,spiritual_authenticity,negative,0.4,running business model (very lucrative as well),3
R02437,2023,couples,access_fairness,negative,0.3,not allowed (as non-Hindus) into the temple courtyard,2
R02437,2023,couples,cultural_sensitivity,negative,0.4,extremely disappointing,2
R02437,2023,couples,sacred_atmosphere,neutral,0.5,The cremation grounds are interesting,2
R02437,2023,couples,facility,negative,0.3,not a lot more to see that we could not see at many other historic temples,2
R01345,2016,friends,ritual_experience,positive,0.8,An experience I will never forget,5
R01345,2016,friends,sacred_atmosphere,positive,0.85,it was so lovely to see,5
R01647,2017,couples,access_fairness,neutral,0.5,the most expensive of the World Heritage listed sites,5
R01647,2017,couples,spiritual_authenticity,positive,0.8,great insight into the Hindu religion,5
R01647,2017,couples,ritual_experience,positive,0.9,beautiful to observe the preparation of a body for cremation,5
R01647,2017,couples,facility,negative,0.3,potential guides and shopkeepers are very persistent,5
R01032,2016,couples,cultural_sensitivity,negative,0.3,only Hindus are allowed into the main part,5
R01032,2016,couples,service,negative,0.4,priests did want more money for darshan,5
R01032,2016,couples,spiritual_authenticity,positive,0.7,glad that we went and were able to pay our respects to Lord Shiva,5
R02407,2022,unknown,ritual_experience,positive,0.8,It was a good experience,5
R02407,2022,unknown,sacred_atmosphere,positive,0.85,literally got goosebumps while hearing the bhajan,5
R02407,2022,unknown,crowd_management,negative,0.3,area is usually crowded,5
R01150,2016,family,sacred_atmosphere,positive,0.9,calm and peaceful,5
R01150,2016,family,spiritual_authenticity,positive,0.85,feel the divine power,5
R00400,2013,couples,facility,positive,0.8,in the company of a guide which is essential,5
R00400,2013,couples,spiritual_authenticity,positive,0.9,nothing compares to seeing it in real life,5
R00680,2014,friends,environment,negative,0.3,The river looks dirty,4
R00680,2014,friends,spiritual_authenticity,neutral,0.5,watching Hindu cremations is not any ones idea of a good day out,4
R00680,2014,friends,facility,positive,0.7,Sisters of Loretto have a Hospice within this complex,4
R00006,2025,friends,environment,negative,0.3,Place was bit dirty and crowded,4
R00006,2025,friends,spiritual_authenticity,positive,0.8,culture and tradition is well preserved,4
R00006,2025,friends,sacred_atmosphere,positive,0.9,over all experience was really amazing,4
R01110,2016,friends,ritual_experience,positive,0.7,We learnt a lot from this,4
R01110,2016,friends,sacred_atmosphere,positive,0.6,Worth a visit,4
R01110,2016,friends,crowd_management,negative,0.4,Temple areas were very busy,4
R00642,2014,friends,facility,negative,0.3,they will ask you some money for that,4
R01618,2017,unknown,access_fairness,negative,0.3,1000 rupees is a ridiculous entry price,1
R01618,2017,unknown,facility,negative,0.4,chased by a security guard,1
R01618,2017,unknown,sacred_atmosphere,neutral,0.5,enjoyed some buildings from further away,1
R00368,2013,unknown,sacred_atmosphere,positive,0.85,Very nice Hindu tampel in world,5
R00132,2012,family,cultural_sensitivity,neutral,0.5,Allowed only for HINDUS,4
R01908,2018,friends,sacred_atmosphere,positive,0.9,really fascinated by this holy Shiva Mandir,5
R01908,2018,friends,spiritual_authenticity,positive,0.85,worship according to Hindu rituals,5
R01908,2018,friends,environment,positive,0.8,very beautiful forest along with herds of wild deer,5
R01908,2018,friends,crowd_management,neutral,0.5,Thousands of domestic and foreign people visit this temple everyday,5
R00297,2013,family,sacred_atmosphere,positive,0.8,holiest Hindu temple of Nepal,5
R00467,2014,couples,environment,positive,0.8,temple grounds to be well kept,4
R00467,2014,couples,spiritual_authenticity,positive,0.7,was very moving nonetheless,4
R00467,2014,couples,sacred_atmosphere,positive,0.7,experience of seeing these cremation ghats,4
R01258,2016,couples,environment,negative,0.3,river is not so clean,5
R01258,2016,couples,sacred_atmosphere,positive,0.6,see about Hindu religion,5
R02054,2018,couples,sacred_atmosphere,positive,0.8,great vibration and you instantly feel calm and peace,5
R02054,2018,couples,crowd_management,negative,0.3,The temple tends to be crowded,5
R02054,2018,couples,facility,positive,0.7,"local guides though , who can help you take you inside with ease",5
R02054,2018,couples,cultural_sensitivity,negative,0.4,Be aware of touts and pick pocketers while visiting,5
R01273,2016,business,spiritual_authenticity,positive,0.9,divine blessings to me,4
R01273,2016,business,sacred_atmosphere,positive,0.85,Beautiful place,4
R01015,2016,friends,access_fairness,negative,0.2,enormous entry fee,2
R01015,2016,friends,cultural_sensitivity,negative,0.3,"they will not allow to enter, because they think it's hindu",2
R00397,2013,couples,environment,negative,0.2,very dirty and not inspiring,2
R01489,2017,friends,access_fairness,negative,0.3,price of the ticket which is 1000 Nrs (10 USD),4
R01489,2017,friends,sacred_atmosphere,positive,0.8,"beautiful complex, that's sure",4
R01489,2017,friends,cultural_sensitivity,negative,0.4,Hindus only,4
R01489,2017,friends,environment,positive,0.7,stunning views of the complex,4
R00208,2012,couples,cultural_sensitivity,neutral,0.5,"if you are not a Hindu, you cannot go inside",4
R00208,2012,couples,sacred_atmosphere,positive,0.7,very nice temple with a lot of history,4
R00208,2012,couples,spiritual_authenticity,positive,0.85,Highly recommend it,4
R02008,2018,friends,ritual_experience,positive,0.8,great and unbelievable ceremony of death,5
R02008,2018,friends,spiritual_authenticity,positive,0.7,most different experience that I have had,5
R00772,2015,unknown,ritual_experience,positive,0.7,"witness the ceremony of cremation, but don't worry, as it is not too graphic",5
R00772,2015,unknown,facility,positive,0.8,a very worthy experience,5
R00772,2015,unknown,spiritual_authenticity,positive,0.8,It was very humbling and different from what we expected,5
R01690,2017,solo,access_fairness,negative,0.3,tourists are expected to pay the entry fee,3
R01690,2017,solo,cultural_sensitivity,neutral,0.5,unless you are Hindu or local you cannot view the interior of the temple,3
R01690,2017,solo,ritual_experience,positive,0.7,seeing the cremations is definitely worth it,3
R02285,2019,unknown,cultural_sensitivity,neutral,0.5,you aren't allowed main temple if you aren't Hindu,4
R01670,2017,solo,cultural_sensitivity,neutral,0.5,temple itself is off limits to non Hindus,5
R01670,2017,solo,facility,positive,0.8,glad to have a guide for the experience,5
R01670,2017,solo,ritual_experience,positive,0.9,one of the highlights from my visit,5
R01670,2017,solo,sacred_atmosphere,positive,0.7,different experience to see death being handled so openly,5
R01680,2017,unknown,cultural_sensitivity,neutral,0.5,as a non Hindu you are not allowed to go in,4
R01680,2017,unknown,ritual_experience,positive,0.7,The Cremation Ceremony is very interesting,4
R02392,2020,unknown,ritual_experience,positive,0.8,part of the Hindu religion that they will be reincarnated,5
R01634,2017,solo,ritual_experience,positive,0.9,It was an extraordinary experience,4
R02175,2019,family,ritual_experience,positive,0.8,"evening aarthi, is held",5
R01097,2016,friends,spiritual_authenticity,positive,0.7,peaceful and moving in a strange way,4
R01097,2016,friends,access_fairness,negative,0.3,charge of 1000Rs to enter I find to be too much,4
R01097,2016,friends,environment,negative,0.4,area was dirtier than previous years,4
R01097,2016,friends,cultural_sensitivity,negative,0.2,tourist were very disrespectful by crossing to the temple side,4
R01667,2017,couples,sacred_atmosphere,neutral,0.5,smell of burning flesh was a little off putting,4
R01667,2017,couples,spiritual_authenticity,positive,0.7,must see if you want culture,4
R01976,2018,friends,sacred_atmosphere,positive,0.7,rich history and culture,5
R01976,2018,friends,ritual_experience,negative,0.4,found the cremations on the Bagmati riverbank confronting,5
R00268,2013,family,sacred_atmosphere,positive,0.8,"filled with incense sticks, mantras in the air and bells ring",4
R00268,2013,family,cultural_sensitivity,positive,0.7,Photography and wearing shoes/slippers are not allowed,4
R00268,2013,family,spiritual_authenticity,positive,0.85,complete feel of Hindu culture and Vedic traditions,4
R00268,2013,family,access_fairness,neutral,0.5,do check for the authenticity before you buy them with a good bargain,4
R01943,2018,family,sacred_atmosphere,positive,0.8,atmosphere sound so good,5
R01084,2016,friends,cultural_sensitivity,neutral,0.5,there is still much to see for non hindus,5
R01084,2016,friends,sacred_atmosphere,positive,0.7,this ancient Shiva temple is a must for anyone visiting KTM,5
R00877,2015,family,service,positive,0.8,glad we did,5
R00768,2015,business,ritual_experience,positive,0.9,Great experience while doing Puja here,5
R00768,2015,business,facility,positive,0.8,book your puja beforehand and reach the temple by 08:15,5
R01493,2017,friends,sacred_atmosphere,positive,0.9,clean and peace environment,5
R01493,2017,friends,spiritual_authenticity,positive,0.85,very much incredible place,5
R00108,2012,family,sacred_atmosphere,neutral,0.5,"not for the weak of stomach, as dead bodies abound",5
R00108,2012,family,cultural_sensitivity,positive,0.7,do not miss this cultural icon,5
R02119,2019,family,sacred_atmosphere,positive,0.8,Great place of worship,5
R00346,2013,couples,service,positive,0.8,gained a wealth of knowledge as our tour guide explained,4
R00346,2013,couples,access_fairness,neutral,0.5,not allowed inside the Temple,4
R00346,2013,couples,cultural_sensitivity,positive,0.9,attitude of respect and are there to see the architecture,4
R00346,2013,couples,spiritual_authenticity,positive,0.85,necessary spot to more fully comprehend the practices,4
R00148,2012,family,spiritual_authenticity,positive,0.85,Thousands of pilgrims from all over the world come to pay homage,5
R01132,2016,friends,crowd_management,negative,0.3,unregulated crowd,3
R01132,2016,friends,environment,negative,0.3,dirty surroundings,3
R01132,2016,friends,facility,neutral,0.5,moderate-sized queue,3
R01132,2016,friends,cultural_sensitivity,negative,0.4,avoidable for non-Hindu tourists,3
R01931,2018,family,facility,positive,0.8,The areas is very well manged there is a parking space,5
R01931,2018,family,cultural_sensitivity,negative,0.3,they con people for money and they are not even ashamed of doing this sitting inside such a holy place,5
R01886,2018,family,sacred_atmosphere,positive,0.9,holiness persists thorough every nook and corner,4
R01886,2018,family,crowd_management,positive,0.8,the crowd was not at all unruly,4
R00925,2015,friends,environment,negative,0.3,The smell of decaying flesh mixed with spices and reeds is overwhelming,4
R00925,2015,friends,spiritual_authenticity,positive,0.8,Colourful Sadhus wander around - it is worthwhile tipping them to take a photo,4
R00925,2015,friends,sacred_atmosphere,positive,0.7,A definite visit,4
R00145,2012,friends,ritual_experience,positive,0.8,"The process is symbolic, religious, intricate and steeped in Hindu tradition",5
R00145,2012,friends,facility,positive,0.7,lucky enough to have a guide share with us the process,5
R00587,2014,family,sacred_atmosphere,positive,0.9,most sacred temple of Hindu Lord Shiva,3
R00587,2014,family,spiritual_authenticity,positive,0.85,We enjoyed to visit this place,3
R01559,2017,friends,service,positive,0.9,The Service Support is really fantastic,5
R01559,2017,friends,facility,positive,0.8,perfect Organisation of the Team,5
R02396,2020,solo,sacred_atmosphere,positive,0.9,The powerful feeling of the temple is outstanding,5
R02396,2020,solo,cultural_sensitivity,neutral,0.5,Hindus only have entry into the main Shiva temple,5
R02396,2020,solo,ritual_experience,positive,0.8,Very moving to see the preparations for the cremations,5
R00565,2014,solo,ritual_experience,positive,0.7,lots of Hindu people worshiping,5
R00565,2014,solo,spiritual_authenticity,positive,0.6,interesting to see and know by our guide,5
R00403,2013,family,sacred_atmosphere,positive,0.9,holiest of all Shiva shrines in Nepal,5
R00403,2013,family,spiritual_authenticity,positive,0.85,most important places of pilgrimages for the followers of Hinduism,5
R01923,2018,business,sacred_atmosphere,positive,0.8,fascinating abode of Lord Shiva,5
R01923,2018,business,ritual_experience,positive,0.7,aarti is performed in the evenings,5
R01923,2018,business,facility,positive,0.6,PADT is managing and developing the temple complex,5
R01923,2018,business,environment,neutral,0.5,structures that were damaged during the earthquake are also being restored,5
R00605,2014,couples,ritual_experience,positive,0.7,The experince is unique,5
R00439,2013,solo,access_fairness,neutral,0.5,1000 Rupees entrance fee,4
R00439,2013,solo,facility,negative,0.4,guides who try to latch onto you,4
R00439,2013,solo,service,negative,0.3,they will expect a fee,4
R01917,2018,friends,cultural_sensitivity,neutral,0.5,NON hindus cannot enter into the temple,5
R01917,2018,friends,sacred_atmosphere,positive,0.7,"huge temple premises, open air",5
R00122,2012,friends,crowd_management,negative,0.3,one of the most crowded temples,4
R00122,2012,friends,spiritual_authenticity,positive,0.8,amount of faith that the people of Nepal have,4
R01327,2016,couples,sacred_atmosphere,negative,0.3,breathing in the smoke of burning bodies really didn't do it for me,2
R01327,2016,couples,spiritual_authenticity,negative,0.3,fake holy men asking for money,2
R01589,2017,family,cultural_sensitivity,positive,0.7,Photography is strictly prohibited inside the temple area,5
R01007,2016,unknown,crowd_management,negative,0.1,The crowds were ridiculous on Shiva's birthday,1
R01007,2016,unknown,sacred_atmosphere,negative,0.2,"It was awful, almost a nightmare",1
R01710,2017,friends,sacred_atmosphere,positive,0.9,this mandir is simply mesmerizing,5
R01710,2017,friends,environment,positive,0.85,Very well maintained and clean,5
R00618,2014,friends,cultural_sensitivity,neutral,0.5,not open for 'beef eaters' (non Hindu or non Buddhist or tourist),5
R00618,2014,friends,sacred_atmosphere,positive,0.8,Inner temple well renowned for aged old sacredness,5
R00618,2014,friends,access_fairness,negative,0.3,ticket is 1000 Nepali rupees per person,5
R02153,2019,friends,spiritual_authenticity,positive,0.85,a unique spirit and energy here for the Hindu traditions,5
R02153,2019,friends,cultural_sensitivity,neutral,0.5,won t be able to enter the Temple compound unless you are Hindu,5
R00379,2013,friends,sacred_atmosphere,positive,0.85,amazing temple area,4
R00379,2013,friends,spiritual_authenticity,positive,0.8,gives a full new meaning of life,4
R00379,2013,friends,ritual_experience,positive,0.7,amazing to see the cremations,4
R00379,2013,friends,environment,negative,0.3,smell of burning,4
R00817,2015,solo,sacred_atmosphere,positive,0.8,soak up the atmosphere,5
R00817,2015,solo,ritual_experience,positive,0.7,witnessed cremations at the bagmati river,5
R00817,2015,solo,spiritual_authenticity,positive,0.7,sadhus put on a show,5
R02162,2019,friends,sacred_atmosphere,positive,0.8,We really liked this place during the sivaratri fastivals,5
R02162,2019,friends,spiritual_authenticity,positive,0.85,We enjoyed there alot,5
R02061,2018,couples,ritual_experience,mixed,0.5,disturbing but also exhilarating experience,4
R02061,2018,couples,cultural_sensitivity,negative,0.3,Visit to the Hindu temple is not allowed for non-hindus,4
R02061,2018,couples,access_fairness,negative,0.3,"1,000 Rupees entrance fee is not justified",4
R02061,2018,couples,environment,negative,0.4,area other than the actual burning sites on the river is a waste of time,4
R01343,2016,friends,ritual_experience,positive,0.8,"confronting and humbling, but just part of every day life",5
R00426,2013,solo,ritual_experience,positive,0.8,Amazing to see how they celebrate the end of life,5
R00426,2013,solo,sacred_atmosphere,positive,0.7,Great area to walk around and explore,5
R00426,2013,solo,facility,positive,0.6,Get a guide if you want to learn the history,5
R01400,2017,solo,sacred_atmosphere,positive,0.7,had a good time,5
R02318,2019,unknown,sacred_atmosphere,positive,0.9,must visit and had an amazing experience,5
R00961,2015,friends,facility,negative,0.3,locals trying to sell stuff and push to be hired as tour guide,4
R00961,2015,friends,cultural_sensitivity,positive,0.7,I did not take pictures of these ceremonies out of respect of the death and their family,4
R00961,2015,friends,access_fairness,negative,0.4,"pay 1,000 Ruby ($10 usd) to enter which is one of the most expensive",4
R00961,2015,friends,sacred_atmosphere,neutral,0.5,interesting place to visit and observe the local rituals,4
R01871,2018,friends,sacred_atmosphere,positive,0.9,arguably the best place to visit in Nepal,5
R01871,2018,friends,cultural_sensitivity,neutral,0.5,photography is not allowed,5
R00503,2014,family,sacred_atmosphere,positive,0.8,"The history, flags, and beauty make this a must see location",5
R00503,2014,family,ritual_experience,positive,0.7,Say a prayer,5
R00443,2013,business,sacred_atmosphere,positive,0.8,confronting and beautiful all at the same time,5
R00443,2013,business,spiritual_authenticity,positive,0.85,an excellent opportunity to learn about the Hindu culture,5
R01453,2017,unknown,cultural_sensitivity,neutral,0.5,cannot enter the temple unless Hindu or Buddhist,4
R01453,2017,unknown,sacred_atmosphere,positive,0.7,"an opportunity to think, reflect and stroll",4
R01269,2016,couples,service,positive,0.8,localite who also works here as volunteer and so he explained it in detail,5
R01269,2016,couples,sacred_atmosphere,positive,0.9,A must place for visitors,5
R01864,2018,friends,facility,negative,0.3,no helpful and informative signs in English,5
R01864,2018,friends,access_fairness,neutral,0.5,pay 1000 Nepali rupee entrance fee,5
R01864,2018,friends,service,positive,0.8,Highly recommend him!,5
R01864,2018,friends,sacred_atmosphere,negative,0.4,holy( but grubby ) river,5
R02109,2018,solo,access_fairness,neutral,0.5,The main temple is not open to non-Hindus,5
R02109,2018,solo,facility,positive,0.6,I think it's worth to see this,5
R02109,2018,solo,cultural_sensitivity,neutral,0.5,obviously not the sadness of the relatives of the deceased,5
R00053,2011,solo,spiritual_authenticity,positive,0.8,like their simplicity and belief on GOD,4
R01649,2017,unknown,ritual_experience,positive,0.8,Live cremation taking place here,5
R00616,2014,solo,spiritual_authenticity,positive,0.8,very spiritual place,4
R00616,2014,solo,facility,positive,0.7,get a guide who explains,4
R02339,2019,solo,ritual_experience,positive,0.7,Very interesting to see cultural and ritual,5
R02339,2019,solo,environment,negative,0.3,they didn't clean river,5
R00514,2014,solo,access_fairness,negative,0.3,"entrance is quite high at 1,000 rupees",3
R00514,2014,solo,ritual_experience,neutral,0.5,watch a funeral ceremony and the cremation,3
R00514,2014,solo,facility,positive,0.6,Better to go with a guide,3
R01458,2017,business,sacred_atmosphere,positive,0.8,beatiful buildings,5
R01458,2017,business,ritual_experience,positive,0.7,Very imirtant experiance,5
R01510,2017,business,sacred_atmosphere,positive,0.7,very nice place,5
R01510,2017,business,environment,neutral,0.5,"too much monkey, too much temple",5
R02447,2023,friends,cultural_sensitivity,neutral,0.5,Only Hindus are allowed into the Temple,5
R02447,2023,friends,access_fairness,negative,0.3,pay NR1000 for each foreigner to enter,5
R02447,2023,friends,sacred_atmosphere,positive,0.7,Holy River of Baghmati where prayers and rituals for the demise are carried out,5
R01444,2017,solo,spiritual_authenticity,positive,0.9,Amazing place to explore the complete Hindu culture,5
R01444,2017,solo,sacred_atmosphere,positive,0.85,"Hail Shiva"" Creator and Destroyer",5
R01730,2017,unknown,sacred_atmosphere,positive,0.8,full of sadhu's (baba) meditating and people performing their daily rituals,5
R00754,2015,solo,spiritual_authenticity,positive,0.9,faith is absolutely redefined,5
R00754,2015,solo,crowd_management,neutral,0.5,millions are coming during the Lord Shiva's birthday,5
R01234,2016,business,sacred_atmosphere,positive,0.8,nice palace to take blessed from gad shiva,5
R01234,2016,business,spiritual_authenticity,positive,0.7,old but historical,5
R00770,2015,unknown,sacred_atmosphere,positive,0.8,"Beautiful temple, the huge Nandi (the bull) was amazing",5
R00770,2015,unknown,ritual_experience,positive,0.9,one of whom was able to recite the rudram. Enjoyed every moment of it,5
R00770,2015,unknown,crowd_management,neutral,0.5,"It was crowded, but I expected it",5
R00770,2015,unknown,access_fairness,negative,0.3,"Foreigners were not allowed into the sanctum sanctorum, like many Hindu temples. Even though I did not like it",5
R00770,2015,unknown,facility,negative,0.4,the floor was all wet and a little uncomfortable,5
R01556,2017,unknown,spiritual_authenticity,positive,0.8,Lord Shiva is present here in Grand Form,4
R01556,2017,unknown,facility,negative,0.3,cleanliness needs big improvement,4
R01556,2017,unknown,cultural_sensitivity,positive,0.7,chief preist here is from South India telling us the great national integration process,4
R01556,2017,unknown,environment,negative,0.4,Destruction of earthquake is still visible,4
R01626,2017,business,access_fairness,negative,0.3,not allowed to come in inside the temple but they make you pay,2
R01803,2018,unknown,spiritual_authenticity,positive,0.85,makes visitors wow,5
R01803,2018,unknown,sacred_atmosphere,positive,0.8,must visit place,5
R01788,2018,unknown,spiritual_authenticity,positive,0.8,"Learn about Hindu religious, cultural and traditions",5
R01788,2018,unknown,sacred_atmosphere,positive,0.85,"Place of silent, life of death",5
R01788,2018,unknown,facility,positive,0.7,close to airport,5
R00846,2015,couples,sacred_atmosphere,positive,0.8,I really liked the two-tiered pagoda temple,5
R00707,2014,friends,spiritual_authenticity,positive,0.9,best place for Westerners to get a glimpse of Hinduism,5
R00707,2014,friends,sacred_atmosphere,positive,0.85,Nepal's holiest Hindu temple,5
R00707,2014,friends,cultural_sensitivity,neutral,0.5,Parts of the temple are for Hindus only but there is plenty left to see,5
R00707,2014,friends,ritual_experience,dual_valence,0.5,"washing of the dead and then cremating in the open moving, humbling and upsetting",5
R02329,2019,unknown,sacred_atmosphere,positive,0.9,one of the holiest place,5
R02329,2019,unknown,spiritual_authenticity,positive,0.85,made me emotionally charged,5
R02329,2019,unknown,crowd_management,neutral,0.5,presence of large number of people,5
R01639,2017,solo,spiritual_authenticity,positive,0.8,temple has an amazing feel about it,5
R01639,2017,solo,access_fairness,negative,0.3,only Hindus are allowed inside the temple,5
R01562,2017,solo,facility,negative,0.3,shoe counter can get full and you'll have to keep the shoes outside at your own risk,2
R01562,2017,solo,ritual_experience,neutral,0.5,"bodies are cremated openly, so stay away from the smoke",2
R01562,2017,solo,access_fairness,negative,0.4,I visited in afternoon around 2.30 and was disappointed as the ShivLing was closed,2
R01562,2017,solo,environment,negative,0.3,"monkeys, lambs, goats, dogs all over the premises",2
R02275,2019,friends,access_fairness,negative,0.3,1000 rps fee which didn t make sense,3
R02275,2019,friends,environment,positive,0.7,streets around the temple are a little charming,3
R02275,2019,friends,cultural_sensitivity,positive,0.8,obviously foreigners but never harassed and felt safe,3
R02275,2019,friends,crowd_management,positive,0.7,"beggar free zone, in fact quite clean",3
R01930,2018,couples,spiritual_authenticity,positive,0.9,I feel so calm and feel out of stress,5
R01495,2017,friends,sacred_atmosphere,positive,0.8,exceptionally surreal,4
R01495,2017,friends,spiritual_authenticity,positive,0.7,very reflective,4
R00739,2015,couples,cultural_sensitivity,neutral,0.5,"You do have to be Hindu to enter the temple however, but don't worry the rest of this sprawling site will fill you with awe.",5
R00739,2015,couples,sacred_atmosphere,positive,0.8,this amazing site,5
R00739,2015,couples,spiritual_authenticity,positive,0.9,fill you with awe,5
R01965,2018,family,spiritual_authenticity,positive,0.9,very religious for hindu religion,5
R01965,2018,family,sacred_atmosphere,positive,0.85,one of the 4 must visit place before any hindu die,5
R01780,2018,solo,sacred_atmosphere,positive,0.8,Nice atmosphere,4
R02135,2019,solo,ritual_experience,negative,0.3,local person cheated me inside the temple,4
R02135,2019,solo,cultural_sensitivity,negative,0.4,scammers inside the temple,4
R02135,2019,solo,sacred_atmosphere,neutral,0.5,happy to visit Pashupati Nath Temple,4
R02250,2019,solo,ritual_experience,positive,0.8,glad i did it today,5
R00815,2015,friends,spiritual_authenticity,positive,0.8,Lord Shiva and his blessing to my marriage anniversary has blessed my family,5
R00815,2015,friends,sacred_atmosphere,positive,0.7,large statue of the lord,5
R00815,2015,friends,cultural_sensitivity,positive,0.6,sacrifice of the cattle does not happen in temple,5
R00924,2015,friends,ritual_experience,positive,0.7,Definitely worth a visit,4
R00924,2015,friends,environment,negative,0.3,rubbish everywhere doesn't make it very appealing,4
R00924,2015,friends,access_fairness,negative,0.4,"a bit pricey, 1000rupees per person",4
R02083,2018,couples,cultural_sensitivity,neutral,0.5,Only Hindus are allowed to approach the 14th Century Temple,5
R02083,2018,couples,ritual_experience,positive,0.7,We spent most of our time observing the cremation rites,5
R02083,2018,couples,sacred_atmosphere,positive,0.6,The body is washed with the water from the Bagmati River,5
R01517,2017,friends,sacred_atmosphere,positive,0.8,soak in the spiritual atmosphere,4
R01517,2017,friends,crowd_management,positive,0.7,The temple was nearly empty,4
R01733,2017,family,environment,negative,0.2,air pollution is terrible,5
R01733,2017,family,facility,positive,0.7,pay 10 dollars and get a guide,5
R01733,2017,family,spiritual_authenticity,positive,0.8,reality check on what life is,5
R00583,2014,business,spiritual_authenticity,positive,0.9,feel diving blessing of lord Pasupatinath,5
R00583,2014,business,facility,positive,0.7,"kept improving, thanks to the pressure from UNESCO",5
R00619,2014,friends,sacred_atmosphere,positive,0.8,A Must Visit place... Stayed for almost 02 hours in the premises & was relieved from all the tensions,5
R00660,2014,business,ritual_experience,positive,0.7,very interesting,4
R00660,2014,business,access_fairness,positive,0.6,worth the payment,4
R00660,2014,business,sacred_atmosphere,neutral,0.5,be prepared to cope with the smells,4
R01932,2018,solo,ritual_experience,neutral,0.5,"Not feeling well at first, but it's a good experience overall",4
R01932,2018,solo,facility,negative,0.3,Beware of what the guide asks you to pay,4
R01161,2016,business,spiritual_authenticity,positive,0.9,Absolute must go,5
R01800,2018,solo,facility,positive,0.8,Easily accebile,5
R01800,2018,solo,spiritual_authenticity,positive,0.9,one of the best temples in Nepal,5
R00976,2015,solo,facility,positive,0.7,main entrance is bustling with stallholders,4
R00976,2015,solo,spiritual_authenticity,positive,0.8,humbling reminder of impermanence,4
R00976,2015,solo,sacred_atmosphere,positive,0.9,many sadhus wandering the grounds,4
R00976,2015,solo,environment,positive,0.8,many temples and statues are also dotted around,4
R00155,2012,couples,sacred_atmosphere,negative,0.3,struck by the tragedy,5
R01536,2017,couples,ritual_experience,positive,0.85,experience the Hindu way of cremation,5
R01536,2017,couples,facility,positive,0.8,excellent guide which told us exactly what was happening,5
R01536,2017,couples,cultural_sensitivity,neutral,0.5,only for Hindus,5
R01536,2017,couples,sacred_atmosphere,positive,0.9,but was beautiful,5
R00061,2011,solo,access_fairness,negative,0.3,entrance fee is bit expensive,5
R00061,2011,solo,spiritual_authenticity,positive,0.7,Great introduction to Nepalese culture and rituals,5
R00061,2011,solo,facility,positive,0.6,knowledgeable guide will add more value,5
R00061,2011,solo,cultural_sensitivity,neutral,0.5,non-Hindu are not allowed to enter,5
R01557,2017,family,ritual_experience,positive,0.7,good Darshan,4
R01557,2017,family,crowd_management,negative,0.3,Quite crowded in the evening,4
R01557,2017,family,facility,positive,0.6,Lot of guides available,4
R01557,2017,family,sacred_atmosphere,positive,0.7,Well maintained,4
R00879,2015,family,cultural_sensitivity,neutral,0.5,photography is not allowed inside the main shrine,4
R00879,2015,family,sacred_atmosphere,positive,0.8,must visit temple,4
R02450,2023,solo,access_fairness,negative,0.3,not allowed to visit the temple where are performed the Puja,4
R02450,2023,solo,cultural_sensitivity,negative,0.4,you're not asked to what religion you belong,4
R00760,2015,friends,ritual_experience,positive,0.8,explained many of the ways and traditions,5
R00760,2015,friends,spiritual_authenticity,positive,0.85,wonderful conversations with some of the Sadu's,5
R00519,2014,friends,ritual_experience,positive,0.8,I thoroughly enjoyed my morning visit,4
R00519,2014,friends,cultural_sensitivity,positive,0.7,I didnt wish to appear disrespectful to the grieving families but how wrong I was,4
R02474,2024,solo,sacred_atmosphere,positive,0.85,unique and colorful atmosphere,5
R02474,2024,solo,spiritual_authenticity,positive,0.8,part of the deep spiritual experience,5
R00774,2015,solo,service,negative,0.3,I could have done just as well without one,3
R00774,2015,solo,access_fairness,negative,0.4,you still have to pay 1000 rupees,3
R00774,2015,solo,cultural_sensitivity,negative,0.3,non Hindu you may not enter,3
R00774,2015,solo,sacred_atmosphere,negative,0.3,fake ones -- they want money,3
R00712,2014,friends,environment,negative,0.2,Was very disappointed with how dirty the temple premises were,2
R00763,2015,friends,ritual_experience,neutral,0.5,signed for a special puja,3
R00763,2015,friends,crowd_management,negative,0.4,stand in a queue for about 45 minutes,3
R00763,2015,friends,sacred_atmosphere,positive,0.6,river flowing behind the temple is good,3
R00952,2015,couples,ritual_experience,positive,0.8,I was intrigued and surprised to find that I thoroughly enjoyed it,5
R00952,2015,couples,spiritual_authenticity,positive,0.9,it was so refreshing to have it out there for everyone to see,5
R00952,2015,couples,sacred_atmosphere,positive,0.85,open your mind and visit Nepal to re-awaken your senses,5
R00952,2015,couples,environment,neutral,0.5,amazing smells of life including the good ones like food and wood fires and some of the not so good ones such as burning bodies,5
R01405,2017,solo,sacred_atmosphere,positive,0.8,uniqueness is its golden roof and silver doors,4
R01319,2016,couples,ritual_experience,positive,0.8,fascinating to watch,4
R01319,2016,couples,environment,neutral,0.5,large temple complex and has extensive grounds,4
R01319,2016,couples,crowd_management,negative,0.3,persistent jewelry vendors following you around,4
R00404,2013,couples,access_fairness,negative,0.3,Not allowed for other religious people to enter into the main temple,4
R01203,2016,couples,sacred_atmosphere,positive,0.8,it was a beautiful sight,5
R01203,2016,couples,facility,positive,0.7,get a guide if you wish for a tour,5
R01203,2016,couples,spiritual_authenticity,negative,0.3,some are fake,5
R01779,2018,family,spiritual_authenticity,positive,0.8,most holy places for Hindus,5
R01797,2018,solo,sacred_atmosphere,positive,0.8,Very ancient and Beautiful hindus god Mahadev temple,5
R00627,2014,friends,cultural_sensitivity,neutral,0.5,Non-Hindus are not allowed inside all Hindu shrines,5
R00627,2014,friends,ritual_experience,positive,0.8,One of a kind experience to watch cremation ceremonies,5
R00627,2014,friends,facility,positive,0.7,Hire a guide at 500 ruppees,5
R00713,2014,couples,ritual_experience,positive,0.8,I would highly recommend going,4
R00713,2014,couples,cultural_sensitivity,positive,0.7,very different from the Westernized world,4
R00713,2014,couples,environment,negative,0.4,be careful with the many monkeys,4
R00141,2012,solo,service,positive,0.8,I had an excellent guide,4
R00141,2012,solo,environment,negative,0.3,it felt very filthy,4
R00141,2012,solo,cultural_sensitivity,neutral,0.5,Sometimes it feels like they've dressed up for Halloween in order to earn money from tourists,4
R01573,2017,business,sacred_atmosphere,positive,0.8,incredible,5
R01573,2017,business,spiritual_authenticity,positive,0.9,important part of Nepal's culture,5
R01573,2017,business,environment,neutral,0.5,bring eyedrops,5
R01581,2017,solo,ritual_experience,positive,0.8,Offer prayers and feel blessed,5
R01581,2017,solo,facility,positive,0.7,Police are foreign friendly and provides necessary guidance and instructions,5
R01544,2017,friends,sacred_atmosphere,positive,0.85,"very peaceful place of worship, reflection and community",5
R01544,2017,friends,ritual_experience,positive,0.8,catch the music and lamps,5
R01544,2017,friends,facility,positive,0.7,hire a guide to clue you into everything,5
R01544,2017,friends,spiritual_authenticity,positive,0.9,culturally very different,5
R02410,2022,family,service,positive,0.85,worm hospitality and unforgettable memories,5
R01825,2018,family,sacred_atmosphere,positive,0.8,fusion of buddhist and hindu architecture,5
R01825,2018,family,environment,positive,0.8,well preserved and clean,5
R00167,2012,solo,ritual_experience,neutral,0.5,most interesting to see first hand how the cremation ceremonies were carried out,4
R00167,2012,solo,environment,negative,0.3,"raining the day I was there, which made it even more dismal",4
R01198,2016,business,sacred_atmosphere,positive,0.9,unique spiritual atmosphere,5
R01198,2016,business,spiritual_authenticity,positive,0.85,Beautiful place with unique spiritual atmosphere,5
R00373,2013,business,sacred_atmosphere,positive,0.8,place has a very spiritual feeling,5
R00373,2013,business,access_fairness,positive,0.7,pay a small admission charge which is worth it,5
R01199,2016,solo,spiritual_authenticity,positive,0.9,so spiritual and moving,5
R01199,2016,solo,facility,positive,0.85,charming and intelligent guide,5
R02071,2018,friends,sacred_atmosphere,positive,0.9,Best religious place to visit,5
R02071,2018,friends,spiritual_authenticity,positive,0.85,you definitely love to see,5
R02113,2019,friends,spiritual_authenticity,positive,0.9,The vibes permeating the compound is breath taking,5
R02113,2019,friends,cultural_sensitivity,positive,0.8,No photography is allowed inside,5
R02113,2019,friends,sacred_atmosphere,positive,0.85,Truly joyful,5
R00479,2014,friends,sacred_atmosphere,positive,0.8,faith of people coming there to worship,5
R00479,2014,friends,facility,negative,0.3,Bad arrangement to leave your slipper/shoes,5
R00479,2014,friends,crowd_management,negative,0.2,Too much of crowd,5
R00479,2014,friends,ritual_experience,neutral,0.5,You can see hindu's final ritual for death,5
R00974,2015,unknown,sacred_atmosphere,positive,0.7,Holy temple of Lord Shiva,5
R00974,2015,unknown,access_fairness,neutral,0.5,Temple closes around 6 in the evening,5
R01372,2016,friends,spiritual_authenticity,positive,0.8,Most of Hindu People want to visit this place at least one time on their life,5
R01123,2016,friends,ritual_experience,positive,0.8,I was overwhelmed by cremation happening at the bank of the river,4
R01123,2016,friends,sacred_atmosphere,positive,0.7,"the temple, the deities and some of the structures are good and worth a view",4
R01123,2016,friends,cultural_sensitivity,negative,0.3,non SAARC country tourists pay a premium amount to enter the premises but they are not allowed to enter the temple as they are not Hindus,4
R02291,2019,couples,ritual_experience,positive,0.7,interesting place but also rather confronting,4
R02291,2019,couples,access_fairness,negative,0.3,main temple is only accessible to Hindus,4
R02291,2019,couples,facility,negative,0.4,"guides, they attach themselves to you and are of limited value",4
R02291,2019,couples,sacred_atmosphere,positive,0.8,Great site and a definite must visit,4
R01238,2016,business,sacred_atmosphere,positive,0.7,good tourists area,5
R00685,2014,family,sacred_atmosphere,positive,0.8,majestic Nondi gavi (made of brass) an excellent piece of work,5
R00153,2012,couples,cultural_sensitivity,neutral,0.5,I didn't want to be perceived as an 'intrusive tourist',5
R00153,2012,couples,facility,positive,0.7,it is worth while to hire a guide,5
R00153,2012,couples,service,negative,0.3,seemed a typical scam,5
R01991,2018,solo,sacred_atmosphere,positive,0.8,this is a lovely Hindu temple,5
R01991,2018,solo,environment,positive,0.7,worth an hour or so,5
R01991,2018,solo,ritual_experience,neutral,0.5,witness a public cremation,5
R01991,2018,solo,crowd_management,negative,0.4,Monkeys jump around the temple area,5
R00392,2013,friends,sacred_atmosphere,positive,0.8,Great place to meditate,5
R00392,2013,friends,facility,positive,0.7,pick up some antiques at a great price,5
R00230,2012,friends,sacred_atmosphere,positive,0.9,"embodiment of faith, religion, culture and tradition",5
R00230,2012,friends,spiritual_authenticity,positive,0.85,deep explore of Hinduism,5
R00230,2012,friends,ritual_experience,positive,0.8,plunging or bathing into the holy river releases from the cycle of rebirth,5
R00420,2013,couples,spiritual_authenticity,positive,0.7,cultural understanding it was really very very interesting,4
R00420,2013,couples,sacred_atmosphere,neutral,0.5,peeking into someone's very private family occasion,4
R00420,2013,couples,crowd_management,negative,0.3,Keep away from the monkeys and the sadhus,4
R00172,2012,solo,sacred_atmosphere,positive,0.8,serene atmosphere,4
R00172,2012,solo,spiritual_authenticity,positive,0.7,old sadu babas hanging out,4
R00799,2015,family,service,positive,0.8,temple management is very good,5
R00799,2015,family,ritual_experience,positive,0.7,Temple Management offers POOJA on request,5
R01304,2016,family,ritual_experience,positive,0.8,watch or join in with the open evening service,5
R01304,2016,family,access_fairness,positive,0.7,this is a price I was happy to pay,5
R02213,2019,business,sacred_atmosphere,positive,0.8,feel the positive vibes,5
R02213,2019,business,facility,positive,0.7,"neat, clean and well organised temple",5
R02213,2019,business,crowd_management,positive,0.6,try reaching the temple before 6 for crowd free visit,5
R02041,2018,friends,spiritual_authenticity,positive,0.8,its own spiritual charm,5
R02041,2018,friends,sacred_atmosphere,positive,0.85,was so happy,5
R00093,2012,family,environment,negative,0.2,river has actually been converted into a sewage flowing drain,2
R00093,2012,family,sacred_atmosphere,negative,0.3,authorities have never really cared to make this world heritage site look better,2
R01497,2017,solo,access_fairness,negative,0.2,not let you see the temple if you are not hindu,1
R01497,2017,solo,cultural_sensitivity,negative,0.1,White people can not be hindu,1
R01497,2017,solo,service,negative,0.2,scream at you pushing you to go away,1
R00719,2014,family,ritual_experience,positive,0.85,esteemed sensation of ancient rituals and Aarati,5
R00719,2014,family,cultural_sensitivity,neutral,0.5,It does not necessarily be hindu to mingle around the temple,5
R00719,2014,family,sacred_atmosphere,positive,0.8,esteemed sensation of ancient rituals,5
R00719,2014,family,access_fairness,neutral,0.5,is must to enter the temple,5
R02199,2019,unknown,environment,positive,0.7,very interesting site,5
R02199,2019,unknown,sacred_atmosphere,positive,0.6,worth getting wet for,5
R01278,2016,solo,sacred_atmosphere,positive,0.8,ancient Shiva temple is grand,5
R01278,2016,solo,ritual_experience,positive,0.7,attraction of daily evening arathi,5
R02304,2019,friends,service,positive,0.7,A guide joined us for over an hour tour,5
R02304,2019,friends,ritual_experience,positive,0.6,with a guide explanation it can make sense,5
R02089,2018,unknown,sacred_atmosphere,positive,0.8,It is a beautiful and huge temple,5
R02089,2018,unknown,environment,negative,0.3,smell of burnt bodies in the air,5
R02089,2018,unknown,cultural_sensitivity,neutral,0.5,difficult to cover the huge area bare footed,5
R00334,2013,friends,facility,negative,0.3,beware of probin (sp); he overcharges,5
R00334,2013,friends,environment,negative,0.2,could barely handle the smell of burning hair,5
R01907,2018,unknown,sacred_atmosphere,positive,0.8,UNESCO Heritage Pilgrimage for Lord Shiva followers,5
R02429,2023,unknown,sacred_atmosphere,positive,0.9,Hindus's Greatest sacred Temple,5
R02429,2023,unknown,spiritual_authenticity,positive,0.85,Love to visit again and again,5
R02429,2023,unknown,cultural_sensitivity,neutral,0.5,only Hindus are allowed but all the other religious people also visit outside of it,5
R02374,2020,friends,ritual_experience,positive,0.8,Prayers officiated by the prist filled my heart,5
R02374,2020,friends,sacred_atmosphere,positive,0.85,vegetation around the temple was beautiful,5
R02009,2018,unknown,spiritual_authenticity,positive,0.8,Spiritual energy is very palpable,5
R02009,2018,unknown,facility,positive,0.7,Our guide was very knowledgeable,5
R02009,2018,unknown,cultural_sensitivity,positive,0.7,one has to be respectful of the rituals,5
R00869,2015,business,sacred_atmosphere,positive,0.8,enjoy the place,5
R00869,2015,business,spiritual_authenticity,positive,0.85,A place to reflect on life and death,5
R00261,2013,business,facility,positive,0.8,No Ques - No Trouble Some Temple Priests,5
R00261,2013,business,spiritual_authenticity,positive,0.9,enjoy being close to the Lord & take Eternal Blessings,5
R00261,2013,business,access_fairness,positive,0.85,Pre Book a Puja - a day earlier by going to the Temple office,5
R00105,2012,friends,crowd_management,negative,0.3,the place was really crowded,4
R00105,2012,friends,sacred_atmosphere,positive,0.7,it was a nice temple with beautiful location,4
R00105,2012,friends,ritual_experience,positive,0.6,we enjoyed a lot,4
R00751,2015,friends,sacred_atmosphere,positive,0.7,I Like the atmosphere,4
R00751,2015,friends,spiritual_authenticity,positive,0.6,Monks doing routine activities,4
R00751,2015,friends,facility,neutral,0.5,tourism activity is still running,4
R00759,2015,couples,ritual_experience,neutral,0.5,"If you are lucky, you'll see the ritual from beginning to almost the end",5
R00759,2015,couples,sacred_atmosphere,negative,0.3,alley way/street leading to the area is lined with lepers begging and sadhus,5
R00759,2015,couples,spiritual_authenticity,neutral,0.5,This is where they cremate the dead,5
R01584,2017,couples,cultural_sensitivity,positive,0.7,that is ok and to be respected,3
R01584,2017,couples,crowd_management,negative,0.3,pushing people around who disturb you,3
R01584,2017,couples,facility,negative,0.4,offer guide service even when you politely reject,3
R00696,2014,family,ritual_experience,positive,0.9,"Aarti of River Baghmati is performed as of Mother Ganga in Benaras, India. Its a treat to watch.",5
R00696,2014,family,spiritual_authenticity,positive,0.85,Overall its a deeply spiritual expreience to be at one of the holiest shrines of Hindu Religion.,5
R00696,2014,family,sacred_atmosphere,positive,0.9,Must go in a life time!,5
R02098,2018,couples,service,negative,0.2,"tour guides we didn't want one but, one said come here and we got thinking it was part of the high cost",1
R02098,2018,couples,facility,negative,0.2,1000 rps for two necklaces to get someone to go away,1
R02098,2018,couples,environment,negative,0.2,from the smoke and cost we went straight back to our hotel room,1
R02098,2018,couples,access_fairness,negative,0.2,1000 rps per person to get in,1
R00037,2011,couples,access_fairness,negative,0.3,knowing you can't visit the temples (only allowed for Hindu-people),4
R00037,2011,couples,facility,positive,0.7,it was a young student who spoke perfect English and didn't push us,4
R00037,2011,couples,ritual_experience,positive,0.8,informed about the cremation ceremonies,4
R00037,2011,couples,service,positive,0.7,a guide is recommended,4
R01172,2016,family,sacred_atmosphere,positive,0.8,Enjoy the placid atmosphere,5
R01172,2016,family,access_fairness,positive,0.7,Entry fees is free for Hindus,5
R01172,2016,family,cultural_sensitivity,neutral,0.5,Mobile phone not allowed inside,5
R00883,2015,unknown,sacred_atmosphere,positive,0.9,brings peace in my heart and the sorrounding here is very peaceful and beautiful,5
R00883,2015,unknown,crowd_management,negative,0.4,place is sometimes over crowded during the festivals,5
R02272,2019,couples,facility,positive,0.8,Absolutely to recommend is Ananta,4
R02272,2019,couples,cultural_sensitivity,neutral,0.5,fascinating but a bit shocking to see how the bodies were burned in public,4
R02272,2019,couples,access_fairness,negative,0.3,cannot enter as a non-Hindu,4
R00477,2014,friends,facility,negative,0.4,guides with haggle you,3
R00477,2014,friends,sacred_atmosphere,positive,0.6,good photo ops with the dressed up men in orange,3
R00295,2013,friends,cultural_sensitivity,positive,0.8,Being allowed to see it is a huge privilege,5
R00295,2013,friends,spiritual_authenticity,positive,0.85,you'll learn a great deal about funeral practices,5
R02118,2019,friends,cultural_sensitivity,positive,0.7,be respectful with your cameras,5
R02118,2019,friends,access_fairness,neutral,0.5,You can't enter unless you are Hindu,5
R02118,2019,friends,sacred_atmosphere,positive,0.8,worth exploring,5
R00326,2013,family,environment,negative,0.2,Temple and surrounding are dirty,3
R00706,2014,friends,ritual_experience,positive,0.8,"watch funeral ceremony going on, many holy men offering their services",5
R00706,2014,friends,crowd_management,negative,0.4,I suspect it is busy every day,5
R00078,2012,couples,facility,positive,0.7,"Nice arrangement, so that all devotees can see the lord clearly",4
R00078,2012,couples,ritual_experience,positive,0.8,"The evening Arati is special, one must attend",4
R00078,2012,couples,environment,negative,0.3,Bagmati river (now heavily polluted),4
R00078,2012,couples,spiritual_authenticity,positive,0.7,lord Shiva can be seen in ancient form,4
R00206,2012,unknown,ritual_experience,positive,0.7,watching live cremations,4
R00206,2012,unknown,spiritual_authenticity,positive,0.8,it was quite surreal,4
R00206,2012,unknown,facility,neutral,0.5,retirement and aged care facility,4
R00206,2012,unknown,service,negative,0.4,convinced to be guided by a tour operator,4
R01640,2017,solo,ritual_experience,positive,0.9,definitely worth waiting to see the ceremony,5
R01640,2017,solo,facility,positive,0.8,"got a guide, well worth it",5
R01640,2017,solo,access_fairness,neutral,0.5,coughed up the $10,5
R01354,2016,friends,ritual_experience,positive,0.8,Must go to understand the Nepali rites of Passage,4
R01212,2016,family,spiritual_authenticity,positive,0.9,I felt the completeness when I stepped in,5
R02395,2020,friends,spiritual_authenticity,positive,0.8,very lucky to have darshan,5
R00577,2014,friends,ritual_experience,positive,0.7,learning about the process was interesting,3
R00577,2014,friends,spiritual_authenticity,negative,0.3,wasn't convinced of their spiritual integrity,3
R00577,2014,friends,crowd_management,negative,0.3,hassled by street hawkers,3
R00577,2014,friends,sacred_atmosphere,negative,0.4,bit of a shame to turn the process of death into a tourist attraction,3
R00370,2013,couples,sacred_atmosphere,positive,0.8,temple has its historic value,4
R00370,2013,couples,crowd_management,neutral,0.5,"Seeing the crowd its difficult to agree that you can get a good darshan, but its systematic",4
R02477,2024,friends,facility,positive,0.9,yoga classes were the best experience,4
R01061,2016,friends,cultural_sensitivity,neutral,0.5,"barred to non-Hindus, but a good view of the temple can be had from the opposite bank",5
R01612,2017,friends,ritual_experience,positive,0.9,so soothing and satisfying experience,5
R01612,2017,friends,sacred_atmosphere,positive,0.85,solemn and full of celebrations,5
R01612,2017,friends,spiritual_authenticity,positive,0.9,approaching salvation,5
R01983,2018,friends,sacred_atmosphere,positive,0.8,impressive fervour around the temples and cremation grounds,5
R01983,2018,friends,cultural_sensitivity,neutral,0.5,Photos should be avoided or non intrusive,5
R02184,2019,solo,facility,neutral,0.5,Tickets are 1000 to get in,2
R02184,2019,solo,cultural_sensitivity,negative,0.3,Beware of the scamming tour guides and monks,2
R01798,2018,business,ritual_experience,mixed,0.5,Felt like a bit of a voyeur watching the funeral ceremonies but at the same time found it fascinating,4
R01798,2018,business,sacred_atmosphere,positive,0.7,The whole Temple complex is well worth a visit,4
R00932,2015,friends,sacred_atmosphere,positive,0.8,"Moments of silence, meditation and respect",5
R00932,2015,friends,cultural_sensitivity,neutral,0.5,main temple is not opened to non-hinduists,5
R00932,2015,friends,environment,negative,0.3,atmosphere of death is present at almost everywhere,5
R00932,2015,friends,crowd_management,negative,0.4,monkeys (they are all over),5
R00932,2015,friends,spiritual_authenticity,negative,0.4,fake saddhus (the 'ascetic yogis'),5
R02475,2024,solo,sacred_atmosphere,positive,0.8,"famous, sacred Hindu temple",5
R02475,2024,solo,spiritual_authenticity,neutral,0.5,unique but scarry,5
R00950,2015,couples,ritual_experience,positive,0.7,interesting to see the death rites,4
R00950,2015,couples,spiritual_authenticity,neutral,0.5,somewhat sobering,4
R01463,2017,friends,access_fairness,negative,0.3,you will not be allowed into the main temple,1
R01463,2017,friends,sacred_atmosphere,negative,0.2,a river so polluted I do not understand how it can be considered holy,1
R01463,2017,friends,cultural_sensitivity,negative,0.3,treated with such broad civil irreverence,1
R02166,2019,friends,sacred_atmosphere,positive,0.8,a must visit for Hindus,4
R02166,2019,friends,ritual_experience,neutral,0.5,Daily cremation ceremonies along the river,4
R02166,2019,friends,environment,positive,0.7,monkeys roaming though the park,4
R02454,2024,solo,access_fairness,negative,0.2,"why was I not told about this when they were collecting 1,000:NPR from me",2
R02454,2024,solo,cultural_sensitivity,negative,0.3,only Hindus are allowed,2
R02454,2024,solo,facility,negative,0.3,The policeman stopped me from entering,2
R01297,2016,friends,ritual_experience,neutral,0.5,unusual to take part in but a normal and important ritual,5
R00630,2014,friends,ritual_experience,positive,0.85,it was wonderful hope I will visit again,5
R00630,2014,friends,sacred_atmosphere,positive,0.8,you feel more spiritual,5
R00630,2014,friends,crowd_management,negative,0.3,all the time huge crowd at day,5
R02419,2022,unknown,spiritual_authenticity,positive,0.9,Amazing temple which transcends time,5
R02419,2022,unknown,sacred_atmosphere,positive,0.85,Felt lucky to be visiting,5
R01167,2016,unknown,sacred_atmosphere,positive,0.8,really remarkable visit,4
R01167,2016,unknown,crowd_management,negative,0.4,busier than normal days,4
R01415,2017,friends,access_fairness,negative,0.3,pay 1500 rupee or 15 $ as entrance fee,4
R01415,2017,friends,environment,negative,0.2,the place is not clean,4
R01415,2017,friends,cultural_sensitivity,neutral,0.5,interested to watch how the local people burn the bodies,4
R00098,2012,unknown,ritual_experience,positive,0.8,likes it very much,5
R00593,2014,couples,access_fairness,negative,0.3,I was asked to prove that I was a Hindu,1
R00593,2014,couples,cultural_sensitivity,negative,0.4,needed written proof,1
R00593,2014,couples,sacred_atmosphere,positive,0.6,still enjoyed walking around the site,1
R01823,2018,unknown,ritual_experience,positive,0.8,spiritual walks in the temple,5
R01823,2018,unknown,sacred_atmosphere,positive,0.85,mesmerizing experiences,5
R01823,2018,unknown,crowd_management,negative,0.4,crowded by flux of devotees,5
R00469,2014,solo,ritual_experience,positive,0.8,"amazing to visit this place, to see what the culture of the cremations is",4
R00469,2014,solo,spiritual_authenticity,negative,0.4,felt little uncomfortable because it is a place to where people are saying goodbye to loved ones,4
R00469,2014,solo,sacred_atmosphere,positive,0.7,"really nice to have a look at the temple, it really looks amazing",4
R00469,2014,solo,access_fairness,negative,0.3,for Westerners it's not allowed to go inside the temple,4
R01045,2016,unknown,spiritual_authenticity,positive,0.8,wonderful truly Nepali/Indian experience,5
R01045,2016,unknown,sacred_atmosphere,positive,0.7,a vibrant place despite the morbid cremations,5
R00291,2013,couples,ritual_experience,positive,0.9,special Monday Puja for Lord Siva time which was an experience like no other,5
R00291,2013,couples,sacred_atmosphere,positive,0.85,chanting and singing together with live music while the sun was setting,5
R00291,2013,couples,spiritual_authenticity,positive,0.9,Amazing .Must see!,5
R00533,2014,friends,ritual_experience,positive,0.9,wonderful spiritual experience,5
R00533,2014,friends,service,positive,0.85,expert guide from Mac Travels & tours,5
R01397,2017,friends,sacred_atmosphere,positive,0.8,Positive vibes and feeling of fulfilment upon seeing the Lingam,4
R01397,2017,friends,spiritual_authenticity,positive,0.9,magnificently standing and as soon as we entered Evening Aarti was going on,4
R02013,2018,couples,cultural_sensitivity,negative,0.3,tourists gawking at the bodies and taking photos,5
R02013,2018,couples,access_fairness,negative,0.4,demand exorbitant fees,5
R00939,2015,business,spiritual_authenticity,positive,0.9,Place where you will get peace of mind,5
R00939,2015,business,sacred_atmosphere,positive,0.85,must visit for Hindu devotees,5
R01952,2018,solo,cultural_sensitivity,negative,0.3,restrictions for non residents who have to pay,3
R01952,2018,solo,access_fairness,negative,0.4,restrictions for non residents who have to pay,3
R01952,2018,solo,spiritual_authenticity,positive,0.6,appreciated the culture,3
R01130,2016,solo,access_fairness,negative,0.3,I see many people walk in without paying,3
R01130,2016,solo,facility,negative,0.4,his response gave me a sour feeling,3
R01130,2016,solo,sacred_atmosphere,positive,0.7,"the temple itself is very interesting - many stories, histories to learn and things to see",3
R01368,2016,friends,sacred_atmosphere,positive,0.8,Beautiful if you visit just before the sunset,5
R00196,2012,couples,facility,negative,0.3,gides:) They started talk but it's not free and prise is high,3
R00196,2012,couples,sacred_atmosphere,positive,0.7,"complex of several temples and gates for cremation, and caves for meditation",3
R00196,2012,couples,environment,positive,0.6,You cold make good panaram Kathmandu photos there,3
R02151,2019,unknown,cultural_sensitivity,neutral,0.5,Only Hindus are allowed to enter the temple,4
R02151,2019,unknown,sacred_atmosphere,positive,0.8,Majestic view just seeing the whole place from outside,4
R00364,2013,friends,sacred_atmosphere,positive,0.7,Nice place to see around such as the row of stupas,4
R00364,2013,friends,cultural_sensitivity,negative,0.3,"Too bad, the main Temple is out of bounds for non-Hindus",4
R00364,2013,friends,environment,negative,0.4,beside drying river,4
R00365,2013,couples,environment,negative,0.3,not kept clean at all,3
R00365,2013,couples,cultural_sensitivity,negative,0.4,forbidden to foreigners,3
R00365,2013,couples,spiritual_authenticity,negative,0.3,hindu sages all around look more like a bunch of city beggars,3
R01291,2016,couples,access_fairness,negative,0.3,Don't think that this is fair,3
R01291,2016,couples,cultural_sensitivity,negative,0.4,goes against the grain to have to pay,3
R01291,2016,couples,spiritual_authenticity,positive,0.7,it is a living place of worship,3
R01291,2016,couples,sacred_atmosphere,positive,0.6,Life and Death exist side by side,3
R02017,2018,solo,sacred_atmosphere,positive,0.9,abode peace and piety,5
R02017,2018,solo,facility,positive,0.8,"well managed, orderly and quiet",5
R02017,2018,solo,cultural_sensitivity,neutral,0.5,not take any photographs inside the temple,5
R02017,2018,solo,ritual_experience,negative,0.4,unfortunately missed that due to some confusion,5
R00254,2013,couples,cultural_sensitivity,neutral,0.5,not open to Non-Hindus,5
R00254,2013,couples,sacred_atmosphere,positive,0.7,worth a visit and most significantly the Crematoria,5
R01030,2016,family,sacred_atmosphere,positive,0.8,It is a very sacred place for Hindus,5
R01030,2016,family,cultural_sensitivity,neutral,0.5,Only Hindus are allowed to enter the temple,5
R01977,2018,solo,environment,negative,0.1,"Monkey poop,trash and pheavily polluted stream",1
R01977,2018,solo,sacred_atmosphere,negative,0.2,smell of burning human flesh from funalral pyres,1
R01977,2018,solo,ritual_experience,negative,0.3,relatives wash the feet of deseased and some searching for treasure in the water,1
R02302,2019,unknown,cultural_sensitivity,positive,0.7,understand and respect the religious importance,4
R02302,2019,unknown,ritual_experience,neutral,0.5,wouldn't have thought I'd missed out if I hadn't seen it,4
R02302,2019,unknown,crowd_management,positive,0.6,protected from being hassled by hawkers,4
R00982,2015,friends,ritual_experience,positive,0.8,really interesting to see the body come in,5
R00982,2015,friends,sacred_atmosphere,positive,0.85,highly recommend seeing this site,5
R00450,2013,friends,facility,negative,0.3,what annoyed us was the guide,4
R00450,2013,friends,cultural_sensitivity,negative,0.4,this only happens to foreigners,4
R01317,2016,friends,access_fairness,neutral,0.5,pay 1000 NRS entrance and you're not allowed to enter the main temple if you're not Hindu,5
R01317,2016,friends,sacred_atmosphere,positive,0.7,worthwhile to go there and visit the other temples,5
R02174,2019,couples,sacred_atmosphere,positive,0.7,worth a visit while in Kathmandu,4
R02406,2021,unknown,sacred_atmosphere,positive,0.85,amazing place,5
R02406,2021,unknown,ritual_experience,neutral,0.5,cremation of Hindu people is unusual,5
R00916,2015,solo,cultural_sensitivity,positive,0.8,this is a place of worship to be respected,5
R02095,2018,friends,sacred_atmosphere,positive,0.8,absolut necessary to visit this place,5
R01083,2016,unknown,environment,negative,0.2,absolutely dirty,2
R01083,2016,unknown,sacred_atmosphere,negative,0.3,garbage piles everywhere,2
R01083,2016,unknown,facility,negative,0.3,didn't clean the goat/dog/cow crap,2
R01083,2016,unknown,cultural_sensitivity,negative,0.4,shame UNESCO has not taken over,2
R01224,2016,business,crowd_management,negative,0.3,can get very crowded and unmanageable at times,4
R01224,2016,business,cultural_sensitivity,negative,0.3,People are kind of insensitive to other people,4
R00126,2012,family,environment,negative,0.3,making it dirty,5
R00126,2012,family,facility,negative,0.4,maintain the buildings,5
R02340,2019,unknown,ritual_experience,positive,0.8,suggest to go there in the evening around 530 or 6 to see the aarati,4
R00639,2014,friends,spiritual_authenticity,positive,0.9,one of the strong experiences,5
R00639,2014,friends,sacred_atmosphere,positive,0.85,experience for all senses,5
R00632,2014,family,sacred_atmosphere,positive,0.9,A legacy of Hindu religion,5
R00632,2014,family,spiritual_authenticity,positive,0.85,A must visit for anybody from India,5
R00330,2013,family,sacred_atmosphere,positive,0.8,Overall it was very good experience.,4
R00330,2013,family,spiritual_authenticity,positive,0.7,Devotees can perform 'Pujavidhi' through them with nominal charge,4
R00330,2013,family,ritual_experience,positive,0.7,The devotee must perform Darshana of all four faces.,4
R02415,2022,unknown,cultural_sensitivity,neutral,0.5,Some areas can only be accessed by Hindus and are off-limits to non-Hindus.,5
R02415,2022,unknown,sacred_atmosphere,positive,0.7,"many smaller temples surrounding Pashupatinath, which are also worth visiting",5
R00242,2013,friends,sacred_atmosphere,neutral,0.5,A really interesting experience but also quite bizarre,4
R00242,2013,friends,ritual_experience,negative,0.4,tourists look on,4
R00242,2013,friends,environment,positive,0.8,Some amazing temples,4
R01079,2016,unknown,facility,neutral,0.5,get a internal guide to explain to you,5
R01079,2016,unknown,service,negative,0.4,make a deal about price first,5
R01436,2017,couples,sacred_atmosphere,positive,0.85,most sacred Hindu temples,5
R01436,2017,couples,environment,neutral,0.5,Monkeys all around,5
R01436,2017,couples,spiritual_authenticity,positive,0.85,Worth a visit,5
R01220,2016,couples,spiritual_authenticity,positive,0.8,You feel blessed,5
R01220,2016,couples,facility,positive,0.7,lockers are available,5
R01220,2016,couples,cultural_sensitivity,neutral,0.5,Shoes cameras and mobile phones are not allowed,5
R01220,2016,couples,sacred_atmosphere,positive,0.6,Temple area is huge,5
R01247,2016,friends,environment,negative,0.3,if it was kept clean as i kept seeing people either spitting or there was cow dung,3
R01247,2016,friends,sacred_atmosphere,positive,0.7,the walk from the entrance to the main temple is really nice with interesting views and architecture,3
R01247,2016,friends,facility,neutral,0.5,worth a visit,3
R00265,2013,business,sacred_atmosphere,negative,0.3,this is a place where the dead bodies are burnt which make me very sad,2
R02178,2019,family,sacred_atmosphere,positive,0.7,interesting complex of temples,4
R02178,2019,family,spiritual_authenticity,positive,0.8,learn about the rituals and traditions around death,4
R01928,2018,solo,crowd_management,negative,0.3,Normally huge crowds,5
R01928,2018,solo,ritual_experience,positive,0.7,offer poojas by paying 1100 NPR,5
R01928,2018,solo,access_fairness,neutral,0.5,paying 1100 NPR minimum,5
R01971,2018,family,facility,positive,0.7,guides ready to escort you,5
R01971,2018,family,ritual_experience,positive,0.8,ceremonies enriches the experience,5
R00010,2025,friends,sacred_atmosphere,positive,0.8,amazing place,3
R00010,2025,friends,crowd_management,negative,0.3,place was too much crowded,3
R00010,2025,friends,cultural_sensitivity,negative,0.4,people trying to scam tourists,3
R00010,2025,friends,ritual_experience,positive,0.7,watching Hindu cremation ceremony,3
R00522,2014,friends,ritual_experience,positive,0.8,fascinated by the ritual burning,5
R00522,2014,friends,spiritual_authenticity,positive,0.9,made me look at my life; it is limited,5
R01628,2017,business,ritual_experience,positive,0.9,LIfetime opportunity of witnessing the whole ceremony,5
R02259,2019,family,ritual_experience,positive,0.6,glad we went,5
R02259,2019,family,sacred_atmosphere,neutral,0.5,very somber visit,5
R01996,2018,business,facility,positive,0.7,please go with the tour guide you will learn more,5
R01996,2018,business,environment,negative,0.4,some of my group were not so pleased to see the activities,5
R01996,2018,business,spiritual_authenticity,positive,0.6,very different than in our culture,5
R01996,2018,business,sacred_atmosphere,positive,0.6,in did it worth to visit it,5
R00351,2013,solo,sacred_atmosphere,positive,0.9,supreme holiness of the site stems from the Shiva linga,5
R00351,2013,solo,spiritual_authenticity,positive,0.85,expresses the very essence of Hinduism,5
R00813,2015,couples,sacred_atmosphere,positive,0.8,Great to see the evening river worship ritual,5
R00813,2015,couples,ritual_experience,positive,0.7,You can also see the Hindu cremation ceremony,5
R02138,2019,family,access_fairness,neutral,0.5,There are entry restrictions for foreign visitors,5
R00308,2013,couples,spiritual_authenticity,positive,0.8,rare glimpses into the end of life,5
R00308,2013,couples,facility,positive,0.7,Take a guide so you can get a deeper understanding,5
R00822,2015,couples,ritual_experience,positive,0.8,appreciated the beautiful death ritual,5
R00822,2015,couples,spiritual_authenticity,positive,0.9,A very sacred site that deserves a great deal of respect,5
R00822,2015,couples,sacred_atmosphere,positive,0.85,A very sacred site that deserves a great deal of respect,5
R00263,2013,family,sacred_atmosphere,positive,0.8,"sacred Hindu shrines, and the devoted are colorful and friendly",5
R00263,2013,family,environment,neutral,0.5,monkeys can be a bit annoying,5
R02323,2019,unknown,facility,neutral,0.5,restoration was being undertaken,5
R02323,2019,unknown,cultural_sensitivity,positive,0.7,encourage seasoned travellers to visit,5
R00200,2012,couples,ritual_experience,positive,0.7,respect their culture and traditions,3
R00200,2012,couples,environment,negative,0.3,how polluted it was,3
R02315,2019,unknown,sacred_atmosphere,positive,0.7,architecture and history is interesting,4
R02315,2019,unknown,cultural_sensitivity,neutral,0.5,tourist are only allowed across the river,4
R02315,2019,unknown,ritual_experience,negative,0.4,this might be upsetting for some,4
R02106,2018,friends,access_fairness,negative,0.3,why ask people to pay for the privilege of standing outside,2
R02106,2018,friends,environment,negative,0.2,"area is also filthy dirty, rubbish lying around",2
R02106,2018,friends,crowd_management,negative,0.3,sellers everywhere; someone has to sort this out,2
R02055,2018,solo,ritual_experience,neutral,0.5,witness the bodies being cremated by the river,5
R02055,2018,solo,sacred_atmosphere,positive,0.7,Definitely a place worth visiting,5
R00286,2013,solo,access_fairness,neutral,0.5,"only allowed for Hindus to enter, others can only view it from afar",4
R00286,2013,solo,cultural_sensitivity,positive,0.7,try not to take pictures to respect the family members of the deceased,4
R00935,2015,friends,crowd_management,positive,0.8,"no crowd, prayer can be offered in peace",4
R00935,2015,friends,facility,negative,0.3,shops trying to sell you puja material at a very steep price,4
R01852,2018,business,sacred_atmosphere,positive,0.8,a must visit to get a real feel of religious life,5
R01852,2018,business,ritual_experience,positive,0.7,bodies are cremated so is rather somber but fascinating,5
R01569,2017,friends,environment,negative,0.3,adding to the polluted state of the river,4
R01569,2017,friends,ritual_experience,neutral,0.5,cremations in full view,4
R01569,2017,friends,spiritual_authenticity,negative,0.4,"Sadhu here (Holy Men), who will pose for photo provided they are paid",4
R01569,2017,friends,sacred_atmosphere,neutral,0.5,It's just the way life is here,4
R00569,2014,family,environment,negative,0.3,not very clean,4
R00569,2014,family,sacred_atmosphere,positive,0.7,worth a visit once in life time,4
R00569,2014,family,facility,negative,0.4,be aware of touts,4
R01213,2016,friends,sacred_atmosphere,positive,0.9,most sacred places in Nepal,5
R00911,2015,solo,sacred_atmosphere,positive,0.85,definitely make this a must see,5
R00076,2012,friends,cultural_sensitivity,neutral,0.5,entrance to the temple is only for Hindus,4
R00076,2012,friends,sacred_atmosphere,positive,0.8,this place is very spiritual,4
R00076,2012,friends,ritual_experience,positive,0.9,special ceremony beside the holy river,4
R00076,2012,friends,facility,negative,0.3,the only restroom around is in the main temple area,4
R00076,2012,friends,service,negative,0.3,some of them are fake people just aiming at money,4
R01156,2016,solo,sacred_atmosphere,positive,0.8,environment is quite spiritual,4
R01156,2016,solo,spiritual_authenticity,positive,0.7,enjoyed alot while worshiping and visiting,4
R01323,2016,couples,sacred_atmosphere,positive,0.8,The temple inside are very serene and you get feeling of calmness,4
R01323,2016,couples,facility,positive,0.7,pleasantly surprised by the cleanliness and the way people organise themselves,4
R01323,2016,couples,cultural_sensitivity,negative,0.3,disappointed that even in today's time it reads that only Hindu are allowed,4
R01323,2016,couples,spiritual_authenticity,positive,0.7,age hold Hindu traditions including cremation of dead bodies,4
R01074,2016,couples,ritual_experience,positive,0.8,"Burning the dead, according to the numerous rules and rituals, is very captivating and striking to see",4
R01074,2016,couples,spiritual_authenticity,negative,0.3,saddhus creating a very misinformed image,4
R01074,2016,couples,cultural_sensitivity,negative,0.4,saddhus we saw at Pashupatinath are attractions,4
R00929,2015,friends,sacred_atmosphere,positive,0.85,the entire place becomes a beautiful sea of red saris,4
R00929,2015,friends,spiritual_authenticity,positive,0.8,great location for seeing and experiencing festivals like Teej,4
R02367,2020,unknown,sacred_atmosphere,positive,0.8,impressive structures strung along the sides of the Bagmati river,5
R02367,2020,unknown,cultural_sensitivity,neutral,0.5,cannot actually enter the main actual temple unless you are a Hindu,5
R02367,2020,unknown,ritual_experience,positive,0.7,Hindu cremation rituals are practised day and night,5
R02367,2020,unknown,spiritual_authenticity,positive,0.8,sobering and thought provoking,5
R00573,2014,friends,ritual_experience,positive,0.8,enjoyed the Darshan and Pooja,5
R00573,2014,friends,facility,negative,0.4,cleanliness could have been better,5
R00573,2014,friends,spiritual_authenticity,positive,0.7,liked this attitude very much,5
R01796,2018,couples,spiritual_authenticity,positive,0.8,fascinating to see the temples and buildings,5
R01796,2018,couples,ritual_experience,positive,0.7,privileged to be able to watch the burial ceremonies,5
R01796,2018,couples,facility,positive,0.8,Our local guide was a great help,5
R00072,2012,friends,access_fairness,negative,0.3,non Hindus are not allowed to trespass the entrance,2
R00072,2012,friends,facility,negative,0.4,Once we payed the fee,2
R00072,2012,friends,sacred_atmosphere,negative,0.3,Not recommended,2
R00631,2014,family,sacred_atmosphere,positive,0.8,feel the atmosphere and witness right in front,5
R00631,2014,family,environment,negative,0.3,"white hospital, well, that really creepy",5
R00149,2012,solo,cultural_sensitivity,neutral,0.5,only hindus to pass in,4
R00149,2012,solo,facility,positive,0.6,heard by local guide,4
R00149,2012,solo,crowd_management,negative,0.3,little management skill missing,4
R00149,2012,solo,sacred_atmosphere,positive,0.7,every one has to Visit temple,4
R01088,2016,solo,ritual_experience,positive,0.8,interested in seeing Hindu devotees performing rituals,4
R01088,2016,solo,sacred_atmosphere,positive,0.7,"temple compound is quite big, and has a lot of interesting things to offer",4
R01028,2016,solo,sacred_atmosphere,positive,0.9,"extremely peaceful, calm",5
R01028,2016,solo,cultural_sensitivity,neutral,0.5,only be visited from Hindus,5
R01028,2016,solo,ritual_experience,positive,0.85,Wonderful,5
R00540,2014,family,sacred_atmosphere,positive,0.8,very lively place,5
R00540,2014,family,cultural_sensitivity,neutral,0.5,Hindus can go straight to the temple while others can see it from the other side of the Bridge,5
R01538,2017,solo,sacred_atmosphere,positive,0.8,beautiful place to meditate,5
R01538,2017,solo,crowd_management,negative,0.3,Huge turnout for holidays,5
R01119,2016,solo,sacred_atmosphere,neutral,0.5,An opportunity to see a different approach to death,5
R01253,2016,couples,spiritual_authenticity,positive,0.9,most sacred Temple of Bhagwan Shiv,5
R01466,2017,couples,environment,negative,0.2,place is dirty,3
R01466,2017,couples,cultural_sensitivity,negative,0.3,disrespectful (stupid!) tourists,3
R01466,2017,couples,sacred_atmosphere,negative,0.4,felt strange to be there,3
R00171,2012,friends,cultural_sensitivity,neutral,0.5,foreigners are not allowed into the main temples,5
R00171,2012,friends,sacred_atmosphere,positive,0.8,feeling of sanctity that permeates the whole environment,5
R00171,2012,friends,environment,positive,0.7,noise and pollution fall away and you can enjoy the feeling of peacefulness,5
R02382,2020,unknown,crowd_management,negative,0.3,temple will usually have long que,5
R02382,2020,unknown,environment,negative,0.3,roads are invariably jammed,5
R01263,2016,family,ritual_experience,positive,0.9,Maha Aarthi that happens around 1830hrs in the evening daily is a must see experience,5
R01765,2017,friends,sacred_atmosphere,positive,0.8,beautiful silver carvings all over the temple,5
R01765,2017,friends,cultural_sensitivity,neutral,0.5,Photography is not permitted in the temple,5
R01765,2017,friends,facility,positive,0.7,neatly maintained. lot of restoration work is on,5
R01739,2017,couples,ritual_experience,positive,0.8,evening worship of god shiva,5
R01426,2017,friends,spiritual_authenticity,positive,0.9,we belive and very much trust,5
R01426,2017,friends,sacred_atmosphere,positive,0.85,god bless ua always,5
R00933,2015,solo,access_fairness,negative,0.3,Non Hindus are not allowed and had to pay 1000 NPR,3
R00933,2015,solo,ritual_experience,positive,0.6,the cremation part was something to see,3
R02482,2024,solo,sacred_atmosphere,positive,0.8,made it feel all the more sacred like a pilgrimage,4
R02482,2024,solo,crowd_management,neutral,0.5,many tourists about,4
R01981,2018,couples,sacred_atmosphere,positive,0.9,"Super touching, beautiful!",5
R01981,2018,couples,cultural_sensitivity,neutral,0.5,Pay attention to the clothes you wear,5
R01981,2018,couples,environment,negative,0.3,it started rain very bad,5
R02409,2022,friends,sacred_atmosphere,positive,0.85,highly recommend for all,5
R00755,2015,unknown,access_fairness,negative,0.3,I genuinely could not afford to pay the admission fee,2
R00755,2015,unknown,facility,neutral,0.5,A man that worked at the ticket office followed me out and told me to come either very very early (6am) or late at night to get in for free,2
R00026,2026,couples,ritual_experience,positive,0.85,"The Aarati ceremony was amazing though, really powerful",4
R00026,2026,couples,facility,negative,0.3,pressed us into paying him an absurd amount for his 'tour',4
R00026,2026,couples,cultural_sensitivity,positive,0.7,we felt very welcomed by others around us,4
R00142,2012,friends,facility,neutral,0.5,you choose if you want them to take you around,4
R00142,2012,friends,access_fairness,negative,0.3,do not want to pay the entrance fee,4
R00142,2012,friends,cultural_sensitivity,neutral,0.5,building where only hindus can get in,4
R00088,2012,unknown,cultural_sensitivity,positive,0.7,culturally it is interesting to see the puja and ceremony,4
R01891,2018,couples,ritual_experience,positive,0.8,Aarti...is worth watching,4
R01891,2018,couples,access_fairness,neutral,0.5,gate of the temple opens up only at specific time,4
R01169,2016,solo,access_fairness,negative,0.3,quite a high price i thought for entry,4
R01169,2016,solo,cultural_sensitivity,negative,0.4,none Hindu's are restricted to were they can go,4
R01169,2016,solo,sacred_atmosphere,neutral,0.6,overall worth a visit,4
R01866,2018,solo,spiritual_authenticity,positive,0.85,feel the spirituality and history in this place,5
R01125,2016,unknown,ritual_experience,positive,0.8,cremated here with religious honor,5
R01125,2016,unknown,spiritual_authenticity,positive,0.85,get in touch with religious mind,5
R01125,2016,unknown,cultural_sensitivity,positive,0.7,pay their last homage with due profound love,5
R01111,2016,family,spiritual_authenticity,positive,0.8,"religious place, funeral, belief",4
R02308,2019,unknown,service,positive,0.9,"Gyan did a wonderful job as a nice, patient and caring tour guide",5
R02308,2019,unknown,facility,positive,0.85,wonderful guidance of Gyan Bahadur Muhkiya,5
R02308,2019,unknown,ritual_experience,positive,0.8,watched the sacred ceremony with flowers and tears,5
R02308,2019,unknown,spiritual_authenticity,positive,0.85,were simply amazed,5
R01987,2018,family,sacred_atmosphere,positive,0.8,Visit was purely for religious purpose,4
R01987,2018,family,ritual_experience,positive,0.85,Evening Arti one must see,4
R01987,2018,family,facility,positive,0.7,good handicraft shop,4
R01987,2018,family,environment,neutral,0.5,Part of Temple was damaged in earthquake,4
R01831,2018,friends,cultural_sensitivity,negative,0.3,tourists aren't allowed in most of the temples (discrimination),4
R01831,2018,friends,facility,negative,0.4,over zealous guards will try to force you to pay 1000 rupees,4
R01831,2018,friends,environment,positive,0.8,so much jungle & so many monkeys,4
R01831,2018,friends,sacred_atmosphere,positive,0.7,opens a psychic channel,4
R02463,2024,couples,environment,negative,0.2,rubbish and dirt everywhere,3
R02463,2024,couples,ritual_experience,positive,0.7,emotionally moving to be able to witness the cremation,3
R01539,2017,solo,spiritual_authenticity,positive,0.8,shiva god called god of god,5
R01208,2016,solo,ritual_experience,positive,0.7,"to see river rituals, burning",5
R01208,2016,solo,sacred_atmosphere,positive,0.8,very nice and long walking among many attractions,5
R01142,2016,couples,ritual_experience,negative,0.3,not prepared for the cremations happening everywhere,4
R01142,2016,couples,facility,neutral,0.5,"guide nominated himself to us, he was at first annoying but then it was good",4
R01142,2016,couples,sacred_atmosphere,positive,0.7,such a memorable place to see and it's a must see,4
R01142,2016,couples,spiritual_authenticity,negative,0.4,not a place for children who are not prepared for what is happening,4
R01547,2017,family,spiritual_authenticity,positive,0.9,most preferred reason to visit,5
R01547,2017,family,sacred_atmosphere,positive,0.85,must visit place,5
R00012,2025,friends,access_fairness,neutral,0.5,1000 rupee admission for tourists,5
R00012,2025,friends,cultural_sensitivity,neutral,0.5,only open to Hindus,5
R00012,2025,friends,environment,negative,0.3,not much shade,5
R02452,2024,couples,ritual_experience,positive,0.8,visually very exciting,5
R02452,2024,couples,cultural_sensitivity,negative,0.3,not allowing non-Hindus,5
R02452,2024,couples,sacred_atmosphere,positive,0.7,it is quieter,5
R02452,2024,couples,spiritual_authenticity,positive,0.8,funerals were more heartfelt,5
R01387,2017,couples,ritual_experience,positive,0.7,Watching the rites,4
R01387,2017,couples,spiritual_authenticity,positive,0.8,a very different culture,4
R01387,2017,couples,facility,positive,0.7,Our guide explained,4
R01387,2017,couples,sacred_atmosphere,neutral,0.5,gave an eerie feeling,4
R01047,2016,friends,facility,positive,0.7,highly recommend paying for a guide,5
R02120,2019,friends,cultural_sensitivity,neutral,0.5,Chinese people not like visit the temple much,4
R02120,2019,friends,spiritual_authenticity,positive,0.6,Good place to know more on local people,4
R00658,2014,couples,access_fairness,neutral,0.5,Only Hindus can go inside the temple,4
R00658,2014,couples,sacred_atmosphere,negative,0.3,it wasnt a pleasant site for me,4
R00658,2014,couples,spiritual_authenticity,positive,0.7,If you a Shiva devotee its definitely worth a visit,4
R00328,2013,friends,sacred_atmosphere,positive,0.8,Amazing photographic opportunities the seemingly infinite 15 votive shrines,5
R00328,2013,friends,cultural_sensitivity,negative,0.3,tourists getting to close to the cremations they should show more respect,5
R00956,2015,couples,sacred_atmosphere,positive,0.7,great historic & religious value,3
R00956,2015,couples,crowd_management,negative,0.3,It was crowded,3
R00936,2015,friends,crowd_management,neutral,0.5,if you visit very early in the morning or around noon the crowd is less,4
R00936,2015,friends,cultural_sensitivity,neutral,0.5,Photography is not allowed inside the main temple,4
R02032,2018,unknown,ritual_experience,positive,0.8,thousands of devotees during the month of Shivaratri festivals,4
R01382,2017,friends,facility,positive,0.7,worth a few extra bucks,5
R01382,2017,friends,ritual_experience,neutral,0.5,bodies were being burned while we were there,5
R00812,2015,unknown,ritual_experience,positive,0.8,superb rich cultural experience,3
R00812,2015,unknown,cultural_sensitivity,negative,0.3,Hindus are not allowed to go inside the temple,3
R00812,2015,unknown,facility,neutral,0.5,people coming to ask you if you need a guide,3
R01542,2017,friends,cultural_sensitivity,neutral,0.5,main temple is restricted to Hindus only,4
R01542,2017,friends,access_fairness,neutral,0.5,entrance fee is 1000 Rs,4
R01542,2017,friends,sacred_atmosphere,positive,0.8,amazed by the beauty of the site,4
R01542,2017,friends,spiritual_authenticity,positive,0.7,learn about Hindu customs and funeral rituals,4
R01716,2017,couples,ritual_experience,positive,0.8,do Shiva 's Puja in pashupatinath,5
R01716,2017,couples,spiritual_authenticity,positive,0.85,big opportunity for us,5
R00157,2012,solo,cultural_sensitivity,positive,0.8,No photography allowed,4
R00157,2012,solo,sacred_atmosphere,positive,0.7,Holy place,4
R00157,2012,solo,crowd_management,negative,0.3,very crowded,4
R00686,2014,family,ritual_experience,positive,0.8,the process is fascinating,4
R00686,2014,family,sacred_atmosphere,positive,0.7,you are not made to feel voyeuristic,4
R02436,2023,couples,environment,positive,0.7,nice place to visit,4
R02436,2023,couples,sacred_atmosphere,positive,0.8,shines Nepal culture and harmony among people,4
R02436,2023,couples,crowd_management,negative,0.3,busiest place with Mass Gathering,4
R00602,2014,family,facility,negative,0.3,there was no cleanliness,4
R00602,2014,family,ritual_experience,positive,0.8,the aarti experience was great,4
R00602,2014,family,sacred_atmosphere,positive,0.7,the place is marvellously built,4
R01060,2016,friends,spiritual_authenticity,positive,0.8,amazing insight into the Hindu culture,5
R01060,2016,friends,environment,negative,0.3,scabby monkeys that are everywhere,5
R01809,2018,business,sacred_atmosphere,positive,0.8,Visit to Kathmandu is not complete without visit to this place,5
R01809,2018,business,crowd_management,positive,0.7,gathering will be comparatively less,5
R00504,2014,solo,sacred_atmosphere,positive,0.9,extremely holy and spiritual experience,5
R00504,2014,solo,spiritual_authenticity,positive,0.85,divine and holy Pashupatinath Temple,5
R02458,2024,friends,sacred_atmosphere,positive,0.8,Beautiful temple in nepal,5
R01968,2018,friends,environment,negative,0.3,quite hot then,4
R01968,2018,friends,cultural_sensitivity,positive,0.7,advisable to visit either early in the morning or in the evening,4
R01781,2018,business,ritual_experience,positive,0.8,Arti at Bhagmati which itself is quite a sight,5
R01781,2018,business,crowd_management,negative,0.3,escape from heavy rush,5
R01781,2018,business,cultural_sensitivity,neutral,0.5,No prasad to be offered at temple,5
R00792,2015,solo,service,positive,0.9,We had an excellent guide,5
R00792,2015,solo,sacred_atmosphere,positive,0.85,the solemn cremation sites,5
R00792,2015,solo,spiritual_authenticity,positive,0.8,a very memorable experience,5
R00359,2013,friends,spiritual_authenticity,positive,0.7,interesting to learn about Hindu religion,5
R00359,2013,friends,environment,negative,0.4,area is bit not so clean,5
R00416,2013,friends,sacred_atmosphere,positive,0.85,walking around this beautiful site,5
R00416,2013,friends,ritual_experience,positive,0.7,see a cremation in progress,5
R00416,2013,friends,facility,positive,0.7,getting a guide to take you around,5
R01164,2016,solo,ritual_experience,positive,0.8,very easy to have darshana of Lord Shiva,4
R00651,2014,solo,sacred_atmosphere,positive,0.8,holiy holy for all hindu,5
R00651,2014,solo,spiritual_authenticity,positive,0.7,you think of life what about when you view live burn death body,5
R00940,2015,friends,sacred_atmosphere,positive,0.9,a very peaceful and soulful place,5
R00940,2015,friends,cultural_sensitivity,neutral,0.5,nobody is allowed to touch the Linga,5
R02215,2019,friends,environment,negative,0.3,river is holy but extremely dirty,5
R02215,2019,friends,ritual_experience,negative,0.4,left me disturbed for sometime,5
R02215,2019,friends,spiritual_authenticity,positive,0.7,left me with unusually calm feeling,5
R02215,2019,friends,cultural_sensitivity,neutral,0.5,only Hindus are allowed in to the temple,5
R00362,2013,solo,environment,negative,0.3,"place was dirty, crowded and noisy",3
R00362,2013,solo,sacred_atmosphere,positive,0.8,temple itself is lovely,3
R00362,2013,solo,spiritual_authenticity,positive,0.7,"amazing place to walk about, or sit under some shade and just meditate / chill",3
R02046,2018,family,access_fairness,neutral,0.5,You can not enter the mail temple but see it from the Door only,4
R00520,2014,family,ritual_experience,negative,0.3,not necessarily fun to be the witness to these rituals,4
R00520,2014,family,sacred_atmosphere,positive,0.7,impressive stupas all offer interest,4
R00520,2014,family,spiritual_authenticity,positive,0.6,important to understand the role of cremation,4
R02467,2024,couples,spiritual_authenticity,positive,0.9,Pashupatinath is also regarded as jyotirlinga,5
R01768,2017,family,crowd_management,negative,0.3,temple is very crowded,5
R01768,2017,family,facility,positive,0.7,Well managed by the temple staff,5
R00296,2013,family,spiritual_authenticity,positive,0.8,has its own value for Hindu religion,4
R00296,2013,family,facility,positive,0.7,told by our guide,4
R00099,2012,unknown,ritual_experience,positive,0.7,being burned as part of the Hindu tradition,5
R00099,2012,unknown,facility,positive,0.6,best if you have a guide,5
R00099,2012,unknown,sacred_atmosphere,positive,0.8,each area has a story and is deep in history,5
R01310,2016,friends,sacred_atmosphere,positive,0.8,Every time it looks new to me,5
R01310,2016,friends,environment,positive,0.7,Animals are free to roam,5
R01310,2016,friends,facility,neutral,0.5,be ready for a frozen foot,5
R00909,2015,family,spiritual_authenticity,positive,0.9,feel inner peace after darshan,5
R00909,2015,family,ritual_experience,positive,0.85,attend evening Aarti,5
R01243,2016,friends,sacred_atmosphere,positive,0.9,sacred and beautiful,5
R01243,2016,friends,spiritual_authenticity,positive,0.85,very powerful,5
R00555,2014,friends,cultural_sensitivity,neutral,0.5,temple itself is not open to non-Hindus,4
R00555,2014,friends,sacred_atmosphere,positive,0.8,extraordinary place to visit,4
R00555,2014,friends,ritual_experience,positive,0.7,final stages of the Hindu cremation take place in the open air,4
R00905,2015,family,spiritual_authenticity,positive,0.9,its all about your spertural hunger,5
R00085,2012,business,sacred_atmosphere,positive,0.85,the atmosphere was overwhelming,5
R02453,2024,friends,sacred_atmosphere,positive,0.8,it was a cocktail of stimuli for our senses,5
R02453,2024,friends,access_fairness,neutral,0.5,after paying 1000 NPR,5
R00842,2015,friends,facility,negative,0.4,Some of the shops a little/lot tacky,5
R00842,2015,friends,environment,neutral,0.5,Monkeys and stray dogs abound but no real problems,5
R00842,2015,friends,sacred_atmosphere,positive,0.6,Worth a visit,5
R02335,2019,unknown,ritual_experience,positive,0.7,must-see touristy things,5
R01940,2018,couples,facility,negative,0.3,staff not geared for cleanliness,4
R01940,2018,couples,environment,negative,0.4,visitors do no care for cleanliness,4
R01940,2018,couples,sacred_atmosphere,positive,0.7,memorable religious monument,4
R02201,2019,couples,cultural_sensitivity,neutral,0.5,non-Hindus cannot enter the main temple,5
R02201,2019,couples,sacred_atmosphere,positive,0.7,plenty to see around the complex,5
R02201,2019,couples,environment,negative,0.3,aggressive monkeys which wander around,5
R00730,2014,unknown,facility,neutral,0.5,they want to sell guide services; I did not think it was necessary,4
R00730,2014,unknown,cultural_sensitivity,negative,0.3,one Monastery not allowed for foreign visitors,4
R00730,2014,unknown,sacred_atmosphere,negative,0.4,attention drawing even if very disturbing and making me extremely queasy,4
R00730,2014,unknown,environment,positive,0.7,"A very interesting area to walk around, get lost in",4
R01053,2016,solo,access_fairness,neutral,0.5,foreigners and non Hindu people ar not allowed Into the main temple,5
R01053,2016,solo,facility,positive,0.7,everyone was friendly there was a tourist market on the way out,5
R01878,2018,couples,sacred_atmosphere,positive,0.8,feel your faiths spirituality in the temple,5
R01878,2018,couples,facility,positive,0.7,hire a temple trust guide at a reasonable price,5
R01878,2018,couples,ritual_experience,positive,0.7,special puja if you wish,5
R01878,2018,couples,crowd_management,positive,0.6,No pushing etc and lovely experience,5
R02023,2018,family,ritual_experience,positive,0.8,"Overall, an experience you must not miss",5
R02023,2018,family,spiritual_authenticity,positive,0.9,soul needs solace,5
R02023,2018,family,crowd_management,negative,0.3,rather long queue,5
R02023,2018,family,cultural_sensitivity,positive,0.7,one must respect their privacy,5
R02427,2023,unknown,spiritual_authenticity,positive,0.9,Very Holy place ..it is a place to see the trust in Mahdve-God,5
R02427,2023,unknown,sacred_atmosphere,positive,0.85,one must see its a rare opportunity to see this beautiful temple,5
R02427,2023,unknown,facility,positive,0.7,shopping of moti and rudraksh from goverment approved stores,5
R00884,2015,friends,sacred_atmosphere,positive,0.8,i really refresh when i went to the pray time,5
R00884,2015,friends,spiritual_authenticity,positive,0.7,many artful structure of the temple,5
R00884,2015,friends,environment,positive,0.7,i really refresh the environment of pashupati temple,5
R02100,2018,solo,sacred_atmosphere,positive,0.8,beautiful pagoda style architecture,5
R02100,2018,solo,cultural_sensitivity,neutral,0.5,notice stating that the temple is for Hindus only,5
R01960,2018,couples,access_fairness,negative,0.3,Non Hindus are not allowed in the main temple,4
R01960,2018,couples,facility,neutral,0.5,Entrance is expensive by Nepalese standards,4
R01960,2018,couples,service,negative,0.4,Expect a guide to attach himself to you and then ask for a tip,4
R00652,2014,family,sacred_atmosphere,positive,0.8,mixture of calm and evocation,4
R00652,2014,family,facility,positive,0.7,a good guide to explain everything,4
R00652,2014,family,cultural_sensitivity,neutral,0.5,division of area between the commoners and those higher in society,4
R00323,2013,couples,environment,negative,0.3,"horribly polluted, complete with trash",5
R00323,2013,couples,ritual_experience,positive,0.7,cremated on pyres located above the river,5
R00323,2013,couples,crowd_management,negative,0.2,very aggressive folks trying to sell items,5
R00323,2013,couples,spiritual_authenticity,positive,0.8,a place to be respected and one needs to be cognizant of this,5
R02317,2019,unknown,cultural_sensitivity,neutral,0.5,restrictions are in place not to use mobiles inside,5
R02317,2019,unknown,sacred_atmosphere,positive,0.7,plenty of shiv lings inside,5
R01887,2018,couples,ritual_experience,positive,0.8,lucky to get the aarti,5
R01887,2018,couples,sacred_atmosphere,positive,0.7,had patience view,5
R01990,2018,friends,sacred_atmosphere,positive,0.8,The temple is very powerful and palpable,5
R01990,2018,friends,crowd_management,negative,0.3,There was a lot of rush,5
R01990,2018,friends,spiritual_authenticity,positive,0.7,Rituals for after death given a lot of importance,5
R00273,2013,couples,crowd_management,positive,0.8,far more peaceful than expected,5
R00273,2013,couples,sacred_atmosphere,positive,0.85,close contact to pilgrims and sadhus,5
R02352,2020,unknown,cultural_sensitivity,neutral,0.5,foreigners not alllowed in the inner temple,5
R02352,2020,unknown,ritual_experience,positive,0.8,made a huge impresion on both of us,5
R01412,2017,friends,spiritual_authenticity,positive,0.7,fascinating for a good look into Hindu culture,3
R01412,2017,friends,access_fairness,negative,0.3,"price for entering have just gone up, and it is getting rather expensive",3
R01564,2017,friends,access_fairness,neutral,0.5,one is reserved for paid darshan,5
R00671,2014,family,facility,positive,0.7,I liked the management of the Temple,5
R00671,2014,family,ritual_experience,positive,0.8,had nice Darshan,5
R00671,2014,family,sacred_atmosphere,positive,0.7,Had a nice time in the Temple,5
R02052,2018,family,cultural_sensitivity,neutral,0.5,we weren't allowed into the temple itself because we are not Hindu,4
R02052,2018,family,ritual_experience,positive,0.8,"priestly offerings to worshipers, as well as a couple religious cremations that touched us deeply",4
R02052,2018,family,spiritual_authenticity,positive,0.9,It is definitely a profound experience!,4
R00017,2025,family,spiritual_authenticity,positive,0.9,best for me to get lord shiva filling bless and healing,5
R00455,2014,solo,cultural_sensitivity,neutral,0.5,Only Hindu can enter Pashupati Temple of Kathmandu,5
R00455,2014,solo,sacred_atmosphere,positive,0.7,one of the most unique and visited in that town,5
R01580,2017,family,ritual_experience,positive,0.8,darshan of the deity,4
R01580,2017,family,spiritual_authenticity,positive,0.85,peace in the air of the temple,4
R01580,2017,family,crowd_management,negative,0.3,a lot of jostling,4
R01580,2017,family,sacred_atmosphere,positive,0.7,musical program which was really nice,4
R01580,2017,family,access_fairness,neutral,0.5,pay the priests for a 2 second extension,4
R01024,2016,solo,sacred_atmosphere,positive,0.7,I found this place very nice,5
R02287,2019,solo,spiritual_authenticity,positive,0.8,energy here was charged by yogi shiva,5
R02287,2019,solo,sacred_atmosphere,positive,0.7,feel more relax to meditate around temple,5
R01133,2016,business,ritual_experience,positive,0.7,good 'darshan',5
R01133,2016,business,facility,negative,0.3,priests trying to make some money,5
R01133,2016,business,access_fairness,negative,0.3,foreigners have to pay a fees,5
R02465,2024,family,sacred_atmosphere,positive,0.9,very vibrant,5
R02465,2024,family,spiritual_authenticity,positive,0.85,unique spiritual visited places,5
R02465,2024,family,ritual_experience,positive,0.9,The ganga Arthi is a cannot miss thing,5
R01986,2018,friends,sacred_atmosphere,positive,0.8,make this place interesting,4
R01986,2018,friends,crowd_management,positive,0.7,Not very crowded when we went,4
R01935,2018,business,cultural_sensitivity,neutral,0.5,Only Hindus are allowed into the main Pashupatinath Temple,4
R01935,2018,business,environment,neutral,0.5,"a sprawling collection of temples, ashrams, images and inscriptions",4
R01935,2018,business,sacred_atmosphere,neutral,0.5,crematorium on the banks of the river that you can visit,4
R01408,2017,friends,facility,negative,0.2,Guides are out for money and will pretend to be your friend,1
R01408,2017,friends,spiritual_authenticity,negative,0.3,Honestly do not know what their religion it is to,1
R01408,2017,friends,sacred_atmosphere,positive,0.8,it is honestly a beautiful temple filled with tradition and heritage,1
R00570,2014,couples,facility,neutral,0.5,"Huge complex housing old age house, gaushala",4
R00570,2014,couples,ritual_experience,positive,0.7,Darshan and puja is not very crowded,4
R00570,2014,couples,environment,negative,0.3,Cleanliness in Mandir area needs improvement,4
R00570,2014,couples,cultural_sensitivity,negative,0.4,Avoid people approaching you for special puja,4
R00375,2013,solo,cultural_sensitivity,negative,0.3,I know that their culture/customs are different but it didn't make it any less upsetting.,4
R00375,2013,solo,facility,positive,0.7,Our guide was very informative.,4
R00375,2013,solo,sacred_atmosphere,negative,0.4,holy river to be clogged with trash and debris,4
R00080,2012,unknown,ritual_experience,positive,0.8,offers a glimpse of a very unique and rich culture,5
R00080,2012,unknown,facility,positive,0.7,best to go with a guide,5
R01958,2018,family,ritual_experience,positive,0.7,It was a good experience for my sons,5
R01958,2018,family,spiritual_authenticity,positive,0.8,you got the sense of how people here part with their loved ones,5
R01958,2018,family,sacred_atmosphere,positive,0.75,"sincere grieving, and the care that they took",5
R01869,2018,solo,ritual_experience,positive,0.8,beautiful to me as a send off of the soul,5
R01869,2018,solo,spiritual_authenticity,positive,0.7,help celebrate that their soul has moved on,5
R00787,2015,family,cultural_sensitivity,negative,0.3,cannot enter the temple area unless you are Hindu,3
R00787,2015,family,sacred_atmosphere,negative,0.4,see other peoples sorrow,3
R00729,2014,solo,cultural_sensitivity,neutral,0.5,non-Hindus are not allowed inside the main temple,4
R00729,2014,solo,access_fairness,neutral,0.5,Tourists are charged a fee,4
R01715,2017,unknown,service,neutral,0.5,a guide will accompany you around - take note this is not part of the entry price,5
R01715,2017,unknown,ritual_experience,positive,0.7,Expect to see a wide range of really interesting cultural activities including public cremations,5
R01715,2017,unknown,sacred_atmosphere,positive,0.8,Really fascinating place - easy to spend 2 hours here,5
R01715,2017,unknown,crowd_management,negative,0.3,the souvenir salesmen are a bit of a nuisance,5
R01257,2016,solo,access_fairness,neutral,0.5,A good place to visit if you're hindu,4
R01257,2016,solo,sacred_atmosphere,positive,0.7,the main temple complex which is extraordinary,4
R01257,2016,solo,facility,negative,0.3,Watch out for the persistent guides,4
R01432,2017,solo,crowd_management,negative,0.3,the site was very busy,4
R01432,2017,solo,ritual_experience,neutral,0.5,I did feel as if I was intruding,4
R01432,2017,solo,sacred_atmosphere,positive,0.7,It was a very colourful sight,4
R01159,2016,friends,ritual_experience,positive,0.85,a very fulfilling Rudra pooja,5
R01375,2016,couples,facility,positive,0.8,free trade store has every quality clearly marked,5
R01375,2016,couples,service,positive,0.7,A tour guide would be a good idea here,5
R02064,2018,unknown,environment,negative,0.3,palls of smoke were recognisable,5
R02064,2018,unknown,cultural_sensitivity,positive,0.7,Foreigners pay NPR 1000 each that goes toward maintenance,5
R02064,2018,unknown,sacred_atmosphere,positive,0.8,Fascinating to observe the Hindu and Buddhist faith,5
R02064,2018,unknown,spiritual_authenticity,positive,0.9,"Challenging, and fascinating site",5
R01122,2016,unknown,service,positive,0.7,worth the money to pay a guide,3
R01122,2016,unknown,cultural_sensitivity,negative,0.4,holy men take pictures for money,3
R00694,2014,business,sacred_atmosphere,positive,0.8,amazing temple that gives you powerful vibes,5
R00694,2014,business,crowd_management,negative,0.3,don't expect orderly queues and be prepared to be pushed and tossed around,5
R01815,2018,friends,ritual_experience,positive,0.7,you can worship,3
R01870,2018,solo,ritual_experience,negative,0.3,uncomfortable (at least for me) seeing corpse plus the smell of the smoke,3
R01870,2018,solo,cultural_sensitivity,neutral,0.5,it is for Hindu only,3
R01870,2018,solo,access_fairness,neutral,0.5,Entrance fee for foreigners is 1000,3
R01870,2018,solo,facility,positive,0.6,I saw some people wearing mask so I suggest you bring one,3
R00600,2014,solo,facility,positive,0.8,guided by a very interesting person,5
R00600,2014,solo,ritual_experience,positive,0.7,watched the rituals for a long time,5
R00600,2014,solo,cultural_sensitivity,positive,0.6,"you can, from a respectful distance",5
R00600,2014,solo,spiritual_authenticity,positive,0.7,reminded me very much of the holy Hindu city of Varanasi,5
R01341,2016,solo,sacred_atmosphere,positive,0.7,really nice hindu biggest temple,5
R01341,2016,solo,ritual_experience,neutral,0.5,when people died that body is firing there,5
R00173,2012,friends,environment,negative,0.3,too hot and intense (the smoke everywhere doesn't help either..),4
R00173,2012,friends,sacred_atmosphere,neutral,0.5,worth going but not an easy experience,4
R00958,2015,business,access_fairness,neutral,0.5,"Foreigners may be asked for 1000 rupee entrance, depending on how noticeably 'foreign' you are",5
R02362,2020,unknown,sacred_atmosphere,positive,0.9,The atmosphere is Divine,5
R02362,2020,unknown,ritual_experience,positive,0.85,A mesmerising Aarti is performed,5
R00750,2015,couples,sacred_atmosphere,positive,0.9,scene worthy of a postcard,5
R00750,2015,couples,ritual_experience,positive,0.8,"Sadhu monks and the cremations across river, are both unforgettable visions",5
R02284,2019,solo,cultural_sensitivity,neutral,0.5,If you are not Hindu you can only see the outside (1000) ruppies,4
R02284,2019,solo,environment,negative,0.3,"Careful for the monkeys, they steel food",4
R01753,2017,family,cultural_sensitivity,negative,0.3,hinduist temple inside forbidden for non-hinduist visitors,5
R01753,2017,family,sacred_atmosphere,positive,0.7,smoke with spirit flow to the sky,5
R01753,2017,family,crowd_management,negative,0.4,extraordinary people ask you to make a picture,5
R00123,2012,friends,environment,positive,0.7,much cleaner now,3
R00123,2012,friends,facility,negative,0.3,"beware of the men calling themselves ""the priests assistants""",3
R00123,2012,friends,crowd_management,negative,0.3,beware of...pick pockets,3
R01459,2017,couples,ritual_experience,positive,0.7,We watched two cremations along the river,5
R01459,2017,couples,cultural_sensitivity,positive,0.8,out of respect I will not post them,5
R01459,2017,couples,sacred_atmosphere,positive,0.9,We found this the most interesting place in Kathmandu,5
R01459,2017,couples,access_fairness,neutral,0.5,Only Hindus can go into certain temples,5
R01492,2017,family,sacred_atmosphere,positive,0.8,this sacred Hindi temple is also mystical in a spiritual way,3
R01492,2017,family,access_fairness,negative,0.3,entrance fee which is much steeper for tourists,3
R01492,2017,family,spiritual_authenticity,positive,0.7,sacred spaces is for you don't miss Pashupati,3
R00181,2012,couples,ritual_experience,positive,0.8,Amazing and different,5
R00181,2012,couples,spiritual_authenticity,positive,0.85,truly fascinating,5
R00181,2012,couples,service,positive,0.7,guide who can explain,5
R01936,2018,family,access_fairness,negative,0.3,you will only be allowed in certain areas,5
R01526,2017,couples,spiritual_authenticity,positive,0.9,It a miracle place,4
R01526,2017,couples,cultural_sensitivity,positive,0.8,NEPAL is a Hindu country,4
R01231,2016,solo,service,positive,0.9,Reuben who had perfect English and was exceptionally knowledgable,5
R01231,2016,solo,ritual_experience,positive,0.85,it's highly emotional! But it really can connect you with humanity,5
R01231,2016,solo,cultural_sensitivity,positive,0.8,rite of passage of another culture is also exceptionally interesting,5
R01231,2016,solo,access_fairness,positive,0.7,well worth the entrance fee of one thousand rupees,5
R00621,2014,business,access_fairness,negative,0.3,Unless you are Hindu you can not enter,2
R00621,2014,business,facility,negative,0.4,touts just past the entrance that can become a bit of a pest,2
R00621,2014,business,spiritual_authenticity,neutral,0.5,The temple is very significant in the Hindu religion but it's a bit lost on those of us who are not of that faith,2
R02256,2019,unknown,spiritual_authenticity,positive,0.8,Very spiritual inside the temple,4
R02256,2019,unknown,cultural_sensitivity,neutral,0.5,No photography allowed inside,4
R02383,2020,unknown,facility,negative,0.3,not clean at all,1
R02383,2020,unknown,service,negative,0.3,ppl r rude here I found the guards,1
R02383,2020,unknown,access_fairness,negative,0.4,entry fee is quite high,1
R02383,2020,unknown,environment,positive,0.7,the park adjacent is nice and the view from the top was good,1
R01305,2016,couples,service,positive,0.9,Everything was perfectly organized,5
R01305,2016,couples,environment,positive,0.85,beautiful mountains very clearly,5
R01305,2016,couples,sacred_atmosphere,positive,0.8,sunset view from Nagarkot was so precious,5
R01905,2018,business,crowd_management,negative,0.3,quite some crowd,5
R01905,2018,business,spiritual_authenticity,positive,0.8,deity is in the form shivling & is unique in the world,5
R01905,2018,business,cultural_sensitivity,neutral,0.5,No mobile pictures are allowed,5
R01452,2017,family,ritual_experience,positive,0.8,the sanctum is truly awe inspiring,5
R01452,2017,family,access_fairness,neutral,0.5,receipt is for 1100 Nepali rupees,5
R01452,2017,family,cultural_sensitivity,positive,0.7,clicking pics is prohibited inside the complex,5
R01244,2016,couples,ritual_experience,positive,0.9,Life changing experience,5
R01244,2016,couples,service,positive,0.8,People are very nice and helpful,5
R01961,2018,couples,cultural_sensitivity,negative,0.3,entry for only Hindus,4
R01961,2018,couples,sacred_atmosphere,neutral,0.5,Good to be here but the cremation sites... make me feel some uneasy,4
R01422,2017,family,service,positive,0.8,professional guide to explain,5
R01422,2017,family,spiritual_authenticity,positive,0.85,raise so much of your cultural and religion background knowlege,5
R01422,2017,family,sacred_atmosphere,positive,0.9,most cultural shock of this incredible place,5
R00720,2014,solo,sacred_atmosphere,positive,0.9,tranquility before the crowds,5
R00720,2014,solo,spiritual_authenticity,positive,0.85,interesting sculptures which are all around,5
R02431,2023,solo,cultural_sensitivity,positive,0.7,as long as you are respectful,5
R02431,2023,solo,spiritual_authenticity,positive,0.8,good therapy for us westeners,5
R02431,2023,solo,sacred_atmosphere,positive,0.6,Death really comes close here,5
R01227,2016,friends,sacred_atmosphere,positive,0.85,amazing temple,5
R01227,2016,friends,spiritual_authenticity,positive,0.75,people worshiping their god,5
R00775,2015,friends,sacred_atmosphere,positive,0.85,"Fantastic temple, was very impressed",5
R00775,2015,friends,environment,negative,0.3,people are very reckless and the place is not maintained well,5
R00775,2015,friends,spiritual_authenticity,positive,0.8,A MUST VISIT in case you are in Nepal,5
R00954,2015,solo,service,positive,0.8,hiring a good official guide is well worthwhile,5
R00954,2015,solo,cultural_sensitivity,positive,0.7,insight into the Hindu religion and their customs after death,5
R00413,2013,friends,access_fairness,negative,0.3,cost nearly $20 steep by nepal standards,5
R00413,2013,friends,cultural_sensitivity,negative,0.4,holy men asking for pictures and then asking for $$,5
R00413,2013,friends,sacred_atmosphere,negative,0.4,sour taste in my mouth as we left,5
R00464,2014,friends,sacred_atmosphere,positive,0.85,mystical and spiritual place,5
R00464,2014,friends,ritual_experience,positive,0.8,worth seeing and experiencing the death ritual,5
R00049,2011,couples,access_fairness,negative,0.4,500 rupee's each to get into the site,5
R00049,2011,couples,facility,negative,0.3,A lot of guys around claiming to be guides,5
R00049,2011,couples,spiritual_authenticity,positive,0.8,come away strangely changed,5
R00049,2011,couples,cultural_sensitivity,neutral,0.5,Only Hindu's are allowed in the temple,5
R01033,2016,solo,ritual_experience,negative,0.3,sounds of the crying wails ripped into my heart,5
R01033,2016,solo,spiritual_authenticity,positive,0.8,emotions that swept over me,5
R01033,2016,solo,sacred_atmosphere,neutral,0.5,smelled pot wafting thru the air,5
R01033,2016,solo,facility,neutral,0.5,old folks home on the premises,5
R01527,2017,friends,facility,positive,0.7,As he spoke good English and seemed to know his stuff,5
R01527,2017,friends,cultural_sensitivity,neutral,0.5,Probably not a place for sensitive people,5
R01527,2017,friends,spiritual_authenticity,positive,0.8,Definitely an experience bringing deeper insight to Hindu culture,5
R01138,2016,business,sacred_atmosphere,positive,0.8,feel the aura,5
R01138,2016,business,ritual_experience,positive,0.85,One must attend evening Aarti,5
R01138,2016,business,facility,positive,0.7,"Well managed, maintained",5
R01275,2016,couples,sacred_atmosphere,positive,0.7,Evening aarti is good,3
R00177,2012,family,sacred_atmosphere,positive,0.85,soak in the atmosphere,5
R00177,2012,family,ritual_experience,positive,0.8,experience the cremations,5
R00177,2012,family,spiritual_authenticity,positive,0.9,Very educational and emotional,5
R00744,2015,family,sacred_atmosphere,positive,0.8,beautiful piece of architecture with wooden sculptures,5
R00744,2015,family,cultural_sensitivity,negative,0.3,"people might ask for 500 to 1000 NPR for a picture, don't get fooled",5
R00744,2015,family,environment,negative,0.4,flooded with lot of monkeys,5
R00744,2015,family,ritual_experience,negative,0.3,only shock of my life was the public cremation,5
R00875,2015,family,sacred_atmosphere,positive,0.9,An immensely satisfying and peaceful experience,5
R01022,2016,friends,sacred_atmosphere,positive,0.8,really felt very good and divine,5
R01022,2016,friends,environment,negative,0.3,terrible outer side monuments,5
R01022,2016,friends,spiritual_authenticity,positive,0.9,so peaceful,5
R01365,2016,friends,ritual_experience,positive,0.8,Arti was good,5
R01365,2016,friends,spiritual_authenticity,positive,0.85,memorable visit,5
R00996,2016,couples,sacred_atmosphere,negative,0.3,river where the cremations were taking place was quite polluted,3
R00996,2016,couples,cultural_sensitivity,positive,0.7,remove your footwear and place it in a temple bag,3
R00996,2016,couples,environment,negative,0.4,river where the cremations were taking place was quite polluted,3
R00996,2016,couples,facility,positive,0.6,kept safely in a shoe rack,3
R00946,2015,couples,spiritual_authenticity,positive,0.8,"From the Cultural point of view, you will know that the Old time Rituals and traditions",5
R00189,2012,solo,ritual_experience,positive,0.8,amazing experience to witness,5
R00189,2012,solo,spiritual_authenticity,positive,0.9,loved this attraction and could have stayed for hours more,5
R00189,2012,solo,cultural_sensitivity,neutral,0.5,I found a bit odd coming from the west,5
R01009,2016,family,spiritual_authenticity,positive,0.8,religious place Dedicated to Lord Shiva,5
R01910,2018,couples,sacred_atmosphere,positive,0.9,one of the holiest temples for Hindus,5
R01910,2018,couples,spiritual_authenticity,positive,0.85,very ancient temple said to be having a history of more than 2000 years,5
R01427,2017,couples,ritual_experience,positive,0.85,It is a must see,5
R01427,2017,couples,spiritual_authenticity,positive,0.9,one step closer to understanding the Hindu rituals,5
R01427,2017,couples,cultural_sensitivity,positive,0.8,Make sure you are respectful,5
R01729,2017,unknown,ritual_experience,positive,0.7,he explained every ritual and its significance,5
R01729,2017,unknown,sacred_atmosphere,neutral,0.5,interesting place to visit but not for the faint hearted,5
R02347,2019,unknown,ritual_experience,positive,0.8,better understanding of the religious rituals,5
R02347,2019,unknown,facility,positive,0.7,very happy to have met him,5
R00561,2014,solo,ritual_experience,positive,0.7,found the process as explained by our guide fascinating,5
R00561,2014,solo,facility,positive,0.6,explained by our guide,5
R00561,2014,solo,sacred_atmosphere,neutral,0.5,all we could see of the temple complex was from the other side of the river,5
R01954,2018,solo,sacred_atmosphere,positive,0.9,such an amazing temple,5
R01954,2018,solo,ritual_experience,positive,0.85,Two aartis at the temple...is not to be missed,5
R01396,2017,business,sacred_atmosphere,positive,0.9,best and larger shiva temple,5
R01919,2018,solo,sacred_atmosphere,positive,0.8,It is a beautiful temple,5
R01919,2018,solo,facility,positive,0.7,plenty available at the entrance,5
R01919,2018,solo,service,neutral,0.5,recommend to negotiate the price with the guide beforehand,5
R01018,2016,solo,environment,positive,0.8,environment were so clean,4
R01018,2016,solo,facility,positive,0.7,much improvement than before,4
R00246,2013,solo,environment,negative,0.2,"dust pollution , dirty water , noisy",5
R00246,2013,solo,sacred_atmosphere,negative,0.3,uneasy feeling after this visit,5
R00246,2013,solo,spiritual_authenticity,negative,0.3,so called sadhus who sends creeps up your spine,5
R00246,2013,solo,crowd_management,negative,0.3,urchins troubles;dirty smell; beggars,5
R01189,2016,business,crowd_management,negative,0.3,always crowded,5
R01189,2016,business,facility,positive,0.7,helped by a local,5
R00508,2014,friends,access_fairness,negative,0.3,we are not allowed into the temple,2
R00508,2014,friends,sacred_atmosphere,negative,0.2,the surroundings are dreadful,2
R00508,2014,friends,cultural_sensitivity,negative,0.2,it felt offensive to be spectators,2
R00508,2014,friends,environment,negative,0.2,horribly polluted with sewerage and general rubbish,2
R01200,2016,family,sacred_atmosphere,positive,0.8,Beautiful temple,3
R01200,2016,family,environment,negative,0.3,hasn't been maintained as a heritage site,3
R00338,2013,solo,spiritual_authenticity,positive,0.8,One should do the pooja,5
R00338,2013,solo,sacred_atmosphere,positive,0.85,allowed to do pooja inside the temple,5
R02296,2019,friends,cultural_sensitivity,neutral,0.5,nothindus are not allowed to temple itself,4
R02296,2019,friends,sacred_atmosphere,positive,0.7,a place one has to see and to be at,4
R02421,2022,unknown,sacred_atmosphere,positive,0.8,glory of the deity and the premises is intact,5
R02421,2022,unknown,environment,negative,0.4,Cleanliness needs some improvement,5
R02421,2022,unknown,crowd_management,neutral,0.5,gets crowded many times during peak morning and evening hours,5
R01267,2016,friends,sacred_atmosphere,positive,0.8,the beautiful place with lots of religious value,5
R01267,2016,friends,ritual_experience,positive,0.7,after the puja i was at peace,5
R01267,2016,friends,environment,neutral,0.5,stunned by the area it covered and the monkey,5
R00528,2014,couples,sacred_atmosphere,positive,0.8,found the magical tranquility in the atmosphere,5
R00528,2014,couples,spiritual_authenticity,positive,0.9,definitely felt his presence there,5
R02163,2019,friends,cultural_sensitivity,neutral,0.5,non-Hindus cannot enter the temple proper,4
R02163,2019,friends,environment,neutral,0.5,plenty else to see,4
R02484,2025,solo,ritual_experience,neutral,0.5,schedule was as follows,5
R01671,2017,friends,ritual_experience,positive,0.8,nice 360 degree darshan,5
R01671,2017,friends,cultural_sensitivity,neutral,0.5,not allowed to take pictures inside,5
R01671,2017,friends,sacred_atmosphere,positive,0.85,Great experience,5
R02028,2018,family,sacred_atmosphere,positive,0.9,place is so magical,5
R02028,2018,family,spiritual_authenticity,positive,0.85,really an amazing place,5
R02092,2018,family,spiritual_authenticity,positive,0.9,Peace comes with the blessings of Lord Shiva,5
R02092,2018,family,sacred_atmosphere,positive,0.85,Peace comes with the blessings of Lord Shiva,5
R02092,2018,family,facility,positive,0.8,Well built and maintained,5
R01598,2017,solo,sacred_atmosphere,positive,0.7,good scenario from front,5
R01598,2017,solo,environment,negative,0.3,stay away from monkeys,5
R01598,2017,solo,ritual_experience,neutral,0.5,many people are burn here,5
R01826,2018,family,cultural_sensitivity,neutral,0.5,non hindus are not allowed in the temple,5
R01826,2018,family,sacred_atmosphere,positive,0.8,temple area is beautiful,5
R01826,2018,family,environment,negative,0.3,earth quake destroyed so many relicts,5
R01826,2018,family,facility,negative,0.4,rebuilding goes very slow,5
R01029,2016,friends,spiritual_authenticity,positive,0.9,pashupatinath love for all,5
R01029,2016,friends,sacred_atmosphere,positive,0.85,love it,5
R01681,2017,couples,sacred_atmosphere,positive,0.7,one of the more interesting places in Kathmandu,4
R01808,2018,friends,sacred_atmosphere,positive,0.8,peaceful atmosphere,5
R01808,2018,friends,facility,positive,0.7,Temple Staff does a good job of keeping the place clean,5
R01808,2018,friends,ritual_experience,neutral,0.5,One can see life and death side by side,5
R01128,2016,couples,sacred_atmosphere,positive,0.8,fascinating and unique place,4
R00835,2015,family,sacred_atmosphere,positive,0.8,You must visit this temple,5
R01262,2016,friends,sacred_atmosphere,positive,0.8,It has its own holiness,5
R01262,2016,friends,environment,negative,0.3,not for those who wish to see neat and tidy and golden temples,5
R00747,2015,family,cultural_sensitivity,neutral,0.5,Do not carry any cameras for Photography inside the temple,3
R00747,2015,family,facility,neutral,0.5,book one day in advance at the poona counter,3
R00747,2015,family,crowd_management,neutral,0.5,Beware of Touts... Do not entertain them,3
R00435,2013,friends,sacred_atmosphere,negative,0.3,think it is just as tacky as we do,4
R00435,2013,friends,cultural_sensitivity,negative,0.4,holy men daubed in ash and paint demanding money,4
R00435,2013,friends,environment,negative,0.2,"hawkers, hustlers and beggars, feral dogs, angry monkeys",4
R00435,2013,friends,spiritual_authenticity,negative,0.3,don't kid yourself,4
R00251,2013,friends,ritual_experience,positive,0.9,witnessed the complete ritual,3
R00251,2013,friends,facility,positive,0.8,people were friendly and guided us,3
R00251,2013,friends,sacred_atmosphere,positive,0.85,Loved the sanctity of the temple campus,3
R00251,2013,friends,environment,positive,0.8,water body in the lake was serene,3
R02121,2019,family,facility,positive,0.8,well maintained and clean,5
R02121,2019,family,access_fairness,positive,0.7,there was no fee and we had free Darshan,5
R01632,2017,friends,cultural_sensitivity,positive,0.8,Inside the area of main temple only Hindus are allowed & it's a no camera & no mobile zone,5
R01632,2017,friends,sacred_atmosphere,positive,0.85,you will be surely blessed,5
R01632,2017,friends,environment,neutral,0.5,feed the darling monkeys residing inside or outside the temple areas,5
R01437,2017,couples,service,positive,0.85,how awesome he was,4
R01437,2017,couples,facility,positive,0.8,he only charged NPR1000 each and it was pretty worth it,4
R01437,2017,couples,cultural_sensitivity,negative,0.3,Sadhus. They ripped us off NPR1500,4
R01437,2017,couples,environment,negative,0.4,Beware of the dust and smoke from cremation,4
R00650,2014,business,sacred_atmosphere,positive,0.7,exotic cultural feel of Nepal,4
R00650,2014,business,ritual_experience,negative,0.4,cremation areas near the river are a little depressing,4
R00934,2015,solo,sacred_atmosphere,positive,0.8,it gave the temple a special atmosphere,5
R00934,2015,solo,cultural_sensitivity,negative,0.3,it's disrespectful,5
R02169,2019,solo,spiritual_authenticity,positive,0.8,Real authentic Nepali atmosphere,4
R02169,2019,solo,access_fairness,negative,0.3,walk around the entry and skip payment,4
R02034,2018,couples,sacred_atmosphere,neutral,0.5,lord shiva's big temple,5
R00609,2014,unknown,spiritual_authenticity,positive,0.9,amazingly Devine and serene place,5
R00609,2014,unknown,sacred_atmosphere,positive,0.85,gives a good feel,5
R02207,2019,couples,sacred_atmosphere,positive,0.8,beautiful place of Hindu worship,5
R02207,2019,couples,spiritual_authenticity,positive,0.7,important to the Hindu people,5
R02207,2019,couples,environment,positive,0.7,Lovely architecture,5
R00440,2013,solo,sacred_atmosphere,positive,0.7,most of the grounds are very beautiful,4
R00440,2013,solo,ritual_experience,negative,0.3,very overwhelming and confronting to see open cremations,4
R01624,2017,family,sacred_atmosphere,positive,0.85,Lovely place and really worth visit!,5
R00317,2013,friends,access_fairness,negative,0.2,Everybody else walked in for free,2
R00317,2013,friends,facility,negative,0.3,site has not benefited noticeably from the fees,2
R00430,2013,family,sacred_atmosphere,positive,0.8,memorable experience in visiting the shiv linga,5
R01346,2016,family,access_fairness,negative,0.3,ripping of tourists with high fee,2
R02042,2018,couples,spiritual_authenticity,positive,0.7,amazing insight into local life,4
R02042,2018,couples,sacred_atmosphere,negative,0.3,felt uncomfortable with the obvious death,4
R00014,2025,solo,service,positive,0.8,bring along a guide that will take the time to explain,5
R00014,2025,solo,spiritual_authenticity,positive,0.85,central to the Hinduist community's life,5
R00014,2025,solo,sacred_atmosphere,positive,0.9,you will not be disappointed,5
R01266,2016,solo,spiritual_authenticity,positive,0.8,It was dream for me to visit,5
R01265,2016,business,ritual_experience,positive,0.9,emotionally moving experience,5
R01555,2017,couples,spiritual_authenticity,positive,0.9,you can not think about come back without see lord shiva,5
R02141,2019,family,ritual_experience,positive,0.8,attend the aarti,4
R02141,2019,family,spiritual_authenticity,positive,0.85,most holy places for Hindu,4
R02141,2019,family,service,positive,0.8,priest are very good,4
R00964,2015,unknown,ritual_experience,neutral,0.5,bodies are cremated so be careful where you photograph,5
R00964,2015,unknown,facility,positive,0.7,We had a guide which we often don't but worth it,5
R00964,2015,unknown,cultural_sensitivity,neutral,0.5,be careful where you photograph and indeed go if families are mourning,5
R01066,2016,solo,environment,negative,0.2,smell can be nauseating and it's very dusty,3
R01066,2016,solo,ritual_experience,neutral,0.5,It's all very respectful but I really didn't like being there,3
R01684,2017,solo,sacred_atmosphere,positive,0.85,didn't detract from the atmosphere at all,5
R01684,2017,solo,spiritual_authenticity,positive,0.9,whole experience was mesmerizing,5
R01684,2017,solo,environment,neutral,0.5,Only problem was the beggars,5
R00095,2012,friends,sacred_atmosphere,positive,0.8,Beautiful temple,5
R00095,2012,friends,cultural_sensitivity,neutral,0.5,Can't take a pictures inside the temple. Strictly prohibited.,5
R00980,2015,solo,access_fairness,neutral,0.5,only accessible by Hindus but everyone is able to answer the whole site,5
R00980,2015,solo,facility,positive,0.7,worth getting a guide,5
R00980,2015,solo,ritual_experience,positive,0.8,sad but also beautiful how people care for the dead,5
R00980,2015,solo,cultural_sensitivity,neutral,0.5,photos of the holy men you need to pay a small amount,5
R00257,2013,solo,ritual_experience,neutral,0.5,follow the funeral service,5
R00257,2013,solo,sacred_atmosphere,neutral,0.5,very strange place,5
R00809,2015,couples,facility,positive,0.8,well worth $10,5
R00809,2015,couples,ritual_experience,positive,0.7,most interesting of all our Kathmandu visits,5
R00809,2015,couples,cultural_sensitivity,neutral,0.5,weird if from our culture,5
R00428,2013,family,spiritual_authenticity,negative,0.3,highhandedness of the priests in charge disturbs me,5
R01054,2016,friends,sacred_atmosphere,positive,0.85,"The rituals, the landscape, the architecture are all memorable",5
R01757,2017,friends,sacred_atmosphere,positive,0.9,it was wondring moment for us,5
R01757,2017,friends,spiritual_authenticity,positive,0.85,I always recomand every one to visit once in his/her life,5
R01494,2017,family,spiritual_authenticity,positive,0.9,evening aarti behind the temple of baghmati river is also spiritual feels,5
R02345,2019,unknown,access_fairness,positive,0.7,entrance fee and not much,5
R02345,2019,unknown,sacred_atmosphere,positive,0.8,very beautiful place,5
R02345,2019,unknown,ritual_experience,positive,0.7,Good place for ceremony,5
R01621,2017,unknown,ritual_experience,positive,0.8,a very personal experience to witness the Hindu farewell,5
R01621,2017,unknown,spiritual_authenticity,positive,0.85,reminder that death is a part of living,5
R01621,2017,unknown,facility,neutral,0.5,"people who try to sell you things, but they're not especially intrusive",5
R02370,2020,solo,spiritual_authenticity,positive,0.9,real heaven on earth,5
R00059,2011,couples,facility,positive,0.7,one of whom was particularly charming,3
R00059,2011,couples,environment,negative,0.3,rather-less-than-environmentally-friendly funeral pyres,3
R00059,2011,couples,access_fairness,negative,0.3,this felt far too high a tax on the curious,3
R01282,2016,family,cultural_sensitivity,neutral,0.5,Entrance to the main temple isn't allowed to non-Hindus given the historical reasons,4
R01282,2016,family,sacred_atmosphere,positive,0.7,tens of thousands of devotees from India pay visit mainly during the time of Shivaratri,4
R01668,2017,solo,spiritual_authenticity,positive,0.85,completely different feel than anywhere else,4
R01668,2017,solo,cultural_sensitivity,neutral,0.5,"Entrance fee for foreigners is NPR 1,000",4
R01668,2017,solo,sacred_atmosphere,positive,0.8,sat there in awe watching how completely different the culture is,4
R02358,2020,unknown,sacred_atmosphere,positive,0.8,really enjoyed visiting here,5
R02358,2020,unknown,spiritual_authenticity,positive,0.85,reminder of our way of leaving this earth through ritual,5
R00823,2015,couples,cultural_sensitivity,neutral,0.5,you are not allowed to enter the temple,4
R00823,2015,couples,sacred_atmosphere,positive,0.7,holy river,4
R02105,2018,friends,environment,positive,0.7,A lovely area,4
R02105,2018,friends,facility,neutral,0.5,will be better when the building work is completed,4
R01605,2017,friends,ritual_experience,positive,0.85,So amazing to observe this solemn ritual,5
R01605,2017,friends,access_fairness,positive,0.8,we did not pay a fee,5
R01898,2018,family,crowd_management,negative,0.3,Despite the crowds and the pushing and pulling,4
R01898,2018,family,ritual_experience,positive,0.8,most fulfilling darshan,4
R01898,2018,family,sacred_atmosphere,positive,0.9,vibrancy of the temple is to be felt,4
R02483,2024,friends,sacred_atmosphere,positive,0.8,highly recommended this place for short visit,5
R01359,2016,family,cultural_sensitivity,neutral,0.5,not allowed inside the temple if you are not a Hindu,4
R01359,2016,family,sacred_atmosphere,positive,0.8,one of the holiest Hindu Temple,4
R01359,2016,family,ritual_experience,positive,0.7,Full of religious activities,4
R01207,2016,friends,sacred_atmosphere,negative,0.3,difficult to walk through Pashupatinath while people are being cremated,3
R01207,2016,friends,environment,negative,0.2,The smell of cremated bodies puts me off,3
R01314,2016,friends,ritual_experience,positive,0.9,HIGHLY recommend - very intense but beautiful place,5
R01314,2016,friends,spiritual_authenticity,positive,0.85,absorb the religions and traditions,5
R01774,2018,solo,ritual_experience,positive,0.8,I was deeply moved by the proceedings,4
R01774,2018,solo,sacred_atmosphere,positive,0.7,The temple compound itself was beautiful,4
R01774,2018,solo,access_fairness,neutral,0.5,only open to Hindus for praying,4
R01774,2018,solo,cultural_sensitivity,negative,0.4,entrance fee for foreign visitors should be correspondingly lowered,4
R01774,2018,solo,environment,negative,0.3,stagnant river into which the ashes were swept into was putrid,4
R00389,2013,friends,cultural_sensitivity,neutral,0.5,only Hindus are allowed,5
R00389,2013,friends,sacred_atmosphere,positive,0.7,Definitely worth a visit,5
R00389,2013,friends,spiritual_authenticity,positive,0.6,you feel like you are in India,5
R00484,2014,solo,ritual_experience,positive,0.8,truly is an incredible experience,5
R00484,2014,solo,spiritual_authenticity,positive,0.9,important temple in the hindu culture,5
R00484,2014,solo,facility,positive,0.7,Go with a guide,5
R01504,2017,family,spiritual_authenticity,positive,0.9,holiest place to hindu,5
R01504,2017,family,sacred_atmosphere,positive,0.85,find peace and spiritual growth,5
R00299,2013,friends,ritual_experience,positive,0.9,watched the ceremony from start to finish,5
R00299,2013,friends,spiritual_authenticity,positive,0.85,what a life experience,5
R00722,2014,friends,ritual_experience,positive,0.7,intense experience looking at the bodies,5
R00899,2015,family,spiritual_authenticity,positive,0.8,Very holy place and must visit for all Hindus,5
R00899,2015,family,facility,negative,0.3,Avoid buying anything here as they will crook you,5
R00899,2015,family,ritual_experience,negative,0.4,Avoid those elaborate 'poojas' as it is just a 'con',5
R00899,2015,family,cultural_sensitivity,positive,0.7,"Wear rubber slippers, do not carry any leather",5
R00449,2013,unknown,facility,positive,0.7,pretty clean and well kept,5
R00449,2013,unknown,cultural_sensitivity,positive,0.6,allowed entry to the temple complex because we are Hindu,5
R00449,2013,unknown,crowd_management,neutral,0.5,main temple was closed until 430pm,5
R00449,2013,unknown,sacred_atmosphere,positive,0.6,able to pray at the smaller temples,5
R01394,2017,family,sacred_atmosphere,positive,0.7,Holy & I suppose the most popular place,2
R01394,2017,family,environment,negative,0.3,very shabbily maintained,2
R01197,2016,friends,sacred_atmosphere,positive,0.8,it was awesome,5
R01197,2016,friends,facility,positive,0.9,The guide was awesome,5
R01918,2018,couples,ritual_experience,positive,0.7,thrilling to see burning of a dead body,5
R01918,2018,couples,spiritual_authenticity,positive,0.8,Hindu culture is amazing,5
R01918,2018,couples,sacred_atmosphere,positive,0.7,the other monuments were very nice,5
R01918,2018,couples,service,positive,0.8,tour Guide Sujan Dhakal described a lot,5
R00667,2014,solo,ritual_experience,positive,0.8,many rituals before cremating and after the cremation,5
R00667,2014,solo,spiritual_authenticity,positive,0.9,this place is powerful and takes you into many thoughts,5
R00667,2014,solo,sacred_atmosphere,positive,0.85,an extra dimension,5
R00434,2013,couples,cultural_sensitivity,negative,0.3,not accessible to non Hindu,3
R00434,2013,couples,ritual_experience,negative,0.4,too much for our stomachs to watch those sad scenes again,3
R00434,2013,couples,spiritual_authenticity,negative,0.3,half of them are not real holy men and pilgrims,3
R01491,2017,couples,facility,positive,0.7,guide was with us and was good,3
R01491,2017,couples,environment,negative,0.3,lots of people wandering the area with mental illness,3
R01491,2017,couples,cultural_sensitivity,neutral,0.5,Hindus can only go into the temple not tourists,3
R01491,2017,couples,sacred_atmosphere,negative,0.4,overall area is ok not too impressive,3
R00207,2012,solo,spiritual_authenticity,positive,0.9,overwhelmed with emotions and it was something everyone should experience,5
R00207,2012,solo,access_fairness,negative,0.3,Non Hindus are not allowed into the main temples,5
R00207,2012,solo,crowd_management,negative,0.4,8 am and its already crowded,5
R00207,2012,solo,sacred_atmosphere,positive,0.8,get a different feel of the whole surrounding,5
R00384,2013,friends,ritual_experience,positive,0.8,treasured this sighting as the most unique experience,4
R00384,2013,friends,facility,positive,0.7,washroom near main entrance is rather bright and clean,4
R00384,2013,friends,spiritual_authenticity,negative,0.3,monk with colorful faces...more like a gimmick,4
R00384,2013,friends,sacred_atmosphere,negative,0.4,families wailed throughout,4
R01689,2017,friends,facility,negative,0.2,filthy with trash,2
R01689,2017,friends,service,negative,0.3,hounded by guides,2
R01689,2017,friends,cultural_sensitivity,negative,0.4,only Hindus are allowed into the temple,2
R01689,2017,friends,ritual_experience,negative,0.2,Death rites of loved ones as an attraction,2
R01226,2016,family,service,positive,0.9,"Sumit Kharel, we found Pashupati Nath one of the most enriching experiences",5
R01226,2016,family,ritual_experience,positive,0.8,guided us through the Aarti ceremony in a very interesting but informal way,5
R01226,2016,family,sacred_atmosphere,positive,0.85,views from the terrace were beautiful,5
R01019,2016,friends,cultural_sensitivity,positive,0.8,"respect the laws, local customs, religious and cultural value",5
R02234,2019,solo,environment,negative,0.2,a very dirty and depressing place,2
R02234,2019,solo,sacred_atmosphere,negative,0.3,such a disappointment to find it in such a dilapidated state,2
R02234,2019,solo,spiritual_authenticity,negative,0.3,a very unnerving experience,2
R01435,2017,friends,cultural_sensitivity,neutral,0.5,some reserved to Hindus only,4
R01435,2017,friends,sacred_atmosphere,positive,0.8,most sacred Hindu temples,4
R01636,2017,couples,sacred_atmosphere,positive,0.8,doesn't make it feel like a tourist spot,5
R01636,2017,couples,cultural_sensitivity,negative,0.3,non-hinds can't go inside,5
R01636,2017,couples,environment,positive,0.85,temple along the river is just beautiful,5
R01636,2017,couples,crowd_management,neutral,0.5,still crowded with people,5
R00661,2014,solo,sacred_atmosphere,positive,0.8,It is a moving place full of sadhus,5
R00661,2014,solo,cultural_sensitivity,neutral,0.5,Entry to the temple's sanctum is for Hindus only but others have free rein all around,5
R00661,2014,solo,spiritual_authenticity,positive,0.7,Worth a visit,5
R01347,2016,couples,sacred_atmosphere,positive,0.7,nice historical temple around,5
R01347,2016,couples,spiritual_authenticity,positive,0.7,good memory around inside temple,5
R01173,2016,couples,access_fairness,negative,0.3,high price of admission,3
R01173,2016,couples,cultural_sensitivity,neutral,0.5,restrictions on where you could go,3
R01173,2016,couples,facility,negative,0.2,lack of information,3
R01173,2016,couples,environment,negative,0.2,water is full of trash and there is garbage,3
R02422,2022,unknown,ritual_experience,positive,0.7,compensated that with a beautiful darshan,5
R02422,2022,unknown,crowd_management,negative,0.3,huge crowds on Monday and Saturday,5
R02422,2022,unknown,sacred_atmosphere,positive,0.6,beautiful darshan on Friday morning,5
R02422,2022,unknown,cultural_sensitivity,neutral,0.5,temple remains closed in the afternoon,5
R00913,2015,friends,sacred_atmosphere,positive,0.9,holiest shrines of Nepali people,5
R00913,2015,friends,spiritual_authenticity,positive,0.85,ritual so live,5
R01036,2016,unknown,sacred_atmosphere,positive,0.9,view of pashupatinath from the Kailash Danda was really amazing,5
R02310,2019,unknown,ritual_experience,positive,0.8,It is a compelling sight,5
R02310,2019,unknown,facility,positive,0.7,"our guide, Rabina, with us to add insight and context",5
R01881,2018,friends,cultural_sensitivity,neutral,0.5,You have to be a hindu to enter the temple itself,4
R01881,2018,friends,ritual_experience,neutral,0.5,There is a cremation place which one can go and see the cremations,4
R01881,2018,friends,access_fairness,negative,0.3,Just be careful of anyone promising you 'vip' type access and 'vip' prayers,4
R00008,2025,family,sacred_atmosphere,positive,0.8,it was enjoyable to tour the entire complex,4
R00008,2025,family,cultural_sensitivity,neutral,0.5,non-Hindu visitors could only see from the outside,4
R00008,2025,family,spiritual_authenticity,positive,0.7,it helps to understand the local culture and religious practices,4
R01479,2017,family,facility,negative,0.3,no proper signage to guide a tourist,3
R01479,2017,family,cultural_sensitivity,neutral,0.5,No cameras allowed,3
R01479,2017,family,sacred_atmosphere,positive,0.6,The Nandi is huge,3
R01763,2017,solo,sacred_atmosphere,positive,0.9,architecture is mesmerising to say the least,5
R01763,2017,solo,spiritual_authenticity,positive,0.8,shivalinga is great to see,5
R01763,2017,solo,cultural_sensitivity,neutral,0.5,INR 2000 and 500 not accepted as of date,5
R00312,2013,solo,facility,positive,0.8,highly recommend to hire a guide,5
R00312,2013,solo,spiritual_authenticity,positive,0.7,get the feeling of the place,5
R00358,2013,family,crowd_management,negative,0.3,almost too crowded to move,4
R00358,2013,family,sacred_atmosphere,positive,0.7,"so much to see, though, that I'm glad",4
R00728,2014,family,sacred_atmosphere,positive,0.9,holy feel in the temple is just great,5
R00728,2014,family,spiritual_authenticity,positive,0.85,it's a therapy in itself,5
R00409,2013,couples,access_fairness,negative,0.3,costs an eye-watering 1000Rs to enter,5
R00409,2013,couples,ritual_experience,positive,0.7,very moving,5
R00409,2013,couples,cultural_sensitivity,positive,0.6,no problem taking photos,5
R00409,2013,couples,sacred_atmosphere,positive,0.8,cremations of the dead occur on the banks of the holy river,5
R02481,2024,friends,sacred_atmosphere,positive,0.9,sacred to me,5
R02481,2024,friends,spiritual_authenticity,positive,0.85,distinct and attractive architecture,5
R00447,2013,solo,access_fairness,neutral,0.5,they close the doors to the sanctum sanctorum at noon and open it only at 5 PM,4
R01013,2016,couples,sacred_atmosphere,positive,0.8,great Temple,5
R01013,2016,couples,environment,positive,0.85,nice and clean place,5
R02303,2019,unknown,ritual_experience,positive,0.8,fascinating insight into the religion and burial service,4
R02303,2019,unknown,service,positive,0.85,our guide gave us an extremely good explanation,4
R02462,2024,family,spiritual_authenticity,positive,0.8,"god s is all one Hindu, Muslim, Christian all good",5
R01895,2018,couples,sacred_atmosphere,positive,0.8,Bagmati river is deemed as holy,5
R01895,2018,couples,ritual_experience,positive,0.7,services are very interesting,5
R01895,2018,couples,cultural_sensitivity,neutral,0.5,some may not wish too,5
R02444,2023,couples,access_fairness,negative,0.3,they will not allow you to enter the Shiva temple,1
R02444,2023,couples,facility,negative,0.4,"entrance fee cost you 1,000",1
R02444,2023,couples,sacred_atmosphere,neutral,0.5,Nothing special from this temple,1
R01320,2016,couples,sacred_atmosphere,positive,0.9,one of the most intense places to visit in the world,5
R01320,2016,couples,spiritual_authenticity,positive,0.85,find peace at this wonderful world heritage site,5
R00957,2015,couples,spiritual_authenticity,positive,0.85,"I am amazed by this ""living"" temple",5
R00957,2015,couples,sacred_atmosphere,positive,0.8,juxtaposing of life and death rituals side by side is a must see,5
R01523,2017,couples,facility,negative,0.3,asked to buy entrance ticket,5
R01523,2017,couples,service,negative,0.4,he took our ticket and sell to others,5
R00454,2014,solo,sacred_atmosphere,positive,0.9,let the ambiance soak into your being,5
R00454,2014,solo,spiritual_authenticity,positive,0.85,one of the most important places in the world,5
R00438,2013,friends,cultural_sensitivity,neutral,0.5,cannot click inside the temple,5
R00461,2014,family,ritual_experience,positive,0.7,very interesting there,5
R00821,2015,family,ritual_experience,positive,0.7,good darshan of Lord Shiva,5
R00821,2015,family,sacred_atmosphere,positive,0.7,Temple design was good,5
R01106,2016,friends,service,positive,0.9,tour guide was very professional and helpful,5
R01106,2016,friends,spiritual_authenticity,positive,0.8,interesting about culture and Hindu religion,5
R00340,2013,solo,access_fairness,negative,0.3,admission is pricey at Rs 1000,4
R00340,2013,solo,facility,neutral,0.5,not so bad to hire him,4
R00340,2013,solo,service,negative,0.4,guide fee is not included in the ticket,4
R01041,2016,friends,ritual_experience,positive,0.7,"I found this place very interesting, open air cremations",5
R01041,2016,friends,spiritual_authenticity,positive,0.8,Susan explained all about the process and the culture,5
R01041,2016,friends,sacred_atmosphere,positive,0.7,"the golden roofed temple, the unique buildings",5
R01251,2016,business,spiritual_authenticity,positive,0.8,Hindu does believe after death the body goes into five elements,5
R02152,2019,family,facility,positive,0.8,More organized,4
R02152,2019,family,spiritual_authenticity,positive,0.85,great spiritual feeling,4
R01229,2016,business,ritual_experience,positive,0.7,"Come and see real Hindu worship, death rituals, ceremonies",4
R01229,2016,business,spiritual_authenticity,positive,0.8,"real Hindu worship, death rituals, ceremonies and true Hindu faith in action",4
R01229,2016,business,sacred_atmosphere,negative,0.4,"smelled the burning of flesh and the rancid smell of sweat, trash and monkeys",4
R01229,2016,business,cultural_sensitivity,negative,0.3,Sadhus trying to impress me with face paint and strange antics,4
R00963,2015,friends,environment,negative,0.3,it was filthy as always,5
R00963,2015,friends,cultural_sensitivity,neutral,0.5,"which we, as non-Hindus could not visit",5
R00963,2015,friends,sacred_atmosphere,positive,0.8,we could hear the sound of a lively bhajan,5
R00963,2015,friends,spiritual_authenticity,positive,0.9,"All in all a lovely visit, which I would highly recommend",5
R01997,2018,friends,sacred_atmosphere,positive,0.8,looks really amazing with the mass of people,5
R01651,2017,solo,environment,negative,0.2,really very dirty and not maintained properly,2
R01651,2017,solo,sacred_atmosphere,positive,0.7,very holy place for Hindus,2
R01515,2017,friends,access_fairness,negative,0.3,I don't like the discriminatory rule,5
R01515,2017,friends,spiritual_authenticity,positive,0.8,I felt elevated and overwhelmed by the air of this ancient temple complex,5
R00574,2014,family,ritual_experience,positive,0.8,Saw the evening AARTHI,5
R00574,2014,family,environment,positive,0.7,sanctum this visit was cleaner,5
R00574,2014,family,crowd_management,neutral,0.5,PAAN chewing and spitting has reduced but still needs to be more thorough,5
R00803,2015,family,cultural_sensitivity,neutral,0.5,non-Hindus are not allowed to enter at all,4
R00803,2015,family,access_fairness,negative,0.3,Foreigners need to pay 1000 Nepalese rupee to enter,4
R00803,2015,family,environment,negative,0.2,condition of the sacred Bagmati River. It is dying due to all man made waste,4
R00782,2015,friends,service,positive,0.9,He was very knowledgeable (and he wasn't pushy at all),5
R00782,2015,friends,spiritual_authenticity,positive,0.8,learned about Hindu cremation and attitudes toward death,5
R01398,2017,couples,cultural_sensitivity,neutral,0.5,Entry to the main temple is restricted to hindus,5
R01398,2017,couples,sacred_atmosphere,positive,0.7,This is a must visit temple when in Nepal,5
R01398,2017,couples,environment,negative,0.4,needs more maintenace,5
R02277,2019,unknown,sacred_atmosphere,positive,0.9,the whole place is beautiful,5
R02277,2019,unknown,spiritual_authenticity,positive,0.85,pristine in its glory,5
R02277,2019,unknown,facility,positive,0.8,nearby shops selling religious items add to the beauty,5
R00369,2013,family,facility,positive,0.8,discipline maintained in the temple,4
R00369,2013,family,ritual_experience,positive,0.85,parikrama touched our heart,4
R00369,2013,family,service,positive,0.7,not a case with Pasupatinath temple,4
R02066,2018,solo,ritual_experience,positive,0.8,very local and unique experience,5
R02066,2018,solo,sacred_atmosphere,positive,0.7,compound is peacefully and quiet,5
R02066,2018,solo,access_fairness,negative,0.3,foreigners cannot enter the hindu temple,5
R00054,2011,friends,environment,negative,0.3,"seeing trash floating in, and being dumped into, the 'holy' river",3
R00054,2011,friends,sacred_atmosphere,negative,0.4,made some of my traveling companions uneasy,3
R00054,2011,friends,spiritual_authenticity,neutral,0.5,Do not visit this 'holy' sight with Western expectations,3
R01862,2018,friends,sacred_atmosphere,positive,0.8,This is a beautiful part of Kathmandu that is full of Nepalese culture.,5
R01862,2018,friends,environment,negative,0.3,Some of the buildings surrounding the temple are suffering structural issues due to the earthquake.,5
R01862,2018,friends,ritual_experience,negative,0.4,"ashes are pushed into the river, which is difficult to see",5
R01862,2018,friends,cultural_sensitivity,neutral,0.5,you ll have to negotiate payment to pose with them,5
R01135,2016,family,sacred_atmosphere,positive,0.8,A vibrant and great gathering of people,4
R01135,2016,family,spiritual_authenticity,positive,0.7,religious expectations,4
R01135,2016,family,environment,positive,0.85,small lake inside added the beauty,4
R00576,2014,friends,sacred_atmosphere,positive,0.9,The atmosphere here is superb,5
R00576,2014,friends,spiritual_authenticity,positive,0.85,one of the most worshiped Shivlinga,5
R01140,2016,family,sacred_atmosphere,positive,0.8,Great sight,5
R01140,2016,family,cultural_sensitivity,neutral,0.5,unusual for someone who is not Hindu,5
R00709,2014,business,sacred_atmosphere,positive,0.7,The place was good,4
R00709,2014,business,ritual_experience,negative,0.3,The only bad sight was seeing the cremation,4
R00709,2014,business,environment,positive,0.7,it was quite a good experience for me,4
R00709,2014,business,spiritual_authenticity,positive,0.8,The trek and mandir is too good,4
R00490,2014,solo,spiritual_authenticity,positive,0.85,reminds us of our temporary stay here on earth,5
R00490,2014,solo,sacred_atmosphere,positive,0.85,both heartwarming and heartrending,5
R01934,2018,business,cultural_sensitivity,neutral,0.5,Only Hindus are allowed into the main Pashupatinath Temple,4
R01934,2018,business,environment,neutral,0.5,"a sprawling collection of temples, ashrams, images and inscriptions",4
R01934,2018,business,sacred_atmosphere,neutral,0.5,crematorium on the banks of the river that you can visit,4
R01388,2017,family,spiritual_authenticity,positive,0.9,feel the power of GOD,5
R01388,2017,family,sacred_atmosphere,positive,0.85,great place to visit,5
R02068,2018,friends,spiritual_authenticity,positive,0.9,spiritual and non-touristic place,4
R02068,2018,friends,sacred_atmosphere,positive,0.85,peaceful place of worship,4
R01988,2018,solo,facility,negative,0.3,no reliable public transport,4
R01988,2018,solo,service,neutral,0.5,recommended to book a cab,4
R01758,2017,friends,access_fairness,neutral,0.5,"R1,000 entry fee only applies if you enter on the cremation side",4
R01758,2017,friends,facility,negative,0.4,guides may start chatting to you without first asking for money,4
R01758,2017,friends,cultural_sensitivity,neutral,0.5,central temple cannot be accessed by non-Hindus,4
R01758,2017,friends,sacred_atmosphere,positive,0.7,Well worth a visit if in Kathmandu,4
R02343,2019,family,access_fairness,positive,0.7,worth the sum of money you have to pay,4
R02343,2019,family,spiritual_authenticity,positive,0.8,very authentic,4
R02343,2019,family,sacred_atmosphere,positive,0.7,felt like we were the only tourists,4
R02343,2019,family,cultural_sensitivity,neutral,0.5,some carvings you might not want children to see,4
R01820,2018,couples,cultural_sensitivity,neutral,0.5,main temple is for Hindus only,4
R01820,2018,couples,spiritual_authenticity,positive,0.7,rich heritage,4
R01888,2018,family,spiritual_authenticity,positive,0.9,Felt one with the universe here,5
R01888,2018,family,sacred_atmosphere,positive,0.85,place is simply magical,5
R01888,2018,family,cultural_sensitivity,neutral,0.5,Only Hindus are allowed,5
R01187,2016,solo,ritual_experience,positive,0.8,great to see other methods of saying farewell,5
R01187,2016,solo,facility,negative,0.3,"Several guides, sellers, and so on will annoy you",5
R02218,2019,family,spiritual_authenticity,positive,0.9,Teuly divine feeling,5
R02218,2019,family,ritual_experience,positive,0.85,amazing darshan,5
R02487,2025,solo,facility,positive,0.8,Ample of car parking space available,5
R02487,2025,solo,cultural_sensitivity,neutral,0.5,No photos are allowed inside the temple premises,5
R02487,2025,solo,sacred_atmosphere,positive,0.9,Felt blessed...Har Har Mahadev,5
R01760,2017,solo,sacred_atmosphere,positive,0.9,one of the best things to do in Kathmandu,5
R01760,2017,solo,facility,positive,0.7,take a guide,5
R01760,2017,solo,environment,positive,0.8,surrounded by monkey filled trees,5
R01357,2016,business,ritual_experience,positive,0.8,Worth to enjoy!!,5
R02037,2018,family,sacred_atmosphere,positive,0.8,great holy temple of hindu people,5
R02037,2018,family,crowd_management,neutral,0.5,full of devotee,5
R02037,2018,family,spiritual_authenticity,positive,0.7,holy river Bagmati flowing,5
R01127,2016,solo,environment,negative,0.3,I wish the river was cleaner,5
R01127,2016,solo,sacred_atmosphere,positive,0.7,mystic and important place for cremations,5
R01821,2018,solo,access_fairness,neutral,0.5,"1,000 rupee government enforced entrance fee",5
R01821,2018,solo,service,positive,0.8,my guide was excellent,5
R01821,2018,solo,spiritual_authenticity,positive,0.9,most holiest temple for Hindus,5
R01821,2018,solo,ritual_experience,neutral,0.5,Quite strange to stand and observe the end of life for the Hindu religion,5
R00906,2015,friends,facility,negative,0.3,self-appointed guide who told me that 2000rp was not enough,3
R00906,2015,friends,sacred_atmosphere,positive,0.6,interesting place to visit,3
R00915,2015,unknown,spiritual_authenticity,positive,0.7,one can find original ones here,4
R00915,2015,unknown,cultural_sensitivity,neutral,0.5,if you don't know anything then don't purchase such things,4
R00786,2015,couples,ritual_experience,negative,0.3,I was more shaken up by the spectacle than I had expected,2
R00786,2015,couples,spiritual_authenticity,positive,0.7,the way that the worshipping Hindus deal with death,2
R00786,2015,couples,access_fairness,negative,0.2,entrance fee of 1000 nepalese rupees is far too high,2
R00786,2015,couples,sacred_atmosphere,neutral,0.5,the sadhus and crowds of worshippers give the precincts a buzzing vibe,2
R02376,2020,couples,spiritual_authenticity,positive,0.8,Cultural experience well worth taking the time,5
R02376,2020,couples,sacred_atmosphere,positive,0.7,Not many places like this in the world,5
R00970,2015,family,ritual_experience,positive,0.7,eye-opening experience,4
R00970,2015,family,cultural_sensitivity,neutral,0.5,off limit to non Hindus,4
R02319,2019,unknown,sacred_atmosphere,positive,0.7,calming effect just walking around it,4
R02241,2019,friends,sacred_atmosphere,positive,0.8,A very holy place,4
R02241,2019,friends,environment,negative,0.3,kids diving into the thilfy river,4
R01481,2017,couples,environment,negative,0.3,Crowded. Dusty.,1
R01481,2017,couples,ritual_experience,negative,0.2,everything that freaked me out at temples,1
R01481,2017,couples,sacred_atmosphere,negative,0.2,unpleasant experience,1
R01481,2017,couples,spiritual_authenticity,negative,0.3,macabre curiosity that feeds off watching the rites,1
R00217,2012,friends,sacred_atmosphere,positive,0.7,Its a nice temple,5
R00217,2012,friends,spiritual_authenticity,positive,0.8,One must visit this temple if visiting Kathmandu valley,5
R01615,2017,family,environment,negative,0.2,"Temple was also dirty, smelly and chaotic",2
R01615,2017,family,sacred_atmosphere,negative,0.3,It was not a pleasant trip for me,2
R00829,2015,family,cultural_sensitivity,neutral,0.5,Non Hindus are NOT Allowed,4
R00829,2015,family,ritual_experience,positive,0.8,Darshan is beautifully managed,4
R00829,2015,family,sacred_atmosphere,positive,0.7,Holiest Place of Hindu who Follows the lord Shiva,4
R00829,2015,family,spiritual_authenticity,positive,0.7,Lord Shiva is Worshipped here,4
R02404,2021,unknown,spiritual_authenticity,positive,0.9,feeling like in a different world of God's own place,5
R00637,2014,friends,ritual_experience,positive,0.7,how peaceful an cremation is,5
R01056,2016,couples,sacred_atmosphere,positive,0.8,People adore this place,4
R01056,2016,couples,cultural_sensitivity,neutral,0.5,No photos allowed inside the temple,4
R01324,2016,couples,access_fairness,negative,0.3,only Hindus are allowed inside,5
R01324,2016,couples,facility,positive,0.7,shop where you can leave your shoes,5
R00610,2014,family,ritual_experience,positive,0.9,should do parikrama over there,5
R00610,2014,family,spiritual_authenticity,positive,0.85,place of Lord Shiva,5
R00610,2014,family,sacred_atmosphere,positive,0.9,excellent experience,5
R01508,2017,couples,sacred_atmosphere,positive,0.9,unforgettable experience,5
R01059,2016,business,sacred_atmosphere,negative,0.3,something lacking in this temple,1
R01541,2017,unknown,facility,negative,0.3,roads are really very bad,5
R01541,2017,unknown,environment,negative,0.4,get rid of dust,5
R01541,2017,unknown,service,neutral,0.5,exchange your currency into nepal rupess,5
R00898,2015,unknown,sacred_atmosphere,positive,0.9,Beautiful Temple! A must visit,5
R00844,2015,friends,cultural_sensitivity,neutral,0.5,non Hindus are not allowed into the main temple,5
R00844,2015,friends,ritual_experience,positive,0.8,cremations on one side of the Bagmati River,5
R00844,2015,friends,spiritual_authenticity,positive,0.9,priests ministering to the faithful,5
R00844,2015,friends,sacred_atmosphere,positive,0.85,highlight of our cultural tour,5
R00015,2025,couples,ritual_experience,positive,0.8,very touching and absolutely interesting,4
R00015,2025,couples,cultural_sensitivity,neutral,0.5,if you take their picture they want to get paid,4
R00253,2013,friends,cultural_sensitivity,neutral,0.5,non-Hindus are prohibited from entering,5
R00253,2013,friends,ritual_experience,positive,0.7,interesting photos,5
R00253,2013,friends,facility,negative,0.3,local guides who will nag you to death,5
R00894,2015,friends,sacred_atmosphere,positive,0.8,most religious destination,4
R01362,2016,solo,sacred_atmosphere,positive,0.9,A divine feeling all around the premises,5
R01362,2016,solo,spiritual_authenticity,positive,0.85,full of divine belief,5
R00445,2013,friends,spiritual_authenticity,positive,0.9,"experience so sublime and serene, it cannot be put down in words",5
R01210,2016,unknown,access_fairness,negative,0.2,entrance fee for people from the western counties is 1000 rupees which is discriminating,1
R01210,2016,unknown,environment,negative,0.3,one year after the earthquake they did absolutely nothing to rebuild,1
R01210,2016,unknown,ritual_experience,negative,0.2,totally absurd they showing their funeral traditions to the tourist,1
R01210,2016,unknown,cultural_sensitivity,negative,0.2,"you can't even see the main Golden temple, it's only reserved for Hindu people",1
R01210,2016,unknown,service,negative,0.3,"people who represent as tourist guides, they would just start walking by you explaining the place",1
R02167,2019,solo,sacred_atmosphere,positive,0.8,Really pretty in the night with all the lights,4
R02167,2019,solo,crowd_management,neutral,0.5,can be crowded on certain days,4
R01101,2016,friends,environment,positive,0.7,area is clean,5
R01101,2016,friends,cultural_sensitivity,positive,0.6,better place for Hindus,5
R00459,2014,family,environment,negative,0.4,could have been kept a little more cleaner,4
R00459,2014,family,ritual_experience,positive,0.7,A must visit if you're interested in some Hindu traditions,4
R02289,2019,unknown,cultural_sensitivity,positive,0.8,wonderful spectacle to see the ladies in their finery,4
R02289,2019,unknown,spiritual_authenticity,positive,0.7,gives a good insight into these religions,4
R02289,2019,unknown,sacred_atmosphere,positive,0.85,architecture is tremendous,4
R02289,2019,unknown,access_fairness,neutral,0.5,areas off limits to those not of the Hindu/Buddhist faith,4
R01358,2016,friends,sacred_atmosphere,positive,0.8,A must visit when U R in Kathmandu,5
R02067,2018,solo,sacred_atmosphere,positive,0.8,A spectacular place to visit,5
R01683,2017,couples,spiritual_authenticity,positive,0.8,helps you learn about the culture,4
R01683,2017,couples,sacred_atmosphere,positive,0.85,meet some holy men who have devoted their lives to God,4
R01842,2018,couples,spiritual_authenticity,positive,0.8,give you peace of mind,5
R00771,2015,solo,ritual_experience,positive,0.8,see the Arati and then again in the morning to see the Abhishek,5
R02221,2019,family,facility,positive,0.8,clean and well maintained,5
R02221,2019,family,sacred_atmosphere,positive,0.9,Divine and peaceful,5
R01770,2017,couples,access_fairness,negative,0.3,we couldn't go inside the temple,1
R01770,2017,couples,sacred_atmosphere,negative,0.2,If breathing the dead is your gig step right up otherwise avoid this place,1
R01921,2018,business,sacred_atmosphere,positive,0.8,Pushpatinath is a beautiful temple,4
R01921,2018,business,crowd_management,neutral,0.5,There are often long queues but also ways of cutting them,4
R01174,2016,family,sacred_atmosphere,positive,0.9,great holy place,5
R01174,2016,family,spiritual_authenticity,positive,0.85,people come to know what is life after being this place,5
R01174,2016,family,environment,positive,0.7,monkey adventure make you feel different,5
R01043,2016,solo,spiritual_authenticity,positive,0.85,greater understanding of the history and culture,5
R02001,2018,solo,service,negative,0.1,racially attacked by a registered tour guide,1
R02001,2018,solo,access_fairness,negative,0.2,1000R entry fee for tourists was a bit crazy,1
R02001,2018,solo,cultural_sensitivity,negative,0.0,your kind came here and murdered our ancestors,1
R02001,2018,solo,sacred_atmosphere,negative,0.1,"places of worship, filled with that kind of hate and racism",1
R01434,2017,couples,ritual_experience,positive,0.8,privileged to have seen,5
R01434,2017,couples,sacred_atmosphere,positive,0.85,A place of peace,5
R01514,2017,family,ritual_experience,positive,0.6,good for those who want to do pilgrimage,3
R01514,2017,family,crowd_management,negative,0.3,this temple is crowded,3
R01514,2017,family,environment,negative,0.3,this temple is...dirty,3
R00887,2015,solo,sacred_atmosphere,positive,0.8,well worth a visit,5
R00887,2015,solo,environment,negative,0.4,smaller shrines suffered considerable damage,5
R00530,2014,family,sacred_atmosphere,positive,0.8,NOTHING to dislike about this TEMPLE,5
R00530,2014,family,cultural_sensitivity,neutral,0.5,you must BARGAIN with ALL sellers,5
R02263,2019,unknown,sacred_atmosphere,positive,0.7,well worth visiting and observing,4
R02263,2019,unknown,cultural_sensitivity,negative,0.3,not allowed to enter any temple for any members of other religions,4
R00107,2012,couples,ritual_experience,positive,0.8,incredible to watch 'public' cremations,5
R00107,2012,couples,access_fairness,negative,0.3,non-Hindus and non-Buddists are not allowed inside the temples,5
R00532,2014,couples,sacred_atmosphere,positive,0.8,fascinating to see how other cultures grief and treat the subject of human mortality,4
R00532,2014,couples,spiritual_authenticity,positive,0.9,definitely both enlightening and unique for non-hindus,4
R00237,2013,family,sacred_atmosphere,positive,0.9,soak up the atmosphere outside,5
R00237,2013,family,spiritual_authenticity,positive,0.85,truly magical temple,5
R00237,2013,family,access_fairness,neutral,0.5,"luckily as I and my family are hindus, we were able to enter",5
R01728,2017,business,facility,negative,0.3,maintenance is not upto mark,4
R01728,2017,business,environment,negative,0.3,approach road is not in good conditions,4
R01728,2017,business,spiritual_authenticity,positive,0.7,temple has its own religious importance,4
R00487,2014,couples,sacred_atmosphere,positive,0.9,Overall it is a divine experience,5
R00487,2014,couples,spiritual_authenticity,positive,0.85,The shrine is also very different from other shivlingas,5
R02354,2020,friends,sacred_atmosphere,positive,0.9,Beautiful holy place,5
R02354,2020,friends,spiritual_authenticity,positive,0.85,one of the holiness shrines,5
R02354,2020,friends,facility,positive,0.8,hassle free visit,5
R02432,2023,friends,spiritual_authenticity,positive,0.9,Hindu culture and uniqueness is very transparent from this place,5
R02432,2023,friends,sacred_atmosphere,positive,0.85,Recommend this place to visit without limits your time,5
R02333,2019,unknown,sacred_atmosphere,positive,0.7,most interesting and a unique experience,4
R02333,2019,unknown,ritual_experience,neutral,0.5,"rather peculiar experience, certainly for us",4
R01307,2016,couples,cultural_sensitivity,neutral,0.5,Only the Hindu can enter temples,5
R01307,2016,couples,ritual_experience,positive,0.7,the most touching is observation of cremation ceremony,5
R01307,2016,couples,sacred_atmosphere,positive,0.6,It is worth a few hours,5
R02124,2019,friends,sacred_atmosphere,positive,0.9,"Beautiful inside pashupati temple, really peace",5
R02186,2019,family,sacred_atmosphere,positive,0.9,very holy and good place to visit,4
R02186,2019,family,spiritual_authenticity,positive,0.85,feel very good and awesome,4
R02186,2019,family,environment,positive,0.8,very well maintained temple,4
R00431,2013,solo,ritual_experience,mixed,0.5,witnessed the cremation of bodies,4
R00431,2013,solo,sacred_atmosphere,positive,0.7,"interesting buildings ,events and people to see",4
R00431,2013,solo,cultural_sensitivity,negative,0.3,young boys jump and swim,4
R00284,2013,couples,ritual_experience,positive,0.7,The place is interesting and gives you an insight to the local religious ceremonies,5
R00284,2013,couples,cultural_sensitivity,neutral,0.5,I'm not sure that it would be the best place for children,5
R01296,2016,couples,sacred_atmosphere,positive,0.8,really incredible,4
R01799,2018,friends,access_fairness,negative,0.3,cant go inside the temple,2
R01799,2018,friends,facility,positive,0.6,give as map,2
R01202,2016,couples,service,positive,0.9,nice tour guide who spoke great English,5
R01202,2016,couples,facility,positive,0.85,inexpensive tour was so valuable,5
R01202,2016,couples,spiritual_authenticity,positive,0.9,rich history and culture of the Nepalese people,5
R01274,2016,solo,sacred_atmosphere,positive,0.8,Beautiful site where one can feel the culture and religious element,5
R01274,2016,solo,cultural_sensitivity,neutral,0.5,fine thin line to make tourism sustainable without endangering the religious aspect,5
R01546,2017,family,sacred_atmosphere,positive,0.8,threshold from inside is very divine,4
R01546,2017,family,environment,negative,0.3,not clean enough,4
R00350,2013,friends,access_fairness,negative,0.3,pay round ten euro,4
R00350,2013,friends,cultural_sensitivity,neutral,0.5,be respectfull with taking pictures,4
R00350,2013,friends,ritual_experience,positive,0.7,feeling to experience this is very special,4
R02049,2018,solo,ritual_experience,neutral,0.5,a little creepy if you can't understand the rituals,5
R02049,2018,solo,sacred_atmosphere,positive,0.7,it is a holy place for saying goodbye,5
R00247,2013,friends,service,positive,0.7,hired a tour guide and experienced,4
R00247,2013,friends,cultural_sensitivity,negative,0.3,people were taking pictures of the funeral pyres,4
R00247,2013,friends,access_fairness,neutral,0.5,if you are not a Hindu you cannot enter,4
R00247,2013,friends,spiritual_authenticity,positive,0.8,interesting but also moving,4
R02214,2019,friends,ritual_experience,positive,0.7,lot of people are involve to pray,5
R02281,2019,unknown,ritual_experience,positive,0.8,best would be to be there well before 7 pm to join the Arti and have Darshan,5
R02281,2019,unknown,sacred_atmosphere,positive,0.9,A must visit temple for all Hindus,5
R02281,2019,unknown,spiritual_authenticity,positive,0.85,unique 525 Lingams are installed in a Swastika shaped maze,5
R00527,2014,friends,sacred_atmosphere,positive,0.8,soak in the atmosphere,5
R00527,2014,friends,ritual_experience,negative,0.3,Witnessing cremations and death so publicly,5
R00527,2014,friends,cultural_sensitivity,negative,0.4,feels wrong to be taking photos and watching families experiencing grief,5
R00865,2015,family,spiritual_authenticity,positive,0.9,It is divine place,4
R00865,2015,family,sacred_atmosphere,positive,0.85,u automatically find at god's door,4
R01473,2017,friends,spiritual_authenticity,positive,0.8,"A must visit place, in order to know the religious culture",5
R01473,2017,friends,sacred_atmosphere,positive,0.85,"peace of soul, and a mind at the same time",5
R01239,2016,friends,cultural_sensitivity,neutral,0.5,only Hindu people are allowed to enter inside the temple but others can see from the outside,5
R00221,2012,friends,spiritual_authenticity,positive,0.85,"From my perspective, not to be missed",5
R02060,2018,friends,cultural_sensitivity,neutral,0.5,Non Hindus are not allowed inside the actual temple,4
R02060,2018,friends,sacred_atmosphere,positive,0.7,very public show of grief,4
R02060,2018,friends,spiritual_authenticity,positive,0.8,numerous Shrines to Shiva with trident symbols,4
R02060,2018,friends,environment,neutral,0.5,Holy men caused concern,4
R01574,2017,family,ritual_experience,positive,0.8,The priests are honest they perform the pooja and take you around for darshan,5
R01574,2017,family,facility,positive,0.7,predecided rates displayed at various places,5
R01574,2017,family,sacred_atmosphere,positive,0.85,A must visit for Those who would like going to ancient temples of Lord Shiva,5
R00457,2014,friends,sacred_atmosphere,positive,0.8,truly deserves the UNESCO heritage site tag,5
R00457,2014,friends,environment,positive,0.85,"The compound is huge, clean and friendly",5
R00773,2015,family,sacred_atmosphere,positive,0.8,great place of pilgrimage,5
R00773,2015,family,facility,positive,0.7,well maintained,5
R00773,2015,family,cultural_sensitivity,negative,0.4,sadhus can get a bit aggressive,5
R00818,2015,couples,ritual_experience,positive,0.8,great place that who want to experience Hindu funeral ceremony,5
R00818,2015,couples,facility,positive,0.7,strongly recommended to get a deal with local guides,5
R00818,2015,couples,access_fairness,neutral,0.5,couldn't remember how much money demanded to enter for tourists,5
R00818,2015,couples,cultural_sensitivity,neutral,0.5,every religion have different application funeral,5
R01924,2018,family,access_fairness,negative,0.3,big fee to enter the complex,3
R01924,2018,family,facility,positive,0.7,shoes can be checked for free,3
R01924,2018,family,facility,positive,0.8,food is great and much cheaper than in Thamel,3
R01924,2018,family,crowd_management,negative,0.4,main temple is rather poorly organized,3
R01467,2017,friends,spiritual_authenticity,positive,0.8,look Nepali culture,5
R01920,2018,solo,facility,negative,0.3,"Be warned of the guides.. even if you say no, they will follow you and expect a tip at the end",5
R01920,2018,solo,cultural_sensitivity,neutral,0.5,"only Hindus are permitted inside the golden temple, but you get good views from up the hill",5
R01920,2018,solo,sacred_atmosphere,positive,0.7,Definite location to spend a couple of hours to see into a different culture with so much activity and colour particularly on Saturdays,5
R02249,2019,solo,sacred_atmosphere,positive,0.8,Beautiful temples and architecture,5
R02249,2019,solo,ritual_experience,positive,0.7,The ritual cremation at the river makes the visit very impressive,5
R02249,2019,solo,cultural_sensitivity,negative,0.4,almost a violation of the privacy of the family of the deceased,5
R01663,2017,business,sacred_atmosphere,positive,0.8,very energetic temple that takes one away to a diff world,5
R01663,2017,business,facility,positive,0.9,easy access and very well managed,5
R00075,2012,family,environment,positive,0.8,wonderful temples n statues,3
R00075,2012,family,crowd_management,negative,0.3,monkeys n langurs which can snatch,3
R01876,2018,solo,access_fairness,negative,0.3,non Hindu's must buy ticket,5
R01876,2018,solo,cultural_sensitivity,negative,0.4,not permission go to inside the main temple,5
R01876,2018,solo,sacred_atmosphere,positive,0.7,Great experienced,5
R01876,2018,solo,spiritual_authenticity,positive,0.6,recommendation this nice place,5
R00628,2014,unknown,sacred_atmosphere,positive,0.7,definitely worth the visit,3
R00628,2014,unknown,environment,negative,0.3,Hindu-places are very dirty and messy,3
R00638,2014,unknown,sacred_atmosphere,positive,0.8,art and peace,5
R00638,2014,unknown,cultural_sensitivity,negative,0.3,harassment will be on like anything,5
R00638,2014,unknown,access_fairness,neutral,0.5,Indians don't have to pay any entry fee,5
R00566,2014,friends,sacred_atmosphere,neutral,0.5,The place is beautiful and the complex sprawling. But the cleanliness is poor.,4
R00566,2014,friends,facility,negative,0.3,cleanliness is poor,4
R00566,2014,friends,ritual_experience,negative,0.2,cremation at the river behind the temple is quite nauseating,4
R00566,2014,friends,cultural_sensitivity,negative,0.3,touts and scams by the priests,4
R01410,2017,solo,access_fairness,negative,0.3,"CHARGE Foreigners an admission fee (1000 Rupees), but DENY them access to the temple",4
R01410,2017,solo,environment,positive,0.6,grounds are interesting,4
R01410,2017,solo,crowd_management,negative,0.4,Aggressive MACAQUES monkeying around,4
R01727,2017,friends,facility,neutral,0.5,better to have a guide with you,4
R01727,2017,friends,spiritual_authenticity,positive,0.8,very strong energy vibe,4
R01727,2017,friends,environment,neutral,0.5,parts of the temple were under construction,4
R02004,2018,couples,crowd_management,neutral,0.5,Go to Temple after 09:30AM on a working day to avoid crowd,4
R02004,2018,couples,ritual_experience,positive,0.8,Must see Bagmati river Aarti in evening,4
R02004,2018,couples,sacred_atmosphere,positive,0.7,Very pleasant atmosphere with live singing,4
R02004,2018,couples,facility,negative,0.3,Don't get caught up by guides or priests,4
R01442,2017,friends,sacred_atmosphere,positive,0.8,such a holy temple,5
R01442,2017,friends,environment,positive,0.7,many pigeon that gathered,5
R01442,2017,friends,spiritual_authenticity,positive,0.85,Got some beautiful picture,5
R01483,2017,couples,spiritual_authenticity,positive,0.9,A location that makes you question the meaning of life and death,5
R01376,2016,family,sacred_atmosphere,positive,0.7,It is a good temple to visit,3
R01376,2016,family,spiritual_authenticity,positive,0.8,worships the god Shiva with many interesting stories,3
R00211,2012,friends,cultural_sensitivity,positive,0.8,"I was so fascinated about this place about the people, cultural differences",4
R01496,2017,friends,cultural_sensitivity,negative,0.3,For a non-Hindu its treasures are hidden from view,3
R01496,2017,friends,sacred_atmosphere,positive,0.7,It's a very holy place for Hindus,3
R01496,2017,friends,spiritual_authenticity,neutral,0.5,Wish I could have seen and learned more,3
R01633,2017,solo,sacred_atmosphere,positive,0.8,full of positive vibes,5
R01633,2017,solo,environment,positive,0.7,beautiful and calm,5
R01633,2017,solo,facility,negative,0.3,needs maintenance and cleanliness,5
R01248,2016,solo,sacred_atmosphere,positive,0.9,very good atmosphere very peaceful,5
R01248,2016,solo,spiritual_authenticity,positive,0.85,gives me great mental peace,5
R02128,2019,friends,sacred_atmosphere,positive,0.9,a really nice place to visit,5
R02128,2019,friends,environment,positive,0.85,covering with nature,5
R02283,2019,unknown,sacred_atmosphere,positive,0.9,wonderful vibrations and divine blessings of Lord Shiva,5
R02283,2019,unknown,spiritual_authenticity,positive,0.9,wonderful vibrations and divine blessings of Lord Shiva,5
R00421,2013,friends,facility,positive,0.9,hired a guide at the entrance to the temple. Best travel I advice I can give you,5
R00421,2013,friends,ritual_experience,positive,0.85,the entire ritual will stay with me forever,5
R00421,2013,friends,spiritual_authenticity,positive,0.9,an experience such as Pasupathinath Temple before,5
R01736,2017,unknown,access_fairness,negative,0.3,"tourists, who are not Hindu, cannot enter",5
R01736,2017,unknown,sacred_atmosphere,neutral,0.5,always crowded,5
R01736,2017,unknown,environment,positive,0.7,nice pictures of the temple,5
R00614,2014,unknown,environment,positive,0.8,the long walk up the stairs is worth the forest on the top,5
R00614,2014,unknown,facility,positive,0.7,small cafe on top of the climb is much appreciated,5
R00614,2014,unknown,sacred_atmosphere,positive,0.85,let the impressions sink,5
R00614,2014,unknown,ritual_experience,neutral,0.5,cremations are taking place and the other women and children bath in this river,5
R02373,2020,unknown,environment,negative,0.3,"Dirty and dusty ? Oh yes, definitely",5
R02373,2020,unknown,sacred_atmosphere,positive,0.8,A truly inspiring place,5
R02373,2020,unknown,cultural_sensitivity,negative,0.4,creepy foreigners who never went home,5
R01563,2017,couples,cultural_sensitivity,positive,0.7,People are tollerant here,5
R01563,2017,couples,ritual_experience,neutral,0.5,Not for the faint hearted! Or children,5
R00727,2014,couples,cultural_sensitivity,neutral,0.5,non-Hindus are not permitted in the main temple,4
R00727,2014,couples,sacred_atmosphere,positive,0.8,How auspicious to spend your final years at such a holy site,4
R00727,2014,couples,ritual_experience,positive,0.7,Did a small puja at the Shankarcharia Shrine,4
R00718,2014,solo,access_fairness,negative,0.3,disappointed it was so expensive to get in (1000NPR),4
R00718,2014,solo,environment,negative,0.4,chased by an angry monkey,4
R00718,2014,solo,spiritual_authenticity,positive,0.6,nice surprise to end up here,4
R02397,2020,friends,ritual_experience,positive,0.9,mesmerizing rituals feelings,5
R01790,2018,unknown,access_fairness,neutral,0.5,only Hindu Nepali/Indian citizens are able to enter,4
R01790,2018,unknown,facility,positive,0.7,they give you a locker key,4
R01790,2018,unknown,ritual_experience,neutral,0.5,dead bodies being cremated in the back,4
R01790,2018,unknown,sacred_atmosphere,positive,0.6,Overall an experience to remember,4
R01072,2016,solo,sacred_atmosphere,positive,0.9,the air and the chime of temple bells simlpy was divine,5
R01072,2016,solo,spiritual_authenticity,positive,0.85,a blessing to see all the 4 doors open of Mahadevs inner chamber,5
R01072,2016,solo,environment,neutral,0.5,walls in ruins after the earthquake of 2015,5
R01614,2017,friends,spiritual_authenticity,positive,0.9,very old and holy temple,5
R01614,2017,friends,ritual_experience,positive,0.8,perform Abhishek,5
R00556,2014,family,sacred_atmosphere,positive,0.8,Worth visiting to get a feel of the religious devotion,4
R00556,2014,family,cultural_sensitivity,neutral,0.5,No footwear allowed in and no photography inside,4
R01389,2017,friends,sacred_atmosphere,positive,0.9,feel calm and composed after each visit,4
R01389,2017,friends,spiritual_authenticity,positive,0.9,feel the pure aura around this place,4
R02380,2020,couples,ritual_experience,negative,0.3,non stop cremation which everyone can see and be present,3
R02380,2020,couples,spiritual_authenticity,negative,0.4,I felt heavy energy of death there,3
R02380,2020,couples,environment,negative,0.3,Place is dirty and full of people,3
R02380,2020,couples,cultural_sensitivity,negative,0.3,for foreigners and not Hindus a bit creepy place,3
R02043,2018,family,ritual_experience,positive,0.7,quite interesting way they send off their dead relatives,4
R02043,2018,family,facility,positive,0.6,get a guide to explain what is going on,4
R02043,2018,family,cultural_sensitivity,neutral,0.5,not considered rude to film or take pictures,4
R02043,2018,family,access_fairness,positive,0.7,Women do not have to cover themselves,4
R02076,2018,friends,sacred_atmosphere,positive,0.9,one of the most intriguing places,5
R02076,2018,friends,ritual_experience,neutral,0.5,cremate their loved ones for everyone to see,5
R00854,2015,family,facility,neutral,0.5,"temple prakaram is cleaned, can be improved vastly",4
R00854,2015,family,crowd_management,negative,0.3,jostling for space once you are infront of sanctum sanctoram,4
R00854,2015,family,cultural_sensitivity,negative,0.4,Avoid touts who will take you to a shop,4
R00854,2015,family,access_fairness,positive,0.7,place to keep chappal near the entrance and it is quite safe,4
R00663,2014,friends,ritual_experience,positive,0.8,serenity of the funeral ritual is joyous,5
R00663,2014,friends,sacred_atmosphere,positive,0.9,temples and gats are gorgeous,5
R00663,2014,friends,facility,positive,0.7,great (and cheap!) cafe,5
R00663,2014,friends,environment,positive,0.85,wonderful riverbank walk,5
R00663,2014,friends,problem,negative,0.3,camera was on the blink,5
R02086,2018,couples,facility,positive,0.8,The guide we had was extremely informative,5
R02086,2018,couples,ritual_experience,positive,0.7,enriches your cultural appreciation,5
R02086,2018,couples,sacred_atmosphere,positive,0.7,Well worth a visit,5
R01985,2018,family,facility,neutral,0.5,A local guide took us there,4
R01985,2018,family,crowd_management,negative,0.3,fight my way out of the crematorium,4
R00987,2015,couples,sacred_atmosphere,positive,0.8,important temples / place of worship for Hindus,4
R00971,2015,friends,sacred_atmosphere,positive,0.7,a quick visit is worth,5
R00971,2015,friends,spiritual_authenticity,neutral,0.5,felt little uncomfortable with the cremation area,5
R00035,2011,unknown,spiritual_authenticity,positive,0.9,immensely spiritual experience,5
R00035,2011,unknown,access_fairness,positive,0.8,I was allowed to go into the temple being a Hindu,5
R01077,2016,solo,cultural_sensitivity,neutral,0.5,Entry fee for non-hindus is 1000 Nprs,4
R01077,2016,solo,facility,positive,0.7,site is preserved,4
R01077,2016,solo,environment,neutral,0.5,construction works going on,4
R01094,2016,couples,cultural_sensitivity,neutral,0.5,the temple says and ask only hindu to visit inside the main campus,5
R01094,2016,couples,sacred_atmosphere,positive,0.8,This was the highlight of our cultural tour of Kathmandu,5
R00347,2013,friends,sacred_atmosphere,positive,0.85,Definitely my favourite temple to have visited,5
R00347,2013,friends,spiritual_authenticity,positive,0.8,"so much going on, and so much to explore",5
R00347,2013,friends,environment,positive,0.9,Very much worth a visit,5
R00745,2015,couples,ritual_experience,neutral,0.5,You witness the burning of bodies by the river,5
R00745,2015,couples,facility,positive,0.7,it is well worth the money since you really get explanations,5
R00918,2015,unknown,sacred_atmosphere,positive,0.8,"holy place, people from all over Nepal and India",5
R00918,2015,unknown,environment,negative,0.3,filthy and smells,5
R00918,2015,unknown,spiritual_authenticity,positive,0.9,very very interesting and amazing,5
R01972,2018,solo,sacred_atmosphere,positive,0.8,surrounding is very nice,5
R01972,2018,solo,spiritual_authenticity,positive,0.7,lots of culture and history,5
R01734,2017,couples,ritual_experience,positive,0.8,we did pooja lord shiva there and sat for long time,5
R01811,2018,friends,ritual_experience,positive,0.7,"heavy to witness, but also beautiful",5
R01811,2018,friends,facility,neutral,0.5,get a guide that explains everything,5
R01811,2018,friends,service,negative,0.4,settle on a price before,5
R01567,2017,couples,sacred_atmosphere,positive,0.8,A very holy place,5
R01567,2017,couples,spiritual_authenticity,positive,0.7,We should respect this place very much,5
R02314,2019,unknown,ritual_experience,positive,0.8,watching the Hindu traditional cremations along the river is riveting,5
R02314,2019,unknown,facility,positive,0.7,Get a guide for this site so you can really get a feel for the process,5
R01445,2017,solo,service,positive,0.9,"if you can have a guide, get it",5
R01445,2017,solo,sacred_atmosphere,positive,0.9,most amazing place I have seen,5
R01445,2017,solo,spiritual_authenticity,positive,0.85,Stunning,5
R01784,2018,family,cultural_sensitivity,negative,0.3,"I wouldn t recommend this as a place to photograph or, far-worse, video people in distress",3
R01784,2018,family,sacred_atmosphere,neutral,0.5,Use discretion and have respect for local people,3
R00406,2013,friends,ritual_experience,positive,0.8,"a unique experience as one could see life, death, hope, despair",5
R00406,2013,friends,sacred_atmosphere,positive,0.7,even more emotional than the first one,5
R00406,2013,friends,cultural_sensitivity,neutral,0.5,Entrance to the main temple at Pashupatinath is forbidden for the Non-Hindus,5
R00406,2013,friends,environment,negative,0.3,smell and smoke might be disturbing,5
R01487,2017,couples,crowd_management,negative,0.3,"Crowded, but a good place",4
R01487,2017,couples,access_fairness,neutral,0.5,temple closes at around 2 and then reopens,4
R00471,2014,solo,cultural_sensitivity,neutral,0.5,non-Hindus cannot get very close to the temple,4
R00471,2014,solo,ritual_experience,positive,0.7,interesting to see the temple and the cremations at the river,4
R01904,2018,family,cultural_sensitivity,neutral,0.5,No photography is allowed from inside the temple,4
R01904,2018,family,sacred_atmosphere,positive,0.8,It's a must visit place for followers of Shivji or Bholebaba,4
R02111,2018,solo,crowd_management,negative,0.3,Full of visitors,5
R02111,2018,solo,sacred_atmosphere,positive,0.8,Very atmospheric,5
R02111,2018,solo,access_fairness,negative,0.4,Queue to see the main idol,5
R02111,2018,solo,spiritual_authenticity,positive,0.7,"Ancient, venerated and very sacred",5
R01233,2016,solo,spiritual_authenticity,positive,0.8,real historical palace,5
R01233,2016,solo,sacred_atmosphere,positive,0.7,good Shiva tampal,5
R01058,2016,solo,ritual_experience,neutral,0.5,burning corps and mourning families are not for everybody,4
R01058,2016,solo,facility,negative,0.3,local guides will try to show you around. Interesting but pricey,4
R01058,2016,solo,access_fairness,negative,0.3,entrance fee was 10$ which is expensive,4
R01717,2017,friends,spiritual_authenticity,positive,0.9,it's a divine place for hindus,5
R01717,2017,friends,sacred_atmosphere,positive,0.85,must visit place...very historical place,5
R01424,2017,solo,ritual_experience,positive,0.8,It was incredible to observe these rituals in a respectful way,5
R00670,2014,couples,sacred_atmosphere,positive,0.9,Beautiful temple,5
R02030,2018,couples,access_fairness,neutral,0.5,only Hindus are allowed inside,5
R02030,2018,couples,facility,positive,0.6,quick entry you can buy rs1100 worship coupon,5
R01470,2017,solo,spiritual_authenticity,positive,0.7,Great place to visit for its religious/spiritual and cultural customs,4
R01470,2017,solo,facility,positive,0.6,Get a guide to explain the various temples and customs,4
R01470,2017,solo,cultural_sensitivity,negative,0.4,some appear to be trying to purposefully capitalise on the influx of tourists,4
R00260,2013,friends,sacred_atmosphere,neutral,0.5,standing in front of the shiva linga,5
R00260,2013,friends,environment,negative,0.4,monkey who had caught hold of a mans back,5
R02144,2019,friends,facility,positive,0.7,"The people are friendly and more than often, the younger males offer to give a tour inside the temple without being forceful",3
R02144,2019,friends,cultural_sensitivity,neutral,0.5,only a Hindu can enter the actual temple,3
R02144,2019,friends,ritual_experience,negative,0.3,witnessed live cremation next to the river. PSA - Definitely not for the faint-hearted,3
R02305,2019,unknown,spiritual_authenticity,positive,0.8,soak in the spiritual vibe,5
R02305,2019,unknown,sacred_atmosphere,positive,0.85,Indeed a beautiful experience,5
R02331,2019,unknown,environment,negative,0.3,river is very polluted,4
R02331,2019,unknown,cultural_sensitivity,neutral,0.5,only Hindus can enter the temples,4
R02331,2019,unknown,sacred_atmosphere,positive,0.7,traditional cremation ceremony,4
R02331,2019,unknown,facility,neutral,0.5,I didn t have a map or guide book,4
R01100,2016,couples,environment,negative,0.2,"Filthy river, dirty monuments",2
R01100,2016,couples,access_fairness,negative,0.3,"expensive entry fee, no access to main temple",2
R01100,2016,couples,cultural_sensitivity,negative,0.3,Sadhus offering themselves in photo for a fee,2
R01100,2016,couples,sacred_atmosphere,neutral,0.5,impressive size of complex,2
R00857,2015,family,cultural_sensitivity,neutral,0.5,be still and respect their traditions,5
R00857,2015,family,sacred_atmosphere,positive,0.8,It is spectacular to see this night,5
R00857,2015,family,crowd_management,negative,0.3,Some of the Saddhu's can be really annoying,5
R00766,2015,friends,sacred_atmosphere,positive,0.8,Certainly a place to visit once in a life regardless of your belief on religion.,5
R01962,2018,solo,ritual_experience,positive,0.8,"people doing ""Aarati "" at evening that was so cool!",5
R00538,2014,unknown,cultural_sensitivity,neutral,0.5,ppl arent allowed to click snaps,3
R00538,2014,unknown,sacred_atmosphere,positive,0.8,very important religious place,3
R00538,2014,unknown,environment,positive,0.85,architecture is simply awesome,3
R00538,2014,unknown,crowd_management,neutral,0.5,be careful of is ur belongings,3
R01851,2018,friends,access_fairness,neutral,0.5,"1,000 rupees for tourists to enter",5
R01851,2018,friends,ritual_experience,positive,0.8,Something you won t see many places in the world,5
R00249,2013,friends,service,positive,0.9,amazing guide who explained a lot,4
R00249,2013,friends,spiritual_authenticity,positive,0.8,realize what this place is and its significance,4
R00653,2014,couples,facility,positive,0.8,vendor stalls on your way,5
R00653,2014,couples,service,positive,0.9,Highly recommended. He has a unique perspective,5
R00653,2014,couples,spiritual_authenticity,positive,0.85,an unforgettable experience,5
R00653,2014,couples,sacred_atmosphere,neutral,0.5,"viewing, from some distance and across the river, various cremations",5
R02258,2019,unknown,sacred_atmosphere,positive,0.8,"loved the art and sace, river and nice temple",5
R02258,2019,unknown,spiritual_authenticity,positive,0.7,felt good energy,5
R00506,2014,solo,ritual_experience,negative,0.3,ritual wailing of the women before the cremation was rather disturbing,4
R00506,2014,solo,spiritual_authenticity,positive,0.7,more of a spiritual experience,4
R00506,2014,solo,cultural_sensitivity,neutral,0.5,Trusting that it was not disrespectful to the Hindu people,4
R00506,2014,solo,facility,negative,0.4,young guides were a little insistent,4
R02491,2025,solo,sacred_atmosphere,positive,0.9,entire temple has been amazing,5
R02491,2025,solo,spiritual_authenticity,positive,0.85,dedicated to lord Shiva,5
R01096,2016,business,cultural_sensitivity,neutral,0.5,Only Hindus allowed to enter here,5
R01566,2017,couples,sacred_atmosphere,positive,0.9,added more atmosphere,5
R01566,2017,couples,spiritual_authenticity,positive,0.85,One of the most amazing things I have ever seen,5
R01566,2017,couples,crowd_management,neutral,0.5,made it very busy but also added more atmosphere,5
R02372,2020,solo,ritual_experience,neutral,0.5,Live cremation also is going on all day long That s not my Favourite place to be,5
R02372,2020,solo,facility,positive,0.7,Food and hospitality was good,5
R02372,2020,solo,environment,negative,0.3,small dirty river,5
R02372,2020,solo,sacred_atmosphere,positive,0.6,Best time to visit temple is early morning,5
R00094,2012,couples,sacred_atmosphere,positive,0.9,amazing place,5
R00094,2012,couples,spiritual_authenticity,positive,0.85,all of life here... amazing,5
R00944,2015,unknown,facility,positive,0.7,worth having a guide,4
R00944,2015,unknown,sacred_atmosphere,positive,0.8,fascinating temple,4
R00944,2015,unknown,spiritual_authenticity,positive,0.75,interesting insight,4
R01219,2016,solo,spiritual_authenticity,positive,0.9,"intense cultural, spiritual and historical auspicious place",5
R01219,2016,solo,sacred_atmosphere,positive,0.9,holy worship,5
R00816,2015,solo,access_fairness,negative,0.3,"didn't have enough cash, so no entry",3
R00816,2015,solo,facility,neutral,0.5,just had enough for taxi back to Centre,3
R00756,2015,family,facility,positive,0.7,there is a parking lot,4
R00756,2015,family,facility,negative,0.3,rather dirty wash basins,4
R00756,2015,family,cultural_sensitivity,neutral,0.5,Non Hindus are banned from entry,4
R00756,2015,family,sacred_atmosphere,positive,0.8,architecture of the temple itself is very impressive,4
R00756,2015,family,environment,negative,0.3,The river itself is dirty,4
R00756,2015,family,spiritual_authenticity,positive,0.7,You feel good visiting the temple,4
R01755,2017,friends,sacred_atmosphere,negative,0.3,trash was carelessly tossed in to sacred river,5
R01755,2017,friends,spiritual_authenticity,positive,0.7,I was humbled to be allowed to witness it,5
R01755,2017,friends,cultural_sensitivity,neutral,0.5,"Not worse, not strange or bad. Just different.",5
R01755,2017,friends,environment,negative,0.4,smoke and ash from the fire swirled around me,5
R00798,2015,friends,sacred_atmosphere,positive,0.9,amazing atmosphere of a religion in action,4
R00798,2015,friends,cultural_sensitivity,positive,0.8,felt much happier knowing where I could and could not go,4
R00798,2015,friends,access_fairness,neutral,0.5,only Hindus are allowed in the Temple,4
R00798,2015,friends,facility,negative,0.3,avoid a guide,4
R01196,2016,friends,access_fairness,negative,0.3,Why would they charge you money and then not let you in?,2
R01196,2016,friends,cultural_sensitivity,negative,0.4,the temple is for Hindu's only,2
R01196,2016,friends,ritual_experience,neutral,0.5,watch cremations of bodies by the river,2
R00788,2015,friends,access_fairness,negative,0.3,If you are not Nepali or indian you won't be able to go actually inside,5
R00788,2015,friends,sacred_atmosphere,positive,0.7,surrounding area is very interesting,5
R00077,2012,unknown,sacred_atmosphere,positive,1.0,perfect beautiful temple,5
R00998,2016,solo,spiritual_authenticity,positive,0.7,see not only a temple but some of the local traditions,5
R00998,2016,solo,sacred_atmosphere,positive,0.6,Popular with locals,5
R02412,2022,unknown,sacred_atmosphere,neutral,0.5,"funeral Ghats were very interesting, but it felt a little weird",4
R02412,2022,unknown,access_fairness,negative,0.3,only Hindu's are allowed inside. This was a bit disappointing given it costs USD$10 to enter,4
R00904,2015,friends,facility,negative,0.3,there need to be more cleanliness and more signage for guidance,4
R00897,2015,couples,sacred_atmosphere,positive,0.9,an atmosphere you wont find anywhere else,4
R00897,2015,couples,spiritual_authenticity,positive,0.8,law of nature and culture of the Indian people in Nepal,4
R00458,2014,solo,access_fairness,negative,0.3,Admission is a steep NRP 1000 for non-SAARC tourists,3
R00458,2014,solo,cultural_sensitivity,negative,0.4,felt noticeably more conspicuous,3
R00458,2014,solo,ritual_experience,positive,0.6,it was interesting to witness,3
R00458,2014,solo,sacred_atmosphere,negative,0.4,did not find the people friendly,3
R01669,2017,couples,facility,negative,0.3,upkeep and maintenance does not really tell so,3
R01669,2017,couples,service,positive,0.7,engage a knowledgeable person,3
R01669,2017,couples,ritual_experience,positive,0.8,Rudra Abishey is also very famous here,3
R01669,2017,couples,spiritual_authenticity,positive,0.9,definitely feel the raw energy in the place,3
R00673,2014,couples,cultural_sensitivity,neutral,0.5,we fully understood this,5
R00673,2014,couples,sacred_atmosphere,positive,0.7,the surrounding area is fascinating,5
R00673,2014,couples,ritual_experience,positive,0.8,The cremation ceremonies seemed very solemn and dignified,5
R00673,2014,couples,access_fairness,neutral,0.5,"As non Hindus, we were not allowed to enter the main temple",5
R00101,2012,business,sacred_atmosphere,positive,0.7,good enviroment,5
R00892,2015,friends,sacred_atmosphere,positive,0.8,Very old and magnificent,4
R00892,2015,friends,facility,negative,0.3,needs more maintenance,4
R02002,2018,friends,sacred_atmosphere,positive,0.9,"sight, sounds and the scent in the air",4
R02002,2018,friends,spiritual_authenticity,positive,0.85,experience I will not soon forget,4
R01804,2018,solo,access_fairness,negative,0.2,paying that amount of money and then not even be allowed to see the temple,1
R01804,2018,solo,cultural_sensitivity,negative,0.3,religious never forbid entrance to temples to people of other religions,1
R01804,2018,solo,facility,negative,0.3,not even well looked after monkeys,1
R01804,2018,solo,sacred_atmosphere,neutral,0.5,temple itself must be beautiful,1
R00597,2014,couples,sacred_atmosphere,positive,0.8,well worth the visit,5
R00597,2014,couples,spiritual_authenticity,positive,0.7,something that I have never seen before,5
R01693,2017,unknown,sacred_atmosphere,positive,0.8,Very impressive,5
R01693,2017,unknown,spiritual_authenticity,neutral,0.5,watch these tragic moments,5
R00888,2015,friends,ritual_experience,positive,0.7,I liked being able to see how they ritually went through the cremation of the dead,4
R00888,2015,friends,sacred_atmosphere,negative,0.3,It just didn't seem very sacred to me,4
R00888,2015,friends,cultural_sensitivity,neutral,0.5,But it could just be how their culture operates,4
R00225,2012,friends,spiritual_authenticity,positive,0.8,death and impermanence can be studied and may help towards acceptance,4
R02252,2019,couples,facility,positive,0.7,I recommend going with a guide,5
R02346,2019,family,sacred_atmosphere,positive,0.8,Very traditional temple architecture,5
R02346,2019,family,facility,positive,0.7,hire a guide for NPR 500 and it will be worth it,5
R02346,2019,family,access_fairness,negative,0.4,NPR 400 which in my opinion was too high,5
R00275,2013,unknown,cultural_sensitivity,neutral,0.5,"barred to non-Hindus, but a good view of the temple can be had from the opposite bank",5
R00114,2012,family,cultural_sensitivity,neutral,0.5,"Families do not seem to mind, but it is best not to be too intrusive",4
R00114,2012,family,environment,negative,0.3,fair amount of rubbish in it which is revealed when it is low,4
R00114,2012,family,access_fairness,negative,0.4,unless you are hindu you are not allowed into the main temple,4
R00861,2015,solo,crowd_management,positive,0.8,ubiquitous queues were missing,5
R00861,2015,solo,ritual_experience,positive,0.7,ample time in front of each of the faces,5
R00861,2015,solo,spiritual_authenticity,positive,0.9,quite humbling to have visited this temple,5
R00861,2015,solo,sacred_atmosphere,positive,0.85,offering prayers to a large idol of Hanuman,5
R00953,2015,family,service,positive,0.7,guide was brilliant and very knowledgeable,5
R00953,2015,family,access_fairness,negative,0.4,did not negotiate a price first,5
R00953,2015,family,ritual_experience,neutral,0.5,slightly voyeuristic to watch families,5
R01813,2018,couples,ritual_experience,neutral,0.5,slightly weird to witness the burning of bodies,4
R02489,2025,family,sacred_atmosphere,positive,0.9,"temple's aura, rituals, and cultural significance make it a place unlike any other",5
R02489,2025,family,spiritual_authenticity,positive,0.9,a must-visit for spiritual seekers,5
R02489,2025,family,environment,positive,0.85,a place unlike any other,5
R02489,2025,family,ritual_experience,positive,0.85,rituals and cultural significance,5
R00301,2013,friends,spiritual_authenticity,negative,0.3,sadhus (or holy men) are fake,3
R00301,2013,friends,environment,negative,0.2,river is almost dry,3
R00301,2013,friends,facility,negative,0.4,guides will take you in the daytimes - but that's pointless,3
R00301,2013,friends,sacred_atmosphere,negative,0.3,kids on drugs (glue sniffing),3
R00348,2013,couples,spiritual_authenticity,positive,0.8,Very different experience for me personally,4
R00348,2013,couples,sacred_atmosphere,positive,0.9,Will remember it forever,4
R00793,2015,couples,facility,neutral,0.5,recommend paying for a guide just so that you don't get hassled,3
R00793,2015,couples,environment,negative,0.3,Lots of poverty and people with deformities begging for money,3
R00793,2015,couples,cultural_sensitivity,neutral,0.5,be prepared to tip them if you take any photos,3
R01838,2018,family,sacred_atmosphere,positive,0.8,atmosphere of old time,5
R01838,2018,family,ritual_experience,positive,0.7,complex very unusuall way of cremation,5
R01586,2017,family,cultural_sensitivity,neutral,0.5,only nepalis and Indians are allowed,4
R01586,2017,family,access_fairness,negative,0.4,paying 1000 nepali rupiya,4
R01586,2017,family,sacred_atmosphere,positive,0.7,The temple is beautiful from inside,4
R00794,2015,friends,ritual_experience,positive,0.8,I found the experience here emotional and a fascinating insight,5
R00794,2015,friends,cultural_sensitivity,negative,0.3,inappropriate behaviour of some tourists,5
R00794,2015,friends,facility,positive,0.7,I would not travel around this area without a knowledgeable and experienced guide,5
R01194,2016,solo,sacred_atmosphere,positive,0.8,beautiful temple I have come across,5
R01194,2016,solo,ritual_experience,positive,0.7,Don't miss the evening aarti,5
R01939,2018,family,sacred_atmosphere,positive,0.8,famous jyotirlingas of shivas,4
R01939,2018,family,crowd_management,negative,0.3,very crowded place,4
R02040,2018,solo,spiritual_authenticity,positive,0.9,This place touched my heart,5
R02278,2019,unknown,sacred_atmosphere,positive,0.9,Highly satisfying,5
R02278,2019,unknown,ritual_experience,positive,0.8,Had Darshan from the gate,5
R02278,2019,unknown,crowd_management,positive,0.8,not crowded,5
R01751,2017,solo,cultural_sensitivity,negative,0.3,"because you're white, which is wrong on so many levels",4
R01751,2017,solo,facility,positive,0.8,My guide was amazing and explained everything in great detail,4
R01751,2017,solo,ritual_experience,positive,0.7,the whole process is very beautiful in its own way,4
R01751,2017,solo,access_fairness,negative,0.4,"not allowed into the temple itself, which is for Hindus only",4
R02085,2018,friends,access_fairness,neutral,0.5,100 rupee entrance fee,4
R02085,2018,friends,facility,neutral,0.5,vendors at the entrance,4
R02085,2018,friends,ritual_experience,positive,0.8,fascinating ritual,4
R02085,2018,friends,sacred_atmosphere,positive,0.9,beauty of the temple was evident,4
R00814,2015,couples,sacred_atmosphere,positive,0.9,The view of magnificent,5
R00814,2015,couples,crowd_management,positive,0.8,There was not much crowd,5
R00814,2015,couples,ritual_experience,positive,0.85,easily do the darshan,5
R00814,2015,couples,spiritual_authenticity,positive,0.9,gave me really solace,5
R01366,2016,family,ritual_experience,positive,0.8,Like watching Life Nat Geo documentary,5
R01392,2017,family,spiritual_authenticity,positive,0.9,blessing from Shiva himself,5
R01392,2017,family,sacred_atmosphere,positive,0.85,place and surroundings are really charming,5
R01392,2017,family,facility,neutral,0.5,shopkeeper who sell Puja materials are charging a little more,5
R00199,2012,solo,sacred_atmosphere,positive,0.8,Beautiful temples - check out the mirrored view,5
R00199,2012,solo,environment,positive,0.7,walkway through the jungle up past the deer park,5
R00344,2013,solo,access_fairness,negative,0.3,you have to pay 1000 rupies and then you are not allowed to enter,3
R00344,2013,solo,cultural_sensitivity,negative,0.4,Europeans are not really needed there,3
R02007,2018,solo,ritual_experience,positive,0.7,more interesting than funeral/cremation ritual itself,5
R02007,2018,solo,cultural_sensitivity,negative,0.3,Hindus only,5
R02007,2018,solo,access_fairness,negative,0.4,"1000 rupees admission, and you don't even get to go in the temple",5
R00806,2015,solo,sacred_atmosphere,positive,0.8,"not just monument, but is actualy alive",5
R00806,2015,solo,ritual_experience,positive,0.7,very interesting to watch the ceremonies,5
R00806,2015,solo,spiritual_authenticity,positive,0.75,"alive with the people in the crematories, prayers",5
R00472,2014,family,access_fairness,negative,0.3,only Hindus are able to enter,4
R00472,2014,family,facility,positive,0.7,go with a guide to give you the history,4
R02338,2019,family,sacred_atmosphere,positive,0.8,It is a must visit,5
R02338,2019,family,crowd_management,negative,0.4,a lot of people visit everyday,5
R01703,2017,unknown,sacred_atmosphere,positive,0.8,historic temple buildings are amazing,3
R01703,2017,unknown,cultural_sensitivity,negative,0.3,feels like you are intruding on a family's send off,3
R01703,2017,unknown,spiritual_authenticity,neutral,0.5,Surreal comes to mind,3
R01703,2017,unknown,facility,negative,0.4,fending off holy men wanting to touch you,3
R01286,2016,friends,facility,positive,0.7,nicely arranged lines,5
R01286,2016,friends,crowd_management,negative,0.4,Gets crowded at times,5
R01286,2016,friends,access_fairness,positive,0.6,Better go early in the day as traffic is less,5
R01335,2016,couples,environment,negative,0.2,full of rubbish and very polluted,2
R01335,2016,couples,cultural_sensitivity,negative,0.3,"charge of 1,000 local currency",2
R01335,2016,couples,sacred_atmosphere,negative,0.2,wailing families,2
R01335,2016,couples,facility,negative,0.3,very diry with beggers and tourist stalls,2
R01168,2016,family,cultural_sensitivity,positive,0.7,"worth going to pashupatinath temple particularly, in off season",4
R01168,2016,family,sacred_atmosphere,positive,0.8,you will feel the design and structure of old hindu times,4
R01168,2016,family,spiritual_authenticity,positive,0.9,such thing is not available anywhere in world,4
R01868,2018,family,ritual_experience,negative,0.3,no cremation occurs after dusk,3
R01868,2018,family,sacred_atmosphere,neutral,0.5,"other than the structure itself, there wasn't much to see",3
R01868,2018,family,cultural_sensitivity,negative,0.4,I should have done my research to maximize my experience and show the respect this site deserves,3
R01775,2018,friends,ritual_experience,positive,0.9,wonderful darsan,5
R01775,2018,friends,spiritual_authenticity,positive,0.85,fullfill my desire to get a there and pray,5
R00702,2014,couples,sacred_atmosphere,neutral,0.5,interesting insight,3
R00702,2014,couples,access_fairness,neutral,0.5,charge an entry fee,3
R00702,2014,couples,cultural_sensitivity,negative,0.4,felt a little intrusive,3
R00096,2012,couples,sacred_atmosphere,negative,0.3,I found the place creepy,3
R00096,2012,couples,facility,negative,0.4,uncomfortable taking off your shoes and walking around for so long,3
R00096,2012,couples,spiritual_authenticity,positive,0.6,good place to visit for those who are religious,3
R00678,2014,unknown,access_fairness,negative,0.3,we were hassled by guides,5
R00678,2014,unknown,spiritual_authenticity,positive,0.7,real holy man in mother Therasor's old folks home,5
R00678,2014,unknown,sacred_atmosphere,positive,0.6,you have to visit this place to understand the atmosphere,5
R00678,2014,unknown,crowd_management,negative,0.4,monkeys are a wee bit aggressive,5
R01929,2018,couples,spiritual_authenticity,positive,0.7,feel totally different,4
R00204,2012,couples,sacred_atmosphere,positive,0.7,great place to see,4
R00204,2012,couples,ritual_experience,neutral,0.5,very strong experience but might not be pleasant to everyone,4
R02157,2019,family,sacred_atmosphere,positive,0.8,as best as Pashupati Nath,5
R00860,2015,solo,sacred_atmosphere,positive,0.8,A must see for anyone interested in Hindu religion and culture,5
R00860,2015,solo,spiritual_authenticity,positive,0.85,a devout person can die and be cremated quickly but in the very best location,5
R01970,2018,couples,access_fairness,neutral,0.5,central temple that can be entered only by Nepalese hindus,5
R01970,2018,couples,sacred_atmosphere,positive,0.8,one of the most interesting places I have seen and it's definitely worth the visit,5
R01970,2018,couples,cultural_sensitivity,negative,0.3,things that are unthinkable for Western minds,5
R01970,2018,couples,environment,negative,0.4,people doing their daily hygiene in the dirty water of the sacred river,5
R00643,2014,family,service,positive,0.8,Having a guide (Krishna) made it all the more enjoyable,5
R00643,2014,family,sacred_atmosphere,positive,0.7,Lots of history and atmosphere,5
R01093,2016,couples,access_fairness,negative,0.3,1000 rupees for foreigners,4
R01093,2016,couples,facility,neutral,0.5,"We were with a guide, so he made us pay",4
R01093,2016,couples,sacred_atmosphere,positive,0.8,Absolutely fascinating,4
R01093,2016,couples,environment,negative,0.2,not much water and filthy,4
R01937,2018,family,ritual_experience,positive,0.9,nice opportunity to have evening aarti & morning pooja,5
R01937,2018,family,spiritual_authenticity,positive,0.85,Lord Shiva blessed us with great darshan,5
R02433,2023,unknown,spiritual_authenticity,positive,0.9,spiritual energy and cultural significance is great,5
R02433,2023,unknown,sacred_atmosphere,positive,0.9,transformative and unforgettable experience,5
R01472,2017,couples,ritual_experience,positive,0.8,must see in Nepal,5
R01472,2017,couples,cultural_sensitivity,negative,0.3,wants a dollar for a photo,5
R00432,2013,unknown,ritual_experience,positive,0.9,amazing experience,5
R00432,2013,unknown,spiritual_authenticity,positive,0.85,brings out the spiritual side,5
R01141,2016,solo,access_fairness,negative,0.2,locals do not have to pay,2
R01141,2016,solo,facility,negative,0.3,guides will chase you,2
R01141,2016,solo,environment,negative,0.3,monkeys are aggressive,2
R01141,2016,solo,sacred_atmosphere,neutral,0.5,there are some interesting things to see,2
R02075,2018,friends,sacred_atmosphere,positive,0.9,most holiest site for Hindus,5
R02075,2018,friends,ritual_experience,positive,0.8,take their loved ones to be cremated,5
R02075,2018,friends,spiritual_authenticity,positive,0.85,Just breathtaking and a must see,5
R00117,2012,couples,facility,positive,0.7,A guide is very useful,4
R00117,2012,couples,cultural_sensitivity,neutral,0.5,Tourists are not allowed in,4
R01211,2016,solo,crowd_management,negative,0.3,many many people,4
R02451,2023,friends,ritual_experience,positive,0.8,We got chance to see the evening Aarti,5
R02451,2023,friends,spiritual_authenticity,positive,0.85,very peaceful and religious,5
R02451,2023,friends,sacred_atmosphere,positive,0.9,Overall our visit to pashupati nath was great,5
R01087,2016,friends,cultural_sensitivity,negative,0.3,only 'Hindus' are allowed into the temple,2
R01087,2016,friends,environment,negative,0.2,sacred river is now a sewer filled with trash,2
R01087,2016,friends,facility,negative,0.3,can't even organize a trash pickup,2
R01087,2016,friends,access_fairness,negative,0.4,non-Hindus can only peer into the entrance,2
R01577,2017,friends,facility,negative,0.3,"Entrance as 1000rupee each, we then were given a guided tour which what what we assume the 1000 each was for. Turned out not and has a very awkward experience",4
R01577,2017,friends,service,negative,0.4,we offered a 2000 tip to which he refused and demanded the cost as minim 4000 usually getting 8000rupee a tour,4
R01577,2017,friends,spiritual_authenticity,positive,0.7,The actual experience was great and insightful with a new understating of the Hindu belief and culture,4
R01577,2017,friends,access_fairness,negative,0.3,I don't believe any of this excessive amount was required but trying not to pay it was resulting in a very tense atmosphere,4
R00222,2012,couples,cultural_sensitivity,negative,0.3,it's bad the main temple is closed for non Hindus,4
R00222,2012,couples,ritual_experience,neutral,0.5,it's an experience to watch it. How strange that may sound,4
R01658,2017,family,sacred_atmosphere,positive,0.8,fell peaceful when you visit this place,5
R02140,2019,family,ritual_experience,positive,0.7,darshan nicely,4
R02140,2019,family,environment,negative,0.4,Temple premises is not so clean,4
R02140,2019,family,sacred_atmosphere,positive,0.8,Holy place must be visited to seek blessings of Lord Shiva,4
R02140,2019,family,crowd_management,neutral,0.5,visit to temple was very smooth,4
R01423,2017,friends,service,positive,0.9,organising a perfect prayers for us here,5
R00023,2026,family,sacred_atmosphere,positive,0.9,a place that gives peace to the mind and soul,5
R00023,2026,family,ritual_experience,positive,0.85,a beautiful and peaceful Aarti is performed by the river,5
R00023,2026,family,cultural_sensitivity,positive,0.8,photography is strictly not permitted,5
R00023,2026,family,spiritual_authenticity,positive,0.9,this temple has a very strong and positive vibration,5
R01897,2018,friends,sacred_atmosphere,positive,0.8,Darshan to bholey baba was very nice,5
R01897,2018,friends,spiritual_authenticity,positive,0.85,Hindu must visit this holy tempel,5
R00855,2015,business,crowd_management,positive,0.7,not much of a crowd was there,3
R00855,2015,business,ritual_experience,positive,0.8,could get darshan very easily,3
R00855,2015,business,environment,negative,0.3,small temples in its vicinity were all destroyed,3
R02295,2019,unknown,ritual_experience,positive,0.8,Watching a cremation is a profound existential experience,5
R02295,2019,unknown,sacred_atmosphere,positive,0.7,atmosphere in the temple grounds is a constant reminder,5
R00399,2013,couples,sacred_atmosphere,positive,0.9,An amazing spiritual centre for Hindus,5
R00399,2013,couples,cultural_sensitivity,neutral,0.5,govt recently started to charge tourists an entry fee,5
R00399,2013,couples,environment,positive,0.8,watch monkeys dart in and out of trees,5
R00399,2013,couples,ritual_experience,positive,0.85,"a procession carrying the dead, the rituals, the cremation",5
R02460,2024,family,sacred_atmosphere,positive,0.8,it's looks so much interesting,5
R02460,2024,family,spiritual_authenticity,positive,0.7,famous for indain and naepli Hindu people,5
R02460,2024,family,environment,positive,0.85,Nice temple,5
R02460,2024,family,ritual_experience,positive,0.7,very good visit,5
R02160,2019,solo,cultural_sensitivity,neutral,0.5,Non Hindus are not allowed,5
R02160,2019,solo,access_fairness,neutral,0.5,replica Pashupati Nath temple are also in India,5
R02200,2019,solo,cultural_sensitivity,positive,0.8,out of respect one should not venture too close or take photos,5
R02200,2019,solo,sacred_atmosphere,positive,0.85,Definitely not to be missed!,5
R01112,2016,friends,sacred_atmosphere,positive,0.9,A truly divine place,5
R01112,2016,friends,spiritual_authenticity,positive,0.85,architecture of the temple is ancient and beautiful,5
R01572,2017,friends,access_fairness,negative,0.3,Entrance fee 1000 rupees; expensive,4
R01572,2017,friends,cultural_sensitivity,neutral,0.5,inner temple which is open only to the Hindus,4
R00852,2015,friends,ritual_experience,positive,0.8,Great place to watch the cremation ceremonies,5
R00852,2015,friends,environment,neutral,0.5,Pastupathinath was largely saved from the earth quake,5
R00102,2012,couples,facility,negative,0.3,money goes from the entrance tickets...not invested,1
R00102,2012,couples,spiritual_authenticity,negative,0.2,experience left me sad,1
R00102,2012,couples,access_fairness,negative,0.2,exploits and preys on the poor,1
R02324,2019,business,spiritual_authenticity,positive,0.8,must important place to visit for all human being,5
R02025,2018,solo,ritual_experience,positive,0.8,it real is a beautiful thing,5
R01322,2016,solo,sacred_atmosphere,positive,0.9,THE most memorable location,5
R01322,2016,solo,spiritual_authenticity,positive,0.85,UNESCO World Heritage Site for good reason,5
R00568,2014,friends,facility,neutral,0.5,engage a guide,3
R00568,2014,friends,access_fairness,negative,0.3,entrance fee is relatively high,3
R01182,2016,unknown,access_fairness,negative,0.3,temple buildings are unfortunately closed to non-Hindu visitors,5
R01182,2016,unknown,spiritual_authenticity,positive,0.7,makes for a fascinating visit,5
R01182,2016,unknown,sacred_atmosphere,positive,0.8,many morals and knowledge of life,5
R01075,2016,couples,access_fairness,negative,0.3,ticket entrance is more expensive than any other place,5
R01075,2016,couples,cultural_sensitivity,negative,0.4,main temple is not allowed for non-Muslim,5
R01075,2016,couples,ritual_experience,positive,0.7,unforgettable half day walking around here,5
R01075,2016,couples,spiritual_authenticity,positive,0.8,local guy explaining about the circle of life,5
R02253,2019,solo,sacred_atmosphere,positive,0.8,amazing architecture,5
R02253,2019,solo,cultural_sensitivity,neutral,0.5,Photography inside the temple is prohibited,5
R00195,2012,solo,environment,negative,0.3,the smell is strong,4
R00195,2012,solo,sacred_atmosphere,positive,0.7,this is a holy place,4
R00195,2012,solo,cultural_sensitivity,positive,0.8,embrace the differences,4
R00195,2012,solo,crowd_management,negative,0.4,too many monkeys and it's easy to fall,4
R00437,2013,family,spiritual_authenticity,positive,0.9,truly a place where god resides,5
R00437,2013,family,sacred_atmosphere,positive,0.85,like a heavenly feeling,5
R01131,2016,family,facility,positive,0.7,take local 'guide' to hear interesting tidbits,5
R01131,2016,family,ritual_experience,positive,0.8,pre-cremation process - VERY interesting,5
R00683,2014,friends,sacred_atmosphere,positive,0.8,amazing place,5
R00683,2014,friends,cultural_sensitivity,neutral,0.5,people should be respectful,5
R02260,2019,unknown,ritual_experience,positive,0.9,beauty of the movement of fire lamp by the Pundits,5
R02260,2019,unknown,spiritual_authenticity,positive,0.85,felt different inner peace,5
R02260,2019,unknown,sacred_atmosphere,positive,0.9,clapping and chanting the prayer,5
R00210,2012,couples,sacred_atmosphere,positive,0.7,fascinating though somber sight,5
R00210,2012,couples,environment,positive,0.6,masses of monkeys that are so close you can pet,5
R00867,2015,family,environment,negative,0.3,city looks dirty and filthier,4
R00867,2015,family,sacred_atmosphere,positive,0.7,temple was surprisingly better maintained,4
R00867,2015,family,facility,positive,0.6,Government has taken care,4
R01875,2018,solo,ritual_experience,neutral,0.5,weird/interesting to see the cremated process,5
R00220,2012,solo,facility,positive,0.7,tour guide who spoke great English,5
R00220,2012,solo,environment,negative,0.3,highly polluted Bagmati river,5
R00220,2012,solo,cultural_sensitivity,neutral,0.5,entrance fee for foreigners was NRps 500,5
R02012,2018,family,spiritual_authenticity,positive,0.9,divine sense of calm once you enter,5
R02012,2018,family,cultural_sensitivity,neutral,0.5,local temple administration does not permit non hindu's,5
R02012,2018,family,sacred_atmosphere,positive,0.85,strange magnetism towards the 4 sided idol,5
R02264,2019,unknown,spiritual_authenticity,positive,0.8,feel about the hinduism culture,5
R00949,2015,couples,access_fairness,negative,0.3,as non Hindus you cannot enter,4
R00949,2015,couples,ritual_experience,positive,0.7,fascinating to watch the rituals,4
R00949,2015,couples,facility,negative,0.4,guides who will take you around for over inflated prices,4
R00968,2015,couples,ritual_experience,positive,0.7,very peacefull and quiet cermony,4
R00968,2015,couples,cultural_sensitivity,neutral,0.5,a bit stange to be watching as a tourist,4
R00968,2015,couples,access_fairness,negative,0.4,paid 1000 rs each and got a ticked,4
R00968,2015,couples,sacred_atmosphere,positive,0.6,gave us a good insight in the hindu culture,4
R01812,2018,couples,environment,negative,0.3,piles of garbage .. total mood killer,3
R01812,2018,couples,sacred_atmosphere,positive,0.6,A beautiful temple,3
R01812,2018,couples,crowd_management,negative,0.4,tons of monkeys,3
R01585,2017,couples,facility,negative,0.3,a lot of people pushing you to buy their goods,4
R01585,2017,couples,service,negative,0.4,tourist guides... stayed with us for another hour,4
R01585,2017,couples,sacred_atmosphere,positive,0.7,magic and at the same time bizarre place,4
R01585,2017,couples,ritual_experience,positive,0.6,"a lot of holy and sacred places, sandhu men, cremations",4
R00777,2015,friends,sacred_atmosphere,positive,0.8,very nice nice,5
R00777,2015,friends,spiritual_authenticity,positive,0.7,I have not word to write here,5
R00064,2012,business,facility,positive,0.9,everything else is taken care of,5
R00064,2012,business,service,positive,0.9,specialist guides who were experts,5
R00064,2012,business,spiritual_authenticity,positive,0.85,most authentic Nepalese food,5
R00064,2012,business,sacred_atmosphere,positive,0.85,Loved Pashupatinath,5
R01883,2018,friends,ritual_experience,positive,0.85,Amazing experience- a must see,5
R01883,2018,friends,spiritual_authenticity,positive,0.8,so culturally different from what we are accustomed to,5
R01230,2016,family,ritual_experience,positive,0.85,watching aarti of this river was an amazing experience,4
R00596,2014,solo,cultural_sensitivity,neutral,0.5,To enter the main shrine you must be Hindu,4
R00596,2014,solo,sacred_atmosphere,positive,0.8,a very sacred pilgrimage place,4
R00596,2014,solo,environment,positive,0.7,look around as there are many sights,4
R00596,2014,solo,spiritual_authenticity,positive,0.9,Definitely a must visit,4
R01959,2018,solo,sacred_atmosphere,positive,0.8,"Worth a visit, very important place of worship for hindus",5
R01959,2018,solo,spiritual_authenticity,positive,0.85,old and historical sacred place,5
R02188,2019,friends,cultural_sensitivity,neutral,0.5,only Hindus are permitted to enter,5
R02188,2019,friends,ritual_experience,positive,0.7,A very unique experience for an outsider,5
R01158,2016,family,sacred_atmosphere,positive,0.9,ultimate hindus holy temple quite spritual and relexing place,5
R01611,2017,family,access_fairness,positive,0.7,didn't take any entry fees from anyone,4
R01611,2017,family,cultural_sensitivity,negative,0.3,didn't allow to enter the Temple to non hindu visitors,4
R01611,2017,family,sacred_atmosphere,positive,0.8,the atmosphere is different,4
R01611,2017,family,environment,negative,0.2,"extensive dust of cremation, Smoking Ganza by Shadu's & air pollution",4
R01745,2017,friends,sacred_atmosphere,positive,0.8,untouched heritage and rich culture,5
R01745,2017,friends,cultural_sensitivity,neutral,0.5,Photos are not allowed,5
R00170,2012,couples,access_fairness,negative,0.3,dont pay the fee of 500 rs,3
R00170,2012,couples,cultural_sensitivity,negative,0.4,not allowed to enter inside of the temple,3
R00354,2013,family,facility,negative,0.3,hassled at the gate to take on a guide,4
R00354,2013,family,access_fairness,negative,0.4,expensive in relative terms,4
R00354,2013,family,environment,negative,0.3,beware of all the hawkers,4
R02470,2024,solo,sacred_atmosphere,positive,0.9,Atmosphere during arati time in the evening is amazing,5
R02470,2024,solo,cultural_sensitivity,neutral,0.5,Only Hindu are allowed to enter the temple,5
R01771,2017,couples,access_fairness,negative,0.4,"entrance fee was 1,000 rupees",4
R01771,2017,couples,facility,negative,0.3,tour guide explicitly asked us for a tip,4
R01771,2017,couples,spiritual_authenticity,positive,0.8,rich with Hindu culture and history,4
R01771,2017,couples,cultural_sensitivity,positive,0.7,Don't be intrusive and respect their privacy,4
R00272,2013,couples,ritual_experience,positive,0.7,Enjoy it,5
R00272,2013,couples,sacred_atmosphere,neutral,0.5,You should be prepared for the visit,5
R02145,2019,couples,ritual_experience,positive,0.8,an experience you should not miss,5
R02145,2019,couples,spiritual_authenticity,positive,0.85,educational in regard to learning the customs,5
R01000,2016,solo,environment,negative,0.3,it is a little bit dirty,5
R01000,2016,solo,sacred_atmosphere,negative,0.4,"cremations are done here next to the river, it can be a little too much",5
R01461,2017,solo,sacred_atmosphere,positive,0.8,Major Hindu Shrine in Kathmandu place of pilgrimage,5
R01625,2017,solo,service,positive,0.8,hired a guide and this is well worth the money,5
R01625,2017,solo,ritual_experience,positive,0.9,deeply moved by the cremation,5
R01625,2017,solo,spiritual_authenticity,positive,0.85,far more honest than the sterile way we reality death in the west,5
R01625,2017,solo,sacred_atmosphere,positive,0.9,never been to place sinfully of love and life,5
R00666,2014,friends,sacred_atmosphere,positive,0.7,world heritage listed area and worth a visit,3
R00666,2014,friends,spiritual_authenticity,positive,0.8,life and death as it is celebrated,3
R01276,2016,unknown,environment,positive,0.7,The place was pretty clean,4
R01276,2016,unknown,cultural_sensitivity,neutral,0.5,be aware that this happens in full sight,4
R01276,2016,unknown,crowd_management,positive,0.6,it was fairly quiet from a tourist perspective,4
R01276,2016,unknown,sacred_atmosphere,neutral,0.5,this Temple unlike others you will visit,4
R00562,2014,solo,sacred_atmosphere,positive,0.8,relatively clean & holy atmosphere,4
R00562,2014,solo,ritual_experience,positive,0.7,noble activity of blood donation,4
R01516,2017,solo,access_fairness,negative,0.3,admission fee does not give you access to the temple itself,5
R01516,2017,solo,ritual_experience,neutral,0.5,unbelievable (for westerns) open air cremation rituals,5
R01516,2017,solo,cultural_sensitivity,negative,0.4,off limits for non-Hindus,5
R01516,2017,solo,environment,negative,0.3,wind blows ashes everywhere,5
R00269,2013,business,sacred_atmosphere,positive,0.9,great place to have serenity,5
R00269,2013,business,spiritual_authenticity,positive,0.85,place to take blessings,5
R00269,2013,business,environment,positive,0.9,beautiful temple,5
R01922,2018,friends,sacred_atmosphere,positive,0.8,The place is very divine,5
R01922,2018,friends,crowd_management,negative,0.4,The place is usually crowdy,5
R01922,2018,friends,ritual_experience,positive,0.7,enjoy the Aarti done in evening,5
R01922,2018,friends,facility,positive,0.6,Local market is also there,5
R01801,2018,solo,sacred_atmosphere,positive,0.85,beautiful Shiva temple,5
R01801,2018,solo,facility,positive,0.7,shoe lockers are available,5
R01882,2018,family,sacred_atmosphere,positive,0.8,sacred hindu temple,5
R01882,2018,family,spiritual_authenticity,positive,0.85,experience is hard to explain,5
R01882,2018,family,environment,positive,0.9,must place to visit,5
R00629,2014,solo,cultural_sensitivity,negative,0.3,avoid taking pictures or videos,4
R00629,2014,solo,facility,negative,0.4,people who work for the temple secretly allow tourists,4
R00629,2014,solo,spiritual_authenticity,positive,0.8,immensely poignant experience,4
R00629,2014,solo,sacred_atmosphere,positive,0.9,surge of peaceful sentiment will come to you,4
R00863,2015,couples,sacred_atmosphere,positive,0.85,architecture was incredible and beautiful,4
R01622,2017,solo,ritual_experience,positive,0.8,one should do abhishek,5
R01622,2017,solo,facility,neutral,0.5,take ticket from bank,5
R01622,2017,solo,spiritual_authenticity,positive,0.9,god is live,5
R02438,2023,unknown,sacred_atmosphere,positive,0.8,very popular temple of Lord Shiva,5
R00510,2014,solo,sacred_atmosphere,positive,0.7,very interesting to see,4
R00510,2014,solo,environment,negative,0.3,the smell of the smoke was thick,4
R00084,2012,friends,spiritual_authenticity,positive,0.8,reminds you of the cycle of life and death,3
R01010,2016,solo,environment,positive,0.7,enjoy its surrounding by seeing the old architecture,5
R01010,2016,solo,sacred_atmosphere,positive,0.8,sacred Hindu's place,5
R01010,2016,solo,ritual_experience,neutral,0.5,cremation ceremony as per Hindu religion,5
R01010,2016,solo,crowd_management,negative,0.4,Be careful with Monkeys,5
R01608,2017,solo,cultural_sensitivity,negative,0.3,fake Baba's (holy men) who encourage you to take their picture then try to charge up to $25,4
R01608,2017,solo,sacred_atmosphere,positive,0.7,venerated Hindu Temple of Pashupatinath is well worth a visit,4
R00582,2014,couples,facility,positive,0.7,security staff understands the agony of the tourists,5
R00582,2014,couples,ritual_experience,negative,0.3,beware of pandits who boast that they will do abhishek,5
R00582,2014,couples,spiritual_authenticity,positive,0.8,"Worshipping and darshan of Lord Pasupathinath gave solace, peace of mind and happiness",5
R00582,2014,couples,sacred_atmosphere,positive,0.7,Worth visiting and spending some time,5
R01153,2016,solo,spiritual_authenticity,positive,0.8,takes your mind back to this place where it began,4
R01153,2016,solo,sacred_atmosphere,positive,0.7,"very interesting and informative, lots of heritage and culture",4
R00608,2014,solo,ritual_experience,positive,0.8,witness the evening aarti,5
R00608,2014,solo,sacred_atmosphere,positive,0.85,The architecture was awesome,5
R00608,2014,solo,environment,negative,0.4,smoke from the cremation was overwhelming,5
R00608,2014,solo,cultural_sensitivity,negative,0.3,friends and relatives of the deceased were so engrossed in their mobile phones,5
R01409,2017,solo,access_fairness,neutral,0.5,"To pay 1000Nrs per visit is ok, but no too nice",5
R01409,2017,solo,cultural_sensitivity,neutral,0.5,westerners can not join,5
R01034,2016,friends,access_fairness,negative,0.3,Expensive entrance fee,3
R01034,2016,friends,ritual_experience,neutral,0.5,Only go if you really want to see the cremations,3
R01034,2016,friends,sacred_atmosphere,negative,0.4,The temple itself is not that interesting,3
R00826,2015,couples,ritual_experience,positive,0.7,quite a spectacle,5
R00826,2015,couples,facility,positive,0.6,decent guide who filled us in,5
R00826,2015,couples,cultural_sensitivity,negative,0.4,expect tips if you take pictures,5
R01334,2016,solo,sacred_atmosphere,positive,0.8,sacred place for Hindu devotees,5
R01568,2017,couples,cultural_sensitivity,neutral,0.5,Unless you are Hindu you are not allowed inside,5
R01568,2017,couples,sacred_atmosphere,positive,0.7,that does not detract from the overall experience,5
R01568,2017,couples,ritual_experience,negative,0.4,some people on our tour were disturbed from this experience,5
R01568,2017,couples,environment,neutral,0.5,beggars and hawkers as soon as you enter,5
R00442,2013,couples,service,negative,0.3,a friendly guy starts to ''show us the way'',2
R00442,2013,couples,facility,negative,0.3,money isn't used for the improvement of the site,2
R00442,2013,couples,access_fairness,negative,0.2,doubled the fee entrance recently,2
R00442,2013,couples,cultural_sensitivity,negative,0.3,"many tounts, false saddhus",2
R00834,2015,friends,ritual_experience,positive,0.8,Darshan was very exhilarating,5
R00834,2015,friends,environment,positive,0.7,river and smaller temples around are nicely kept,5
R00140,2012,friends,facility,negative,0.2,security worker were not helpful and made very rude remarks,2
R00140,2012,friends,facility,positive,0.6,police was helpful,2
R00140,2012,friends,crowd_management,negative,0.2,full of pick picketers,2
R01610,2017,solo,sacred_atmosphere,negative,0.3,"holy and pure vibrations are tainted with noise, crowd, dirt",3
R01610,2017,solo,cultural_sensitivity,neutral,0.5,it is like any other Hindu temple,3
R01331,2016,solo,crowd_management,negative,0.3,very crowded,4
R01331,2016,solo,access_fairness,negative,0.3,Pricey compared to other attractions,4
R01279,2016,family,cultural_sensitivity,neutral,0.5,only allowed to Hindus to enter,5
R01279,2016,family,sacred_atmosphere,positive,0.8,beautiful and serene atmosphere,5
R01279,2016,family,crowd_management,negative,0.3,enormous crowd during special events,5
R01443,2017,friends,sacred_atmosphere,positive,0.7,structure and building is very old,4
R01443,2017,friends,crowd_management,negative,0.3,management is not good,4
R01443,2017,friends,environment,negative,0.4,tourist must aware of beggars,4
R01177,2016,friends,spiritual_authenticity,positive,0.9,"felt the divine power , being inside the temple",5
R01177,2016,friends,sacred_atmosphere,positive,0.85,experience was overwhelming,5
R00623,2014,friends,sacred_atmosphere,positive,0.8,temple itself is beautiful,4
R00623,2014,friends,ritual_experience,neutral,0.5,brought to be burned,4
R00623,2014,friends,spiritual_authenticity,positive,0.9,very emotional as the families of these people mourned,4
R00623,2014,friends,environment,negative,0.3,place also has monkeys,4
R00945,2015,friends,spiritual_authenticity,positive,0.8,intruiging insight of the religion and customs,5
R01560,2017,friends,sacred_atmosphere,positive,0.9,at peace as soon as you enter,4
R01560,2017,friends,spiritual_authenticity,positive,0.85,magnificent feeling of being so close to Bhole Baba,4
R01942,2018,couples,ritual_experience,positive,0.7,very interesting place,5
R01942,2018,couples,cultural_sensitivity,neutral,0.5,Not for children,5
R01390,2017,family,cultural_sensitivity,neutral,0.5,only hindus can enter the temple,4
R01390,2017,family,facility,positive,0.7,take a guide or pandit/pujari. they will explain you everything,4
R01390,2017,family,access_fairness,neutral,0.5,Temple has timings so check before visit,4
R01005,2016,unknown,spiritual_authenticity,positive,0.9,enormous amount of pure energy and devotion,4
R01005,2016,unknown,environment,negative,0.3,unsanitary and polluted,4
R01005,2016,unknown,crowd_management,neutral,0.5,respective personaas well as government should emphasize,4
R00581,2014,solo,ritual_experience,positive,0.9,It is spectacular with live musicians and singers,5
R00581,2014,solo,facility,negative,0.3,do a better job with maintenance,5
R00581,2014,solo,environment,positive,0.7,locals have started to work on clean up efforts,5
R00581,2014,solo,cultural_sensitivity,neutral,0.5,Pictures are not allowed inside the temple,5
R02020,2018,friends,spiritual_authenticity,positive,0.9,feel really blessed visiting,5
R00837,2015,solo,cultural_sensitivity,neutral,0.5,non-Hindus can't enter the actual temple,5
R00837,2015,solo,sacred_atmosphere,positive,0.8,considered sacred,5
R00837,2015,solo,environment,negative,0.3,limbs sticking out of the flames,5
R00837,2015,solo,spiritual_authenticity,positive,0.7,it is a very emotional time for them,5
R01767,2017,friends,spiritual_authenticity,positive,0.85,This was an extraordinary experience,5
R01767,2017,friends,cultural_sensitivity,neutral,0.5,Be prepared to pay for pictures taken of the monks,5
R01482,2017,friends,spiritual_authenticity,positive,0.7,this is their history and culture,5
R01482,2017,friends,cultural_sensitivity,neutral,0.5,Visit here but RESPECT,5
R00423,2013,solo,cultural_sensitivity,negative,0.3,"watch out for the professional holy men, they're very expensive",3
R00423,2013,solo,sacred_atmosphere,positive,0.6,interesting just to walk around by yourself and pick up on the atmosphere,3
R00423,2013,solo,environment,neutral,0.5,tends to gets smoky around dusk,3
R01672,2017,solo,sacred_atmosphere,positive,0.8,"you feel the reality, keep pondering silently",5
R01672,2017,solo,spiritual_authenticity,positive,0.9,live peacefully and let live other peacefully,5
R01672,2017,solo,environment,positive,0.85,sculptures depicted on wooden wall and stones are awesome,5
R01672,2017,solo,crowd_management,negative,0.3,donot try to feed monkeys otherwise they wont leave you,5
R01117,2016,solo,spiritual_authenticity,positive,0.9,gives a sense of peace and serenity,4
R01117,2016,solo,access_fairness,neutral,0.5,taxis are available but ask a lot if one can bargain,4
R02456,2024,couples,service,positive,0.9,everything was perfectly arranged,5
R02456,2024,couples,facility,positive,0.8,Very satisfied with the hotels,5
R02456,2024,couples,facility,positive,0.8,transport to the various activities,5
R02456,2024,couples,facility,positive,0.9,The best flight was the very last one,5
R00115,2012,friends,spiritual_authenticity,positive,0.8,loved watching the holy men,5
R00115,2012,friends,ritual_experience,positive,0.7,"cremations are held close by, which was an interesting experience",5
R00003,2025,friends,sacred_atmosphere,positive,0.85,I was really amazed after seeing this place,5
R00003,2025,friends,spiritual_authenticity,positive,0.8,experience hindu culture and religion first hand,5
R01824,2018,friends,spiritual_authenticity,positive,0.85,Every Hindu person should visit this amazing place,5
R00920,2015,unknown,facility,positive,0.7,temple compound is well managed and clean,4
R00920,2015,unknown,service,positive,0.8,guide who explains the history and significance,4
R00920,2015,unknown,sacred_atmosphere,positive,0.85,very good Darshan and felt accomplished,4
R00920,2015,unknown,environment,neutral,0.5,a lot of monkeys... but they do no harm,4
R01989,2018,business,cultural_sensitivity,neutral,0.5,entry inside the temple is strictly for the Hindus only,5
R01989,2018,business,sacred_atmosphere,positive,0.9,get mesmerised by the temples beauty,5
R01989,2018,business,ritual_experience,positive,0.8,evening hours all the 4 doors are open,5
R00497,2014,solo,sacred_atmosphere,negative,0.3,too much for the senses,3
R00497,2014,solo,cultural_sensitivity,negative,0.2,families grief and surrounding ceremonies are meant for tourists with cameras,3
R01416,2017,family,crowd_management,negative,0.4,though it's crowded,5
R01416,2017,family,ritual_experience,positive,0.7,like to go there and pray,5
R02297,2019,couples,ritual_experience,positive,0.8,The whole thing was very emotional to the family involved and also to me,5
R00038,2011,unknown,facility,positive,0.8,great value and very informative,5
R00038,2011,unknown,ritual_experience,neutral,0.5,Cremations are carried out here constantly,5
R00038,2011,unknown,cultural_sensitivity,negative,0.3,Show respect and try to avoid taking pics of the funerals,5
R00038,2011,unknown,service,negative,0.4,fake Sadhu's demanding money for pics,5
R02286,2019,couples,access_fairness,neutral,0.5,Non Hindus cannot enter the inside of the temples but can still go inside the temple compound,5
R02286,2019,couples,cultural_sensitivity,neutral,0.5,Entrance fee is 1000 Rupees,5
R01290,2016,unknown,facility,positive,0.7,a tour guide helped in describing,4
R01290,2016,unknown,environment,negative,0.3,remnants of the earthquake present everywhere,4
R01290,2016,unknown,sacred_atmosphere,neutral,0.5,some areas did not seem safe,4
R01290,2016,unknown,spiritual_authenticity,positive,0.6,worth the visit,4
R00120,2012,couples,sacred_atmosphere,positive,0.8,Very moving and something I will never forget,5
R00120,2012,couples,environment,negative,0.3,filthy river,5
R00120,2012,couples,spiritual_authenticity,positive,0.7,Very surreal place,5
R01147,2016,unknown,spiritual_authenticity,positive,0.9,"pleasure of everything combined peace, nature, mind and spiritual exercise",5
R00578,2014,business,environment,negative,0.3,not very clean,4
R00578,2014,business,sacred_atmosphere,positive,0.7,temple with Ghosala is just amazing,4
R00578,2014,business,spiritual_authenticity,positive,0.6,ashes being immersed immediately,4
R01206,2016,family,ritual_experience,positive,0.8,you can get different types of pujas done here like rudra abhishek,5
R01206,2016,family,facility,positive,0.7,you can find plenty of them in shops outside the temple,5
R01478,2017,couples,ritual_experience,positive,0.8,I was totally fascinated,5
R01478,2017,couples,sacred_atmosphere,neutral,0.5,"a busy, involved, raw process",5
R00603,2014,business,facility,positive,0.8,temple security handles the darshan and are very co operative and friendly,5
R00603,2014,business,sacred_atmosphere,positive,0.9,Very serene place,5
R00603,2014,business,environment,positive,0.8,"The Temple is very clean , quiet",5
R00256,2013,friends,sacred_atmosphere,positive,0.85,a wonderful image,5
R00256,2013,friends,spiritual_authenticity,positive,0.9,moving but also a very life affirming experience,5
R00807,2015,solo,sacred_atmosphere,positive,0.9,fills you with positive energy,5
R00807,2015,solo,environment,positive,0.85,view from other side of river is even better,5
R00807,2015,solo,crowd_management,positive,0.8,hardly anyone in temple,5
R02195,2019,unknown,sacred_atmosphere,positive,0.8,gives a perspective to life and death,4
R02195,2019,unknown,cultural_sensitivity,neutral,0.5,Leather items / Mobiles Not Allowed,4
R01288,2016,couples,ritual_experience,neutral,0.5,expect kremations,4
R01288,2016,couples,facility,positive,0.6,Get a local guide to tell you a little about the place,4
R01288,2016,couples,crowd_management,negative,0.3,expect...a lot of poeple,4
R01911,2018,family,facility,positive,0.7,Free shoe safe available,2
R01911,2018,family,crowd_management,negative,0.3,temple usually crowded,2
R01911,2018,family,environment,negative,0.2,road drive to the temple is horrid,2
R01911,2018,family,service,negative,0.4,"temple needs maitainence, proper security and cleaning facilities",2
R00316,2013,friends,facility,positive,0.8,one of the cleanest,3
R00316,2013,friends,cultural_sensitivity,neutral,0.5,Only Hindus allowed in the main temple,3
R00316,2013,friends,sacred_atmosphere,positive,0.7,the area around is very nice,3
R00316,2013,friends,spiritual_authenticity,positive,0.8,Great architecture,3
R02459,2024,family,crowd_management,positive,0.7,queue is maintained well,5
R02459,2024,family,facility,positive,0.6,"guards are strict, which is needed",5
R02459,2024,family,cultural_sensitivity,negative,0.4,"Would have got it, had I known in advance",5
R00512,2014,unknown,environment,neutral,0.5,lots of monkeys around,5
R00512,2014,unknown,sacred_atmosphere,positive,0.7,"great temple, worth one visit",5
R00512,2014,unknown,general_sentiment,positive,0.7,enjoyed the visit,5
R01136,2016,friends,sacred_atmosphere,positive,0.8,medation surrounding peace,5
R01136,2016,friends,spiritual_authenticity,positive,0.7,problem removel plazce,5
R01136,2016,friends,environment,positive,0.7,nice areas views,5
R01136,2016,friends,crowd_management,neutral,0.5,lots of monks and touristic invironment,5
R00617,2014,solo,ritual_experience,positive,0.7,that is the place to go,4
R00617,2014,solo,sacred_atmosphere,positive,0.8,sit and observe,4
R02490,2025,friends,spiritual_authenticity,positive,0.9,felt connected to spiritual side,5
R02490,2025,friends,sacred_atmosphere,positive,0.85,Hindu culture and tradition is really something and its great and beautiful,5
R02486,2025,solo,sacred_atmosphere,negative,0.3,place is overcrowded and there is a smell of wood burn,3
R02486,2025,solo,access_fairness,neutral,0.5,entry fees were 1000 rupees,3
R00229,2012,business,cultural_sensitivity,neutral,0.5,Only hindu religion people are allowed to enter the temple,5
R00229,2012,business,facility,positive,0.7,lockers provided free of cost,5
R00229,2012,business,sacred_atmosphere,positive,0.8,"Monday is the sacred day of Lord Shiva, and therefore many devotees from Nepal and abroad visit the temple",5
R00229,2012,business,spiritual_authenticity,positive,0.9,priests of the temple have always been from India for generations,5
R00380,2013,couples,sacred_atmosphere,positive,0.9,very peaceful and lots of prayers,5
R00380,2013,couples,spiritual_authenticity,positive,0.85,Revered and worshipped both by Hindus and Buddhists,5
R01699,2017,friends,spiritual_authenticity,positive,0.8,"it is not a tourist attraction, it is real life",4
R01974,2018,couples,sacred_atmosphere,positive,0.8,revered by the Hindu community,4
R01974,2018,couples,crowd_management,negative,0.3,Very crowded place,4
R01974,2018,couples,spiritual_authenticity,positive,0.7,A must visit place,4
R00224,2012,family,facility,negative,0.3,car which was taking us around had to be parked a distance,4
R00224,2012,family,environment,negative,0.4,surroundings were a tad bit untidy and unkempt,4
R00224,2012,family,spiritual_authenticity,positive,0.6,sense of Indianism in it,4
R00224,2012,family,sacred_atmosphere,positive,0.7,A nice place to see,4
R00476,2014,friends,cultural_sensitivity,positive,0.8,I understand their desire to worship in peace,4
R00476,2014,friends,sacred_atmosphere,positive,0.85,"A fantastic temple, well worth a look",4
R00476,2014,friends,spiritual_authenticity,positive,0.9,My interaction with the Sadhus was a highlight,4
R01259,2016,business,environment,negative,0.3,cleaniness is totatlly lacking,2
R01259,2016,business,spiritual_authenticity,neutral,0.5,"Unless you are very religious minded, better avoid",2
R01957,2018,solo,ritual_experience,positive,0.8,Temple aarti is something to wait for,5
R01957,2018,solo,sacred_atmosphere,negative,0.3,I was put off by it,5
R01957,2018,solo,spiritual_authenticity,positive,0.7,there were quite pleased,5
R00509,2014,unknown,sacred_atmosphere,positive,0.7,I truly can say I enjoyed my visit,5
R00832,2015,friends,spiritual_authenticity,positive,0.9,worlds best and power full temple,5
R01378,2017,solo,access_fairness,negative,0.3,Don't pay the 1000 rupee fee,4
R01378,2017,solo,cultural_sensitivity,neutral,0.5,You can see the vast majority of the complex without paying,4
R02399,2020,unknown,sacred_atmosphere,positive,0.9,great and magnificent temple,5
R02399,2020,unknown,spiritual_authenticity,positive,0.85,you feel blessed and blissful,5
R02399,2020,unknown,facility,positive,0.8,very well maintained,5
R00645,2014,solo,sacred_atmosphere,positive,0.7,still an interesting place to visit,4
R00645,2014,solo,cultural_sensitivity,neutral,0.5,only Hindus are allowed inside this temple,4
R00645,2014,solo,spiritual_authenticity,positive,0.8,among the most significant temples compound in Nepal,4
R00645,2014,solo,environment,negative,0.3,The scene is quite depressing,4
R00031,2011,couples,ritual_experience,positive,0.8,culturally insightful,5
R00031,2011,couples,access_fairness,neutral,0.5,Non-Hindus are not permitted,5
R00031,2011,couples,sacred_atmosphere,positive,0.9,highlight of our trip to Nepal,5
R00031,2011,couples,environment,negative,0.3,ashes are blown in all directions,5
R00586,2014,family,spiritual_authenticity,positive,0.8,Pashupati area is regarded as one of the most important places of pilgrimages,5
R00586,2014,family,sacred_atmosphere,positive,0.85,Thousands of devotees from within and outside the country come to pay homage,5
R00544,2014,friends,facility,positive,0.7,acquire a guide,3
R00544,2014,friends,sacred_atmosphere,positive,0.8,important Hindu temple and crematorium,3
R00544,2014,friends,cultural_sensitivity,neutral,0.5,You can not enter the temple area but are able to stand across the river,3
R00361,2013,solo,ritual_experience,positive,0.8,watching the cremations with the people working out up above it kind of blew me away,5
R00361,2013,solo,spiritual_authenticity,positive,0.9,the Sadhus took the cake. they were absolutely over the top,5
R02026,2018,couples,ritual_experience,positive,0.8,pleasantly surprised to witness so many intimate rituals,5
R02026,2018,couples,facility,positive,0.7,recommend getting a guide,5
R00288,2013,family,sacred_atmosphere,positive,0.8,Very sacred for Hindus,5
R00288,2013,family,environment,negative,0.3,view of cremation ground may disturb,5
R00288,2013,family,spiritual_authenticity,positive,0.7,Excellent temple,5
R02400,2021,unknown,sacred_atmosphere,positive,0.8,Very holy place for Hindu,5
R02400,2021,unknown,spiritual_authenticity,positive,0.7,nice to know about the history,5
R01916,2018,friends,facility,positive,0.7,people there are helpfull,5
R01916,2018,friends,ritual_experience,positive,0.8,different types of pujas offered,5
R01916,2018,friends,spiritual_authenticity,positive,0.9,peace positive energies blessings,5
R01916,2018,friends,sacred_atmosphere,positive,0.85,a must visit in lifetime,5
R00152,2012,couples,cultural_sensitivity,positive,0.8,I respect the norms and values of the people,5
R00152,2012,couples,spiritual_authenticity,positive,0.9,You feel so religious whenever you reach the place,5
R00152,2012,couples,access_fairness,neutral,0.5,I am not Hindu so I am not allowed to get inside the main temple,5
R01627,2017,couples,sacred_atmosphere,negative,0.3,holy men' who seem to be more interested in tourist cash,5
R01627,2017,couples,spiritual_authenticity,negative,0.2,very sad and most unholy,5
R01627,2017,couples,ritual_experience,positive,0.7,respectfully watching the fire consume the bodies,5
R01627,2017,couples,environment,negative,0.4,captured and caged a wild monkey,5
R00325,2013,couples,sacred_atmosphere,positive,0.7,Very interesting Hindu site,5
R00325,2013,couples,access_fairness,positive,0.8,Location is close to the airport,5
R01450,2017,family,sacred_atmosphere,negative,0.3,Not a great sight,4
R01450,2017,family,cultural_sensitivity,neutral,0.5,Non Hindus are not permitted inside the temple premises,4
R02203,2019,family,environment,negative,0.2,contamination is clearly visible,1
R02203,2019,family,sacred_atmosphere,negative,0.3,dead bodies left unattended aside the river,1
R01855,2018,couples,sacred_atmosphere,positive,0.9,"most calming, peaceful and spiritual place",5
R01724,2017,couples,spiritual_authenticity,positive,0.8,If you want to know hindus culture and relligion you must go there,5
R01695,2017,family,ritual_experience,positive,0.8,very moving to witness the final rituals,5
R01695,2017,family,spiritual_authenticity,positive,0.9,holy place where the devout come to die,5
R01232,2016,solo,ritual_experience,neutral,0.5,not sure if it appropriate to rate a place that carries out cremation,5
R01232,2016,solo,spiritual_authenticity,positive,0.7,interesting place to visit to understand local culture,5
R01118,2016,family,service,positive,0.8,guide which was invaluable,5
R01118,2016,family,ritual_experience,positive,0.85,"intriguing, educational and for me an emotional visit",5
R01118,2016,family,spiritual_authenticity,positive,0.9,witnessing the ceremonies the families were conducting,5
R01676,2017,friends,environment,negative,0.3,could have been far better maintained and managed,3
R01676,2017,friends,sacred_atmosphere,positive,0.6,still worth a visit,3
R01676,2017,friends,crowd_management,negative,0.4,could have been far better managed,3
R01978,2018,family,sacred_atmosphere,positive,0.8,eerie yet spiritual,5
R01978,2018,family,access_fairness,neutral,0.5,Travelers except locals & Indians are nominally charged,5
R00383,2013,couples,spiritual_authenticity,positive,0.9,Shiva temple with a history,5
R00383,2013,couples,ritual_experience,positive,0.85,must see the aarti,5
R02341,2019,friends,ritual_experience,positive,0.8,darshan was hassle free and quick,4
R02341,2019,friends,sacred_atmosphere,positive,0.85,one of the holiest shrines,4
R02341,2019,friends,cultural_sensitivity,neutral,0.5,Photography is prohibited,4
R02341,2019,friends,crowd_management,negative,0.3,crowd needed to monitored at the main temple,4
R02301,2019,unknown,cultural_sensitivity,neutral,0.5,Entrance fee for foreigners Rs 1000,4
R02301,2019,unknown,ritual_experience,positive,0.6,Interesting to see,4
R02301,2019,unknown,facility,negative,0.3,Lots of people trying to be your guide or sell stuff,4
R01256,2016,solo,spiritual_authenticity,positive,0.9,richness of religious fervour filled and a visit gives you divine experience,5
R00441,2013,friends,sacred_atmosphere,positive,0.7,lord shiva looking same on four sides is nice,4
R00441,2013,friends,environment,negative,0.3,stray animals doing rounds i didn`t like,4
R00441,2013,friends,facility,negative,0.2,friend was bitten by the dog,4
R02326,2019,couples,access_fairness,positive,0.8,"1000 entrance fee easily paid, which we thought was worth every penny",5
R02326,2019,couples,facility,positive,0.7,easy to get a taxi for the return journey,5
R02326,2019,couples,ritual_experience,positive,0.9,privilege to watch the ceremony so closely,5
R02326,2019,couples,cultural_sensitivity,negative,0.3,ignorant tourists with big cameras intruding,5
R00233,2012,business,sacred_atmosphere,positive,0.8,This is a splendid piece of architecture,4
R00233,2012,business,crowd_management,negative,0.3,Temple premises tend to be crowded,4
R00233,2012,business,environment,negative,0.3,Temple premises tend to be...littered,4
R01806,2018,couples,sacred_atmosphere,positive,0.8,a moving experience in a field of temples and a sacred river,5
R02223,2019,family,sacred_atmosphere,positive,0.85,sculputre and archtecture is mind boggling,4
R02223,2019,family,access_fairness,negative,0.3,long que to enter the temple,4
R02223,2019,family,cultural_sensitivity,neutral,0.5,no photographs are allowed,4
R00868,2015,couples,ritual_experience,positive,0.8,Watch as families say their final goodbye,5
R00868,2015,couples,cultural_sensitivity,neutral,0.5,What a cultural difference from the West,5
R00868,2015,couples,sacred_atmosphere,positive,0.85,"Admire all the little details on the stone carvings, just marvelous",5
R00302,2013,couples,environment,negative,0.3,river is having no flow of pure water,5
R00302,2013,couples,ritual_experience,negative,0.4,performance of Cremation alongside river is not good,5
R00302,2013,couples,cultural_sensitivity,negative,0.3,against the Hindu feelings,5
R00302,2013,couples,facility,positive,0.7,mandir is having 4 gates for Darshan,5
R00302,2013,couples,spiritual_authenticity,positive,0.8,one must visit this revered place,5
R01414,2017,friends,sacred_atmosphere,positive,0.8,frames an important religious value to the Hindus,4
R01414,2017,friends,facility,negative,0.3,infrastructure is again very poor,4
R01414,2017,friends,environment,negative,0.4,Watchout for the monkeys,4
R00089,2012,business,sacred_atmosphere,positive,0.8,magnificant temples of Lord Shiva,4
R00109,2012,friends,cultural_sensitivity,neutral,0.5,not be allowed inside the temple if you are not Hindu,5
R00109,2012,friends,sacred_atmosphere,positive,0.8,could not think of a better way to end the trip,5
R01395,2017,family,sacred_atmosphere,positive,0.9,simply awe inspiring,4
R01395,2017,family,ritual_experience,positive,0.85,most fascinated by the cremation ceremonies,4
R02070,2018,business,sacred_atmosphere,positive,0.8,The most holy place for Hindus,5
R02424,2022,unknown,ritual_experience,neutral,0.5,the process when the departed arrives since all the family & relatives give their last prayer before cremation,5
R01270,2016,couples,access_fairness,negative,0.3,foreigners are now charged 1000r to enter,3
R01270,2016,couples,sacred_atmosphere,positive,0.7,it's worth $10 to witness how they send off their dead,3
R01270,2016,couples,cultural_sensitivity,neutral,0.5,main temple is for Hindus only,3
R01270,2016,couples,environment,positive,0.6,"cleaner, more organized version of India's Varanasi",3
R02239,2019,couples,facility,positive,0.8,Very clean and well managed,5
R02239,2019,couples,cultural_sensitivity,neutral,0.5,Non-Hindus are not allowed inside the temple area,5
R02239,2019,couples,sacred_atmosphere,positive,0.9,Peaceful and nice experience,5
R02239,2019,couples,ritual_experience,positive,0.85,aarti takes place at river side,5
R02353,2020,couples,environment,positive,0.8,forest is invading the buildings in a very fascinating way,5
R02353,2020,couples,cultural_sensitivity,neutral,0.5,allowed only to hindu,5
R01597,2017,solo,sacred_atmosphere,positive,0.9,such an environment for which you will fall automatically,5
R01597,2017,solo,spiritual_authenticity,positive,0.85,sadhus performing their own meditation,5
R01597,2017,solo,environment,positive,0.8,Lot of birds around,5
R01597,2017,solo,ritual_experience,positive,0.9,evening ceremonies too which is again worth watching,5
R02469,2024,solo,sacred_atmosphere,positive,0.9,heaven on earth for all Hindus,5
R02469,2024,solo,ritual_experience,negative,0.3,Do not go if you can no see people being burnt after death,5
R01272,2016,business,sacred_atmosphere,positive,0.8,magic pawer amreally gating by gad shiva,5
R01723,2017,solo,sacred_atmosphere,neutral,0.5,Very very interesting place,4
R02205,2019,solo,environment,negative,0.3,polluted bagmati river,4
R02205,2019,solo,cultural_sensitivity,neutral,0.5,be respectful about taking photos,4
R02205,2019,solo,facility,negative,0.4,toilets are very scarce,4
R02205,2019,solo,access_fairness,neutral,0.5,entrance is 1000 npr,4
R00734,2014,couples,ritual_experience,neutral,0.5,"I saw the Hindu funeral, burning the dead body",4
R00734,2014,couples,spiritual_authenticity,positive,0.7,You may sit and reflect about life and death,4
R01502,2017,solo,cultural_sensitivity,neutral,0.5,only Hindus (and Buddhists as I found out) are allowed entry,3
R01502,2017,solo,sacred_atmosphere,positive,0.7,Pashupatinath definitely gives you a nice insight into Hindu culture,3
R01502,2017,solo,environment,positive,0.8,beautiful maze of little temples in a small forrest,3
R01502,2017,solo,ritual_experience,neutral,0.5,"interesting to see the surrounding, especially the ghats by the river where cremations regularly take place",3
R00412,2013,couples,sacred_atmosphere,positive,0.8,a strange and mystical experience,5
R02342,2019,family,ritual_experience,positive,0.9,"beautiful to watch, it's a Great Fest to our eyes",4
R02342,2019,family,sacred_atmosphere,positive,0.85,"one of the oldest, energetic, historical LORD SHIVA TEMPLE",4
R01035,2016,friends,service,positive,0.9,Ace the Himalaya provided a private shuttle and a very well educated and knowledgeable guide,5
R01035,2016,friends,ritual_experience,positive,0.8,help me gain a real appreciation for their beliefs,5
R01035,2016,friends,spiritual_authenticity,positive,0.85,one of the most Sacred sites in the Hindu world,5
R01035,2016,friends,sacred_atmosphere,positive,0.8,"not as a morbid display, but as a loving sendoff",5
R01661,2017,business,sacred_atmosphere,positive,0.8,a must see,5
R01661,2017,business,ritual_experience,neutral,0.5,goat sacrifices at certain times of the year,5
R00158,2012,solo,access_fairness,negative,0.3,blocked off exclusively for Hindus so the temple is a bit inaccessible,3
R00524,2014,friends,ritual_experience,positive,0.8,Very educational seeing real funerals and traditions,4
R00524,2014,friends,spiritual_authenticity,positive,0.9,authentic experience of people and life,4
R01830,2018,solo,environment,negative,0.3,approach road is narrow and dirty,3
R01830,2018,solo,cultural_sensitivity,neutral,0.5,only Hindus are allowed inside,3
R01830,2018,solo,access_fairness,neutral,0.5,photography is strictly prohibited,3
R01582,2017,couples,cultural_sensitivity,neutral,0.5,Non-Hindus are not allowed in the courtyard of the Temple,5
R01582,2017,couples,ritual_experience,positive,0.8,It relaxes whole body and mind,5
R01582,2017,couples,spiritual_authenticity,positive,0.9,Pashupatinath is revered as one of the holiest place of Hindus,5
R01582,2017,couples,sacred_atmosphere,positive,0.85,A must visit place,5
R01332,2016,solo,sacred_atmosphere,positive,0.9,most sacred place for hindus,5
R02087,2018,friends,ritual_experience,neutral,0.5,Abhishek part is performed outside the temple,4
R02087,2018,friends,sacred_atmosphere,neutral,0.5,Very old temple,4
R01896,2018,friends,ritual_experience,positive,0.8,Totally recommend it,4
R01604,2017,solo,ritual_experience,neutral,0.5,witness public cremations,3
R01604,2017,solo,facility,neutral,0.5,go on a picture with you in exchange for some money,3
R01031,2016,friends,sacred_atmosphere,positive,0.9,feel so lucky to explore the beauties of the temple,5
R01031,2016,friends,spiritual_authenticity,positive,0.85,the way of the Hindu religion,5
R01933,2018,solo,access_fairness,negative,0.4,not allowed into the temple which was a bit disappointing,4
R01933,2018,solo,sacred_atmosphere,positive,0.7,the ghats were worth the visit alone,4
R01933,2018,solo,cultural_sensitivity,neutral,0.5,"As a non Hindu, I was not allowed into the temple",4
R01933,2018,solo,environment,positive,0.7,Well worth the trip,4
R02232,2019,friends,environment,negative,0.3,adjacent river is very dirty and polluted,5
R02232,2019,friends,sacred_atmosphere,neutral,0.5,temple is neat and clean,5
R01501,2017,couples,access_fairness,negative,0.3,pay $10 per person,4
R01501,2017,couples,facility,positive,0.7,the guide was great,4
R01501,2017,couples,ritual_experience,positive,0.8,the visit was fascinating including watching cremation,4
R01501,2017,couples,cultural_sensitivity,negative,0.4,unless you are Hindu,4
R02476,2024,friends,access_fairness,positive,0.7,inexpensive to visit,5
R02476,2024,friends,ritual_experience,positive,0.8,The ceremonies are very impressive,5
R00878,2015,solo,sacred_atmosphere,positive,0.8,positive vibrations of the place is well evident,4
R00878,2015,solo,cultural_sensitivity,neutral,0.5,no photography allowed of the main Shiva temple,4
R00878,2015,solo,environment,positive,0.7,find it quite tranquil in here,4
R00878,2015,solo,crowd_management,negative,0.4,hardly saw much visitors from abroad,4
R01312,2016,solo,sacred_atmosphere,positive,0.8,this fantastic place,5
R00197,2012,friends,ritual_experience,positive,0.8,I found it interesting and enriching,5
R00197,2012,friends,cultural_sensitivity,neutral,0.5,Non-Hindu visitors may not visit the main temple,5
R00197,2012,friends,spiritual_authenticity,positive,0.85,amazing glimpse into another culture and religion,5
R00197,2012,friends,sacred_atmosphere,positive,0.9,I felt privileged to have visited here,5
R00069,2012,friends,spiritual_authenticity,positive,0.9,It was a real profound gift to be there,5
R00717,2014,friends,access_fairness,negative,0.3,No other than follower of Hindu religion can enter,4
R00717,2014,friends,cultural_sensitivity,neutral,0.5,pay 1000 rupees for enter inside,4
R00717,2014,friends,sacred_atmosphere,positive,0.7,realize the existence of this temple and the culture,4
R00717,2014,friends,environment,negative,0.4,not as clean as other temples,4
R00280,2013,solo,sacred_atmosphere,positive,0.8,one of the holiest Hindu places,4
R00280,2013,solo,ritual_experience,negative,0.3,open cremation process that is open for everyone to see,4
R00280,2013,solo,spiritual_authenticity,negative,0.4,heavy feeling one has upon entering,4
R00405,2013,family,spiritual_authenticity,positive,0.8,A holy and spiritual day for a non-Hindu family,5
R00405,2013,family,sacred_atmosphere,positive,0.85,we were amazed,5
R00405,2013,family,ritual_experience,positive,0.7,Cremation - all the 'holy' gathered in one square,5
R00405,2013,family,cultural_sensitivity,positive,0.75,teaching the kids our other faith is part of our parenting philosophy,5
R02435,2023,solo,sacred_atmosphere,positive,0.8,A sacred Hindu temple dedicated to Lord Pashupati,5
R01718,2017,friends,access_fairness,negative,0.3,entrance on the left into the temple is for Hindu people only,4
R01718,2017,friends,facility,negative,0.4,A lot of pushy sales people,4
R01718,2017,friends,sacred_atmosphere,positive,0.7,very cool place to see though,4
R01718,2017,friends,crowd_management,negative,0.3,perhaps get a guide!,4
R01732,2017,solo,sacred_atmosphere,positive,0.8,holy River Bagmati,5
R02306,2019,couples,cultural_sensitivity,neutral,0.5,it is seen as respect not intrusion,4
R02306,2019,couples,spiritual_authenticity,positive,0.8,fascinating insight into their culture,4
R02306,2019,couples,sacred_atmosphere,positive,0.7,A lesson in life and death,4
R01673,2017,couples,environment,negative,0.2,filthy and chaotic everything there is,3
R01673,2017,couples,facility,negative,0.1,free toilet there and it was filthy,3
R01673,2017,couples,spiritual_authenticity,positive,0.6,glad we went due to it's historical value,3
R01673,2017,couples,cultural_sensitivity,negative,0.3,really a huge culture shock,3
R01476,2017,friends,ritual_experience,positive,0.7,Worth the visit to understand a little of the great culture of the country,4
R01476,2017,friends,cultural_sensitivity,negative,0.3,"buddhist who beg for money, this is not a reflection of the true level of buddhism for Hindus",4
R01155,2016,family,cultural_sensitivity,neutral,0.5,Only Hindus are allowed to enter,5
R01155,2016,family,spiritual_authenticity,positive,0.9,peaceful feeling in words,5
R01925,2018,family,crowd_management,negative,0.3,Too many people make this place quite congested,4
R01925,2018,family,facility,positive,0.7,people are very helpful,4
R01925,2018,family,access_fairness,positive,0.8,We managed to go easily with My Mom (80 years) on a wheel chair,4
R01925,2018,family,sacred_atmosphere,positive,0.6,Spiritual place,4
R00825,2015,unknown,cultural_sensitivity,neutral,0.5,not allowed to enter the main temple,5
R00825,2015,unknown,sacred_atmosphere,positive,0.8,Overall experience is very good and must visit place,5
R00825,2015,unknown,crowd_management,negative,0.4,crowd was almost full,5
R00825,2015,unknown,spiritual_authenticity,positive,0.7,this place is spiritual for us,5
R00366,2013,friends,facility,positive,0.8,improved system of Pashupati,5
R00366,2013,friends,environment,positive,0.8,clean and systematic,5
R00271,2013,friends,cultural_sensitivity,positive,0.8,integral part of Hindu/Neplaese culture,5
R00271,2013,friends,facility,positive,0.7,unofficial guide which are very inexpensive,5
R00271,2013,friends,environment,positive,0.85,great views,5
R01023,2016,couples,sacred_atmosphere,positive,0.85,The place is just incredibly beautiful,5
R01023,2016,couples,ritual_experience,negative,0.3,The morbid part comes with the burning of the dead people,5
R01726,2017,solo,sacred_atmosphere,positive,0.8,The feel is great & the atmosphere needs to be soaked in,5
R01281,2016,business,sacred_atmosphere,positive,0.9,view of pasupati is majestic because of Sivas power,5
R01281,2016,business,facility,positive,0.8,security is really kind and responsible,5
R01281,2016,business,spiritual_authenticity,positive,0.85,i feel when i was in front of temple totally different,5
R02251,2019,solo,service,positive,0.7,I recommend to book a guide,5
R02251,2019,solo,ritual_experience,positive,0.8,very impressive and beautiful ritual,5
R02251,2019,solo,spiritual_authenticity,positive,0.85,meeting the sadhoes,5
R00252,2013,couples,ritual_experience,positive,0.9,The experience was more than just spiritual,5
R00252,2013,couples,service,positive,0.85,priests are extremely humble and helpful,5
R00252,2013,couples,sacred_atmosphere,positive,0.9,part of ancient tradition and history,5
R00252,2013,couples,facility,positive,0.8,temple is well maintained and kept neat and tidy,5
R01769,2017,family,crowd_management,negative,0.3,It is crowded,5
R01769,2017,family,access_fairness,negative,0.4,Avoid people offering to take you inside beating the queue for a fee,5
R01769,2017,family,sacred_atmosphere,positive,0.7,It is crowded but worth it,5
R01116,2016,family,crowd_management,negative,0.2,very crowded,3
R01116,2016,family,facility,negative,0.3,not really maintained,3
R01116,2016,family,ritual_experience,negative,0.4,full of priests trying to get you to do a puja,3
R01116,2016,family,sacred_atmosphere,negative,0.3,didn't find it as exciting as it is made out to be,3
R00695,2014,couples,sacred_atmosphere,positive,0.8,an amazing site right in the centre of the city,5
R00695,2014,couples,cultural_sensitivity,negative,0.3,sadhus look a bit put on for the tourists,5
R00695,2014,couples,facility,neutral,0.5,lane of tourist stalls,5
R00695,2014,couples,ritual_experience,positive,0.7,cremations in every stage of being carried out,5
R00411,2013,friends,ritual_experience,positive,0.8,extremely interesting and quite surreal,4
R00411,2013,friends,sacred_atmosphere,neutral,0.5,mourners and tourists mingle as if it is simply another day,4
R00363,2013,friends,access_fairness,negative,0.3,off limits to foreigners,3
R00363,2013,friends,cultural_sensitivity,neutral,0.5,Politely say 'Hindus Only',3
R00363,2013,friends,ritual_experience,neutral,0.5,Not big attraction itself but the whole story makes an interesting stopover,3
R00027,2026,solo,sacred_atmosphere,positive,0.9,intense and authentic atmosphere,5
R00027,2026,solo,ritual_experience,positive,0.85,"ceremony (aarti) by the river, which is definitely worth seeing",5
R00027,2026,solo,spiritual_authenticity,positive,0.8,gives you a real sense of the spiritual life of the city,5
R00027,2026,solo,environment,positive,0.7,much quieter and offer a different perspective,5
R01738,2017,friends,ritual_experience,neutral,0.5,bodies are prepared and cremated in the complex,4
R01738,2017,friends,facility,positive,0.7,guides will give a good overview,4
R01738,2017,friends,environment,negative,0.3,plenty of smoke and debris around the complex,4
R01738,2017,friends,cultural_sensitivity,positive,0.8,please be patient and considerate of them when you visit,4
R00714,2014,family,cultural_sensitivity,neutral,0.5,Only hindus are allowed into the temple. Other tourists are only allowed in the temple grounds.,4
R00714,2014,family,sacred_atmosphere,positive,0.8,The temple itself is intricately carved and beautiful.,4
R01503,2017,unknown,spiritual_authenticity,positive,0.8,where a Hindu should atleast visit in his lifetime,5
R00024,2026,solo,sacred_atmosphere,positive,0.9,deeply spiritual atmosphere,4
R00024,2026,solo,spiritual_authenticity,positive,0.85,most sacred Hindu temples,4
R00024,2026,solo,environment,positive,0.8,beautiful pagoda architecture,4
R01186,2016,family,sacred_atmosphere,positive,0.9,most important temple dedicated to god Shiva,4
R01186,2016,family,environment,neutral,0.5,outer area was little destroyed because of the earthquake,4
R01186,2016,family,spiritual_authenticity,positive,0.85,inside everything is as it is,4
R01186,2016,family,scenic_spot,positive,0.9,astonishing decorations of the temple,4
R02442,2023,friends,facility,positive,0.8,guide was very well informed,5
R02442,2023,friends,crowd_management,negative,0.3,there were massive crowds,5
R02442,2023,friends,cultural_sensitivity,positive,0.7,recommend being respectful,5
R02442,2023,friends,access_fairness,negative,0.4,only allows Hindus inside,5
R00535,2014,solo,ritual_experience,positive,0.7,eye opener for me,5
R00535,2014,solo,facility,positive,0.8,excellent guide Dil,5
R00535,2014,solo,environment,negative,0.3,pollution made my breathing challenging,5
R01793,2018,couples,sacred_atmosphere,positive,0.8,quietly give our offerings peacefully,5
R01793,2018,couples,cultural_sensitivity,negative,0.3,DO NEVER TRY TO TAKE PHOTOGRAPHS,5
R01793,2018,couples,crowd_management,positive,0.7,fortunately there was very less crowd,5
R01793,2018,couples,spiritual_authenticity,positive,0.9,Hindus feels it holy to have the last rites at this place,5
R01292,2016,solo,facility,positive,0.7,My guide toured me around the area,4
R01292,2016,solo,ritual_experience,neutral,0.5,cremation services that was going on,4
R01292,2016,solo,sacred_atmosphere,positive,0.8,Pashupatinah is fascinating,4
R01292,2016,solo,cultural_sensitivity,neutral,0.5,only the faithful are admitted,4
R01642,2017,couples,sacred_atmosphere,positive,0.8,surrounding area and view of temple are excellent,5
R01642,2017,couples,cultural_sensitivity,negative,0.3,not allowed to non hindu,5
R01419,2017,unknown,service,positive,0.8,excellent guide who was helpful,5
R01419,2017,unknown,cultural_sensitivity,positive,0.7,be respectful of grieving families,5
R01419,2017,unknown,sacred_atmosphere,positive,0.7,well worth a visit,5
R01002,2016,couples,sacred_atmosphere,positive,0.8,A must go,5
R00923,2015,family,facility,negative,0.3,did not allow even a car with handicap person,5
R00923,2015,family,facility,positive,0.7,car parking is very near,5
R00923,2015,family,ritual_experience,positive,0.8,had very nice darshan,5
R00923,2015,family,sacred_atmosphere,positive,0.9,fantastic architecture,5
R00923,2015,family,access_fairness,negative,0.4,did not have any ramps,5
R01867,2018,family,sacred_atmosphere,positive,0.9,temple was beautiful,5
R01867,2018,family,spiritual_authenticity,positive,0.85,arts of dwelling is awesome,5
R01867,2018,family,ritual_experience,positive,0.8,visit at evening during aarati,5
R02418,2022,friends,spiritual_authenticity,positive,0.9,Most sacred and spiritually elevating place of worship,5
R02418,2022,friends,cultural_sensitivity,positive,0.8,leave shoes outside and not to use mobile phone or camera,5
R02418,2022,friends,crowd_management,negative,0.3,lots of touts roaming around,5
R00074,2012,couples,cultural_sensitivity,neutral,0.5,Non-hindus are not allowed into the central precincts,3
R00074,2012,couples,sacred_atmosphere,negative,0.3,smoke from cremations was burning my throat,3
R00020,2026,family,sacred_atmosphere,positive,0.9,filled with positive vibrations that touch the soul,5
R00020,2026,family,spiritual_authenticity,positive,0.85,presence of Lord Pashupatinath brings inner peace and devotion,5
R00036,2011,couples,sacred_atmosphere,positive,0.7,Colourful and great for photographs,5
R00036,2011,couples,ritual_experience,neutral,0.5,strange for westerners to see bodies being publicly cremated,5
R01428,2017,solo,environment,negative,0.3,"There are crowds, there is filth",5
R01428,2017,solo,spiritual_authenticity,positive,0.8,"vibrant in divinity, ritual, and faith",5
R01428,2017,solo,sacred_atmosphere,positive,0.9,intense experience that truly revives your spirit,5
R01428,2017,solo,facility,negative,0.4,government and the administrative board really needs to pull up its socks,5
R01026,2016,friends,sacred_atmosphere,positive,0.9,appreciate the sanctity and holiness,5
R01026,2016,friends,ritual_experience,positive,0.8,elaborate Hindu cremation rituals,5
R01026,2016,friends,cultural_sensitivity,neutral,0.5,Non Buddhists and Hindus do not have access to all areas,5
R01026,2016,friends,facility,positive,0.7,ATM is located near the ticket booth,5
R00646,2014,solo,sacred_atmosphere,positive,0.7,Overall ambience was good,4
R00646,2014,solo,spiritual_authenticity,positive,0.8,sits in silence in the temple for a while to soak in the engines present,4
R01113,2016,unknown,access_fairness,negative,0.3,It is expensive to get in,1
R01113,2016,unknown,environment,negative,0.2,The water is filthy,1
R01113,2016,unknown,cultural_sensitivity,negative,0.3,Kathmandu needs to re think the effects of its rubbish on this river,1
R02202,2019,friends,ritual_experience,positive,0.7,quite fascinating to experience the rituals,4
R02202,2019,friends,cultural_sensitivity,negative,0.3,temple is off limits to non-Hindus,4
R00726,2014,couples,ritual_experience,positive,0.8,Evening Pooja is impressive,5
R00726,2014,couples,facility,positive,0.7,Take a guide (we found 500 NRS for 1 - 1 1/2 hrs an ok deal),5
R00726,2014,couples,cultural_sensitivity,positive,0.6,"Unlike Varanasi, India, you are allowed to take pictures here",5
R00592,2014,solo,ritual_experience,positive,0.8,witness the Hindu cremation rites,5
R00592,2014,solo,spiritual_authenticity,neutral,0.5,place of great solemnity and private worship,5
R00592,2014,solo,access_fairness,negative,0.3,1000 NR entrance fee is quite steep,5
R00592,2014,solo,facility,negative,0.4,beware of getting attached to a self-appointed guide,5
R00592,2014,solo,cultural_sensitivity,negative,0.3,"if you shoot people, they expect to be paid",5
R01545,2017,business,spiritual_authenticity,positive,0.8,"fascinating holy men, sadhus followers of Hindu Deity Shiva",4
R01964,2018,family,sacred_atmosphere,positive,0.8,everyone in my family loved,5
R02122,2019,couples,environment,negative,0.2,temple too is dirty and in an unclean environment,3
R00501,2014,solo,sacred_atmosphere,negative,0.2,voyeuristic and tragic,1
R00955,2015,couples,access_fairness,negative,0.3,"It is expensive for ticket, 1000 rupees",4
R00955,2015,couples,spiritual_authenticity,positive,0.7,sense of Hindu books and history are reflecting,4
R01666,2017,family,sacred_atmosphere,positive,0.85,the whole complex is definitely worth the visit,4
R02222,2019,family,spiritual_authenticity,positive,0.9,I was really in awe of the one of the oldest shiv temple,5
R02222,2019,family,sacred_atmosphere,positive,0.85,charged vibrations from the whole atmosphere,5
R01384,2017,couples,cultural_sensitivity,negative,0.3,non-Hindus are not able to enter,5
R01384,2017,couples,ritual_experience,positive,0.7,interesting and moving,5
R01384,2017,couples,sacred_atmosphere,positive,0.6,fascinating,5
R00606,2014,couples,ritual_experience,positive,0.8,amazing cultural experience,5
R00606,2014,couples,spiritual_authenticity,positive,0.85,we really felt like we understood the culture,5
R02190,2019,friends,facility,negative,0.3,poorly advertised ticket booth,3
R02190,2019,friends,service,negative,0.3,barked at by staff,3
R02190,2019,friends,access_fairness,negative,0.4,fenced off from the river,3
R02190,2019,friends,environment,negative,0.3,struggling a bit with the air quality,3
R01877,2018,unknown,sacred_atmosphere,positive,0.8,not to be hurried through,4
R01877,2018,unknown,ritual_experience,positive,0.7,very interesting to see the ritual involved with the cremations,4
R00633,2014,family,cultural_sensitivity,neutral,0.5,"You can't really enter the main temple, unless you're hindu",4
R00633,2014,family,facility,negative,0.3,"beware of all the 'guides', who are happy to walk you around and then ask a large fee",4
R00633,2014,family,environment,positive,0.7,The park on top is very nice and quiet,4
R00633,2014,family,crowd_management,negative,0.4,"Beware of the the monkeys, whose bites can be dangerous",4
R01601,2017,unknown,sacred_atmosphere,positive,0.9,a beautiful experience aswell,4
R01601,2017,unknown,cultural_sensitivity,neutral,0.5,Only hindu's are allowed inside the temple,4
R01601,2017,unknown,ritual_experience,positive,0.8,got an Abhishek done at d temple,4
R01601,2017,unknown,spiritual_authenticity,positive,0.85,beautiful ancient temple,4
R01708,2017,friends,cultural_sensitivity,neutral,0.5,It is for only Hindus. Please dress decently here.,5
R01708,2017,friends,sacred_atmosphere,positive,0.7,People from all over the world come to worship.,5
R00488,2014,couples,facility,positive,0.7,guided tour of the temple and that was a wise decision,5
R00488,2014,couples,ritual_experience,positive,0.8,Aarati...that was fascinating to watch,5
R00488,2014,couples,sacred_atmosphere,positive,0.75,many interesting things...like Hindu crematorium,5
R01701,2017,solo,cultural_sensitivity,neutral,0.5,Temple itself is open only for Hindu believers,4
R01701,2017,solo,spiritual_authenticity,positive,0.7,purifies the people spiritually,4
R01701,2017,solo,sacred_atmosphere,positive,0.8,considered by Hindus and Buddhists as a holy river,4
R00470,2014,friends,access_fairness,negative,0.3,entrance fee is also very steep at 1000 rupees,2
R00470,2014,friends,cultural_sensitivity,negative,0.4,additional fee if you want to go inside the temple (only for Hindus),2
R02155,2019,family,ritual_experience,positive,0.8,Amazing opportunity to see Hindu rituals,5
R02155,2019,family,spiritual_authenticity,positive,0.7,an adventure into something the west doesn't have,5
R01884,2018,friends,sacred_atmosphere,positive,0.9,you feel very peaceful,5
R01884,2018,friends,environment,positive,0.8,Best sight is a few monkeys sometimes,5
R00002,2025,friends,ritual_experience,positive,0.8,Very interesting and exciting,5
R00002,2025,friends,sacred_atmosphere,positive,0.85,most important temple in Nepal,5
R00591,2014,couples,sacred_atmosphere,positive,0.9,a place to let your soul rest with the divine,5
R00615,2014,solo,sacred_atmosphere,positive,0.8,The architecture is very beautiful,5
R00615,2014,solo,ritual_experience,positive,0.7,There is an evening aarti which is very nice,5
R00615,2014,solo,environment,negative,0.3,be careful of belongings as there are monkeys,5
R01579,2017,solo,access_fairness,negative,0.3,non-hindus are not allowed inside,4
R01579,2017,solo,facility,negative,0.4,approached by 'tour guides' that are not really necessary,4
R01579,2017,solo,cultural_sensitivity,neutral,0.5,as it should be,4
R01579,2017,solo,sacred_atmosphere,positive,0.6,well worth the visit,4
R01619,2017,family,spiritual_authenticity,positive,0.8,once in a lifetime every Hindu should go here,5
R01619,2017,family,sacred_atmosphere,positive,0.7,very famous and popular destination for Hindus,5
R00830,2015,family,access_fairness,neutral,0.5,Only Hindus are allowed inside the main temple premises,5
R00830,2015,family,cultural_sensitivity,neutral,0.5,gates open only in the morning or after 5 pm,5
R00341,2013,family,sacred_atmosphere,positive,0.8,collection of temples is massive and impressive,4
R00341,2013,family,environment,negative,0.3,"as everything in Kathmandu, it is a bit dirty",4
R00341,2013,family,ritual_experience,positive,0.7,found the whole ritual...fascinating,4
R00341,2013,family,access_fairness,negative,0.4,"entry fee is 1000 rupies, which is a lot for Nepal",4
R01912,2018,family,crowd_management,negative,0.3,always crowded,5
R01912,2018,family,ritual_experience,positive,0.7,evening Aarti is quite nice,5
R02180,2019,unknown,sacred_atmosphere,positive,0.85,offers peace and devotion,4
R02180,2019,unknown,spiritual_authenticity,positive,0.8,"combination of religion, art, and culture",4
R00201,2012,family,cultural_sensitivity,neutral,0.5,fully understand the sentiments as there are a few places in India too non-hindus cannot enter,4
R00201,2012,family,sacred_atmosphere,positive,0.8,a very beautiful complex,4
R00656,2014,family,spiritual_authenticity,positive,0.9,Holy and Peaceful and sacred place,5
R00656,2014,family,cultural_sensitivity,neutral,0.5,only for Hindus,5
R01353,2016,couples,sacred_atmosphere,positive,0.85,aarathi in evening is colourful event with ambient,5
R01353,2016,couples,ritual_experience,positive,0.8,darshan from four sides are nice,5
R01353,2016,couples,environment,positive,0.7,vast campus,5
R01353,2016,couples,spiritual_authenticity,positive,0.9,must visit place,5
R00819,2015,couples,cultural_sensitivity,neutral,0.5,Non-Hindus cannot enter the actual temple,5
R00819,2015,couples,ritual_experience,positive,0.7,something special to see...especially how respectful and peaceful this can be,5
R00396,2013,solo,spiritual_authenticity,positive,0.7,unusual feeling you get,4
R00396,2013,solo,sacred_atmosphere,positive,0.6,well worth the visit,4
R00942,2015,solo,sacred_atmosphere,positive,0.9,The Temple itself is beautiful,5
R00942,2015,solo,cultural_sensitivity,neutral,0.5,No cameras allowed in the temple,5
R00659,2014,family,spiritual_authenticity,positive,0.85,Is a very good place for us to find back our own self,4
R01441,2017,solo,ritual_experience,mixed,0.5,very sad to see that the people make their last duties,5
R01441,2017,solo,sacred_atmosphere,positive,0.8,beautiful pagodas and on every corner there arr baba hindus,5
R01441,2017,solo,spiritual_authenticity,positive,0.7,baba hindus which are considered as sacred,5
R01702,2017,solo,sacred_atmosphere,positive,0.9,it's very spiritual and a very important religious place for Hindus,5
R01702,2017,solo,ritual_experience,positive,0.85,odd yet moving to experience a cremation,5
R01702,2017,solo,access_fairness,positive,0.7,well worth the high entrance fee,5
R00407,2013,solo,access_fairness,negative,0.3,entrance fee was 1000 rupees which's very expensive,4
R00407,2013,solo,ritual_experience,positive,0.7,cremation which you could see before your eyes,4
R00407,2013,solo,spiritual_authenticity,positive,0.8,lots of people's believes and beautiful culture that's worth every rupees,4
R00407,2013,solo,facility,positive,0.8,samosa and roti ring were very delicious,4
R00881,2015,unknown,cultural_sensitivity,negative,0.3,I felt a bit of an intruder,4
R00881,2015,unknown,sacred_atmosphere,neutral,0.5,Every culture does things differently,4
R00668,2014,family,ritual_experience,neutral,0.5,a bit shocking but interesting,4
R00462,2014,couples,ritual_experience,neutral,0.5,see a funeral in process,5
R00462,2014,couples,spiritual_authenticity,positive,0.7,very historical and cultural significance,5
R00462,2014,couples,facility,positive,0.6,get plenty of exercise,5
R00462,2014,couples,sacred_atmosphere,positive,0.7,admiring the history,5
R00319,2013,couples,environment,neutral,0.5,"lots of people, beware pickpockets",4
R00319,2013,couples,ritual_experience,negative,0.3,I felt like a douche watching this,4
R00319,2013,couples,cultural_sensitivity,negative,0.4,fake holy men who will try and charge you,4
R01915,2018,family,facility,positive,0.7,hire a guide,5
R01915,2018,family,ritual_experience,positive,0.8,"watched the aarti, which was really interesting",5
R01915,2018,family,spiritual_authenticity,neutral,0.5,witness body cremations along the river bank,5
R01342,2016,solo,sacred_atmosphere,positive,0.8,puts one into a philosophical mood,5
R02011,2018,family,ritual_experience,positive,0.9,Excellent Darshan,5
R02011,2018,family,sacred_atmosphere,positive,0.85,soothing effect when you are inside,5
R02011,2018,family,facility,positive,0.8,very neatly maintained,5
R01603,2017,business,spiritual_authenticity,positive,0.9,darshan in unforgettable Peacefull,5
R01603,2017,business,sacred_atmosphere,positive,0.85,Peacefull,5
R01603,2017,business,environment,positive,0.8,Structure is not damaged in earthquack,5
R01105,2016,friends,sacred_atmosphere,positive,0.9,most sacred Hindu temples in the world,5
R01105,2016,friends,environment,neutral,0.5,lots of monkeys around the temple,5
R02090,2018,family,cultural_sensitivity,neutral,0.5,No one is allowed to touch the Lingayat,3
R00820,2015,solo,ritual_experience,positive,0.7,So interesting to see this,4
R00820,2015,solo,sacred_atmosphere,positive,0.8,extremely holy for Hindus,4
R01294,2016,couples,environment,neutral,0.5,Very exotic,4
R01294,2016,couples,sacred_atmosphere,neutral,0.5,burning men doing their job,4
R01294,2016,couples,facility,negative,0.3,"Take some water with you, in october its very hot",4
R00214,2012,solo,environment,negative,0.3,dirty little in river,3
R00214,2012,solo,ritual_experience,negative,0.4,i not like i dislike disappear,3
R01014,2016,business,sacred_atmosphere,positive,0.7,Good architecture of its kind,4
R01014,2016,business,facility,negative,0.4,Beware of the pandas asking you for various rituals,4
R01311,2016,family,sacred_atmosphere,positive,0.8,A beautiful place to visit,4
R01311,2016,family,environment,neutral,0.5,only slightly damaged by the earthquake,4
R00410,2013,friends,sacred_atmosphere,positive,0.85,I found it a very moving experience,5
R00410,2013,friends,spiritual_authenticity,positive,0.9,"in accordance with the Hindu beliefs of the continuing cycle of birth, life, death and rebirth",5
R00410,2013,friends,crowd_management,positive,0.8,visited on a weekday so there wasn t a big crowd there,5
R01386,2017,business,sacred_atmosphere,positive,0.9,best Siva temple,5
R01386,2017,business,facility,positive,0.8,good management and nice clean,5
R02357,2020,friends,spiritual_authenticity,positive,0.8,all Hindus must visit this temple,5
R00300,2013,solo,sacred_atmosphere,positive,0.9,sacred site offers a scene that is really very hard to forget,5
R00300,2013,solo,spiritual_authenticity,positive,0.85,experience a glimpse of hinduism and its faith,5
R00697,2014,family,sacred_atmosphere,positive,0.8,must see for a visitor to Kathmandu and Nepal,4
R02334,2019,friends,cultural_sensitivity,neutral,0.5,only Hindus are permitted to enter inside the main complex,5
R02334,2019,friends,sacred_atmosphere,positive,0.8,richly ornamented pagoda houses the sacred linga,5
R00387,2013,friends,sacred_atmosphere,positive,0.7,Very nice place,4
R00387,2013,friends,cultural_sensitivity,negative,0.3,I do not understand why only hindu people are allow,4
R02227,2019,family,sacred_atmosphere,positive,0.8,very holy place for Hindu,5
R02227,2019,family,ritual_experience,positive,0.7,very curious to see cremation,5
R01655,2017,friends,facility,negative,0.3,"not very clean, out of 2 one not working",5
R01655,2017,friends,crowd_management,negative,0.3,one has to wait for more than an hour to get a turn,5
R01655,2017,friends,environment,negative,0.3,very very sad to see such conditions,5
R01655,2017,friends,sacred_atmosphere,negative,0.3,very very sad to see such conditions,5
R02231,2019,family,environment,positive,0.9,awesome nature have shown its own pleasure,5
R02231,2019,family,sacred_atmosphere,positive,0.85,sight scenes have stolen this heart,5
R02229,2019,couples,cultural_sensitivity,neutral,0.5,access restricted only to religious,3
R02229,2019,couples,facility,negative,0.3,should be more careful in terms of cleanliness,3
R02229,2019,couples,environment,negative,0.3,a lot of garbage and neglected parts,3
R02229,2019,couples,spiritual_authenticity,positive,0.7,good and interesting experience of Hindu tradition and culture,3
R01735,2017,business,ritual_experience,positive,0.8,A very sympathetic way to honor the dead,5
R01735,2017,business,sacred_atmosphere,positive,0.85,It was a privilege to watch,5
R00784,2015,couples,spiritual_authenticity,positive,0.7,Nice to see unique Hindu culture,5
R00784,2015,couples,sacred_atmosphere,positive,0.6,A visit to Cremation ghat was interesting,5
R01120,2016,friends,cultural_sensitivity,negative,0.3,visitors were out of their place,3
R01120,2016,friends,sacred_atmosphere,negative,0.4,sadhus do not add very much to the sanctity,3
R01120,2016,friends,environment,negative,0.3,stream is not a beautiful sight,3
R01741,2017,couples,environment,negative,0.3,stench of the burning bodies can be brutal,2
R01741,2017,couples,sacred_atmosphere,negative,0.4,price you have to pay as a foreigner is off-putting,2
R01741,2017,couples,cultural_sensitivity,negative,0.3,price you have to pay as a foreigner is off-putting,2
R01741,2017,couples,sacred_atmosphere,positive,0.7,fantastic view of the city from above,2
R02276,2019,friends,sacred_atmosphere,positive,0.9,Energy of the place is amazing,5
R02276,2019,friends,facility,positive,0.8,Arrangements for Darshan was proper and cleanliness is maintained,5
R02276,2019,friends,ritual_experience,positive,0.85,Evening Arti was another attraction,5
R02464,2024,friends,sacred_atmosphere,negative,0.4,changed a lot,4
R02464,2024,friends,spiritual_authenticity,positive,0.8,beautiful and clean,4
R01576,2017,couples,spiritual_authenticity,positive,0.9,most revered temple of lord shiva,4
R00843,2015,friends,facility,positive,0.7,shops outside the Temple helped us with an umbrella,5
R00843,2015,friends,environment,negative,0.4,lots of Tourists in there,5
R00843,2015,friends,sacred_atmosphere,positive,0.8,really its a Beautiful temple to Visit,5
R01596,2017,unknown,cultural_sensitivity,neutral,0.5,Only Hindus are allowed in the temple,5
R01596,2017,unknown,sacred_atmosphere,positive,0.8,has exceptional carvings,5
R01616,2017,friends,sacred_atmosphere,positive,0.7,this temple is great to see for visitors,5
R02024,2018,couples,facility,negative,0.2,local guides were extremely rude,2
R02024,2018,couples,cultural_sensitivity,negative,0.3,hindi or english signs,2
R02024,2018,couples,crowd_management,negative,0.2,three different security guards to check his phone,2
R01355,2016,business,sacred_atmosphere,positive,0.8,must visit,5
R01235,2016,friends,sacred_atmosphere,positive,0.9,temple is exquisite has extremely powerful vibration,5
R01235,2016,friends,spiritual_authenticity,positive,0.85,feel your spirit rising when you behold the four faces of the lord,5
R01235,2016,friends,crowd_management,negative,0.3,missed darshan due to heavy crowd,5
R01046,2016,unknown,spiritual_authenticity,positive,0.7,Good place from religious point of view,4
R01046,2016,unknown,sacred_atmosphere,positive,0.6,worth a visit,4
R02224,2019,business,sacred_atmosphere,positive,0.9,Regarded as one of the holiest hindu temples in the world,5
R02224,2019,business,environment,neutral,0.5,popular site to encounter monkeys and Sadhus,5
R01401,2017,couples,access_fairness,negative,0.3,no one other than Nepali & Indian can't enter the main temple,3
R01532,2017,family,facility,negative,0.2,Toilets are horrible,4
R01532,2017,family,cultural_sensitivity,neutral,0.5,be nepalese or indian to be allowed inside,4
R02131,2019,friends,ritual_experience,positive,0.8,great experience new visitors,5
R00753,2015,friends,service,positive,0.8,Our guide was really knowledgeable and helpful,5
R00753,2015,friends,spiritual_authenticity,positive,0.7,A fascinating insight into the Hindu religion,5
R01635,2017,solo,spiritual_authenticity,positive,0.9,So pure and sacred,5
R01635,2017,solo,sacred_atmosphere,positive,0.85,Its a magic and a pure temple of lord shiv,5
R01635,2017,solo,ritual_experience,positive,0.9,Your wishes comes try,5
R02371,2020,friends,spiritual_authenticity,positive,0.9,very unique energy to the place,5
R02371,2020,friends,sacred_atmosphere,positive,0.85,Very Special and holy place in this world,5
R02385,2020,unknown,sacred_atmosphere,positive,0.8,location felt very sacred,5
R02385,2020,unknown,spiritual_authenticity,positive,0.85,very worthwhile,5
R02385,2020,unknown,ritual_experience,positive,0.9,very moving experience,5
R01114,2016,solo,facility,negative,0.3,this holiest place is as dirty as any other part of KTM,5
R01114,2016,solo,ritual_experience,positive,0.7,Funeral ceremonies and cremations are intense but maybe more natural,5
R01114,2016,solo,access_fairness,neutral,0.5,Paying 1000 npr as a renovation fee feels that you could see some progress,5
R02129,2019,solo,cultural_sensitivity,neutral,0.5,main temple is not open for non Hindu people,5
R02129,2019,solo,sacred_atmosphere,positive,0.7,It is a holy place,5
R00321,2013,business,spiritual_authenticity,positive,0.9,most powerful temple for the hindus,5
R00321,2013,business,sacred_atmosphere,positive,0.85,brings tourists from all over the globe,5
R00612,2014,couples,sacred_atmosphere,positive,0.9,An experience for life,5
R00612,2014,couples,spiritual_authenticity,positive,0.85,Beautiful architecture,5
R01714,2017,friends,ritual_experience,positive,0.7,ancient and traditional rituals,5
R01714,2017,friends,facility,positive,0.6,our guide explained to us,5
R00789,2015,couples,ritual_experience,positive,0.8,It was most interesting to see how cremations are done,5
R00789,2015,couples,facility,positive,0.9,our guide was excellent in explaining the rituals,5
R00789,2015,couples,spiritual_authenticity,positive,0.7,makes a lot of sense compared to buying a burial plot,5
R00838,2015,solo,service,positive,0.8,ask for a guide to take you around,5
R00838,2015,solo,ritual_experience,positive,0.85,history behind the cremation ceremony is what is so fascinating,5
R00838,2015,solo,spiritual_authenticity,positive,0.8,differences behind the Hindu and the Buddhist traditions are very interesting,5
R00838,2015,solo,sacred_atmosphere,positive,0.8,so much to see here,5
R00047,2011,friends,sacred_atmosphere,positive,0.85,"Lovely place, must see",5
R00047,2011,friends,spiritual_authenticity,positive,0.85,elaborately displayed,5
R00647,2014,friends,facility,positive,0.7,Have a guide with you if you can,4
R00647,2014,friends,environment,negative,0.4,the smell of Marijuana is in the air,4
R00647,2014,friends,sacred_atmosphere,positive,0.8,Well worth the visit though,4
R00655,2014,friends,sacred_atmosphere,positive,0.9,very Holy of Hindus and the energies were High,5
R00655,2014,friends,spiritual_authenticity,positive,0.85,Love the Art Work on the Temple which is all engraved in Silver,5
R02274,2019,friends,facility,positive,0.8,Temple compound is well maintained and clean with all basic amenities,5
R02274,2019,friends,sacred_atmosphere,positive,0.85,One of the power center of this earth,5
R00930,2015,friends,cultural_sensitivity,neutral,0.5,"must for Hindu, but not compulsary for others religion",4
R01021,2016,unknown,access_fairness,neutral,0.5,non-Hindus cannot enter into the main temple,5
R01021,2016,unknown,environment,positive,0.7,area which is quite large,5
R01021,2016,unknown,cultural_sensitivity,positive,0.8,Be courteous and respectful,5
R00048,2011,friends,environment,negative,0.2,quite dirty and smelly,3
R00048,2011,friends,ritual_experience,positive,0.7,very emotional and educational experience,3
R00975,2015,couples,ritual_experience,positive,0.9,rare opportunity to have all four face darshan,5
R00975,2015,couples,spiritual_authenticity,positive,0.85,felt divinely blessed,5
R00975,2015,couples,sacred_atmosphere,positive,0.8,special divine place,5
R02080,2018,unknown,access_fairness,negative,0.3,entry fee (which I think was about 1000 rup each) BUT does not give entry to the main temple,4
R02080,2018,unknown,cultural_sensitivity,negative,0.4,a little weird watching the private ceremony's,4
R00127,2012,friends,sacred_atmosphere,positive,0.8,Amazing place and a must visit,4
R00127,2012,friends,facility,positive,0.7,system is streamlined as well,4
R00127,2012,friends,cultural_sensitivity,positive,0.6,not a typical Temple where you find people asking for alms,4
R00127,2012,friends,access_fairness,neutral,0.5,Enter the place before 1230 in the noon to see the main temple,4
R00885,2015,family,cultural_sensitivity,negative,0.3,only Hindus,5
R00885,2015,family,spiritual_authenticity,positive,0.7,blessed by th god,5
R00885,2015,family,access_fairness,negative,0.4,only Hindus,5
R00885,2015,family,sacred_atmosphere,negative,0.3,people & police of their will beat you,5
R01744,2017,solo,access_fairness,negative,0.3,entrance fee of Rs. 1000...only Hindus can enter,4
R01744,2017,solo,facility,negative,0.4,ticket checking is far from diligence,4
R01744,2017,solo,ritual_experience,negative,0.2,Nothing seemed elegant to me but just nasty,4
R01744,2017,solo,cultural_sensitivity,neutral,0.5,"I am typically not fond of ceremonies, esp. those after death",4
R02269,2019,friends,sacred_atmosphere,positive,0.9,best heritage place in the world,5
R02269,2019,friends,environment,positive,0.85,"temples, jungle, river, monkeys, many kind of birds is the beauty",5
R01675,2017,friends,facility,negative,0.3,poor-managed the entire place,3
R01675,2017,friends,environment,negative,0.2,"smell aside, the things spread here and there",3
R01675,2017,friends,crowd_management,negative,0.4,poor-managed the entire place,3
R01685,2017,solo,access_fairness,negative,0.3,locals and guides do not pay but tourists do,4
R01685,2017,solo,cultural_sensitivity,neutral,0.5,unless you are Hindu or local you cannot view the interior,4
R01685,2017,solo,ritual_experience,positive,0.7,walking around the grounds and seeing the cremations is definitely worth it,4
R01078,2016,friends,access_fairness,negative,0.3,Entry costs 1000 rupees per person,5
R01078,2016,friends,facility,negative,0.4,Beware of the guide that you pick up along the way,5
R01078,2016,friends,service,negative,0.3,negotiate the total price before the 'tour',5
R00847,2015,solo,ritual_experience,negative,0.3,I felt bad witnessing the heartbreak,4
R00847,2015,solo,sacred_atmosphere,negative,0.4,Not my favourite at all,4
R00903,2015,couples,spiritual_authenticity,positive,0.8,must see and if possible meditate there,5
R01261,2016,family,cultural_sensitivity,neutral,0.5,non-Hindus not permitted in primary shrine but no big loss,5
R01261,2016,family,sacred_atmosphere,positive,0.8,Peaceful sunsets too,5
R01261,2016,family,spiritual_authenticity,positive,0.9,One of major temples of Shaivites in all the subcontinent,5
R01261,2016,family,environment,positive,0.85,worth the trip to Nepal alone,5
R00402,2013,solo,ritual_experience,positive,0.8,Very emotional visit highly recommend,4
R00402,2013,solo,spiritual_authenticity,positive,0.9,Very moving experience,4
R01325,2016,couples,sacred_atmosphere,positive,0.9,Very special place,5
R01325,2016,couples,spiritual_authenticity,positive,0.85,extraordinary to experience life and death,5
R00598,2014,family,cultural_sensitivity,neutral,0.5,cannot enter the temple unless you are a Hindu,5
R00598,2014,family,facility,neutral,0.5,engage a guide to get the most from your visit,5
R00525,2014,solo,spiritual_authenticity,positive,0.9,"incredible, unforgettable, full of magic and amazing energy",5
R00525,2014,solo,sacred_atmosphere,positive,0.85,full of magic and amazing energy,5
R00121,2012,unknown,environment,negative,0.3,The Bagmati river is very polluted,5
R00121,2012,unknown,ritual_experience,positive,0.7,watch the cremations of the dead,5
R00121,2012,unknown,cultural_sensitivity,negative,0.4,hustle you for a lot of money,5
R01528,2009,unknown,cultural_sensitivity,positive,0.7,everybody from sadhus to tourist peacefully together,5
R01528,2009,unknown,ritual_experience,neutral,0.5,cremations and funerals going on all the time,5
R01528,2009,unknown,sacred_atmosphere,neutral,0.5,remember to be respectful,5
R01756,2017,solo,spiritual_authenticity,positive,0.9,point of convergence of Hindus worldwide,4
R01756,2017,solo,sacred_atmosphere,positive,0.85,continued to remain the same,4
R02245,2019,family,sacred_atmosphere,positive,0.8,ideal place of worship for local devotees,4
R02245,2019,family,cultural_sensitivity,positive,0.7,footwear should be removed,4
R02245,2019,family,access_fairness,positive,0.9,no entry fee for visiting the temple,4
R02245,2019,family,environment,negative,0.3,"road leading to the temple is crowded, filthy and dirty",4
R00572,2014,couples,sacred_atmosphere,positive,0.7,place of such a significance and history was very exciting,4
R00572,2014,couples,crowd_management,positive,0.6,saved from the crowds,4
R00572,2014,couples,ritual_experience,positive,0.7,had a good darshan,4
R00572,2014,couples,environment,negative,0.3,cleanliness is an issue,4
R02471,2024,friends,sacred_atmosphere,positive,0.9,aura of tranquility,5
R02471,2024,friends,spiritual_authenticity,positive,0.85,charged with devotion and reverence,5
R02471,2024,friends,environment,positive,0.9,harmonious symphony that soothes the soul,5
R02471,2024,friends,ritual_experience,positive,0.8,rhythmic chanting of mantras,5
R01050,2016,solo,spiritual_authenticity,positive,0.8,It was quite an experience I must admit,5
R01050,2016,solo,access_fairness,negative,0.3,the prices were jacked up tenfold,5
R01050,2016,solo,cultural_sensitivity,positive,0.7,I felt it was disrespectful to raise my camera,5
R01050,2016,solo,facility,positive,0.6,I'd recommend taking a guide,5
R01163,2016,friends,spiritual_authenticity,positive,0.85,Unlike other shiva lingams in India and Nepal this pashupati shiva lingam is always Dressed in its golden vastra,5
R01249,2016,business,spiritual_authenticity,positive,0.8,hoping to find some sort of spiritual awakening,5
R01249,2016,business,environment,positive,0.7,call of the mountains and seeking to climb or trek in the Himalayas,5
R01249,2016,business,cultural_sensitivity,positive,0.7,intrigued by the culture,5
R00691,2014,business,access_fairness,neutral,0.5,go very early in the morning to avoid long queues,4
R01011,2016,couples,spiritual_authenticity,positive,0.8,"this really impressed, even after the others",5
R01011,2016,couples,cultural_sensitivity,positive,0.7,they are happy to have people see it,5
R01011,2016,couples,sacred_atmosphere,positive,0.9,"worth seeing, to see how different cultures approach death",5
R01011,2016,couples,crowd_management,negative,0.3,watch out for the touts,5
R02177,2019,couples,environment,negative,0.3,scaffolding everywhere indicated of repairs,5
R02177,2019,couples,sacred_atmosphere,positive,0.7,pictures of the ancient glory and history,5
R02177,2019,couples,spiritual_authenticity,positive,0.6,one had to use their imagination what glory was before and will be restored one day,5
R00057,2011,friends,spiritual_authenticity,positive,0.9,the whole experience was fantastic,5
R00057,2011,friends,sacred_atmosphere,positive,0.9,felt so much at peace,5
R02425,2022,unknown,ritual_experience,neutral,0.5,Cremations take place here,2
R02425,2022,unknown,cultural_sensitivity,negative,0.3,Lots of street peddlars and beggars,2
R02425,2022,unknown,access_fairness,negative,0.4,Entry NRs 1000 pp,2
R01246,2016,business,access_fairness,positive,0.7,The visitors do not have to fear from pursuing Pandas,4
R01816,2018,friends,sacred_atmosphere,neutral,0.5,"A place of death, ultimately",4
R01816,2018,friends,spiritual_authenticity,positive,0.6,very interesting and there was some beautiful architecture,4
R01719,2017,family,service,positive,0.8,local tour guide take us around and explain aspects,5
R01719,2017,family,sacred_atmosphere,positive,0.85,solemn and thoughtful place,5
R01719,2017,family,environment,positive,0.9,late-afternoon light to be lovely,5
R01719,2017,family,spiritual_authenticity,positive,0.9,fascinating,5
R01854,2018,couples,access_fairness,negative,0.3,"Admission 1,000r",4
R01854,2018,couples,sacred_atmosphere,neutral,0.5,holiest pilgrimage site and the site of one of the World s most important Siva temples,4
R01854,2018,couples,environment,negative,0.4,hard to ignore the funeral pyres alongside the river and the resulting smoke,4
R00557,2014,solo,facility,negative,0.3,management should try to be more courteous,3
R00557,2014,solo,service,negative,0.3,personnel who i saw kept pushing people away,3
R00557,2014,solo,crowd_management,negative,0.3,probably badly managed by people,3
R02254,2019,family,sacred_atmosphere,positive,0.8,fascinated by this idols,5
R02254,2019,family,spiritual_authenticity,positive,0.85,theology of Nepal's,5
R00908,2015,business,cultural_sensitivity,positive,0.8,All Hindu must visit this Temple at least on time of there life time,5
R02073,2018,friends,access_fairness,negative,0.3,I didn t think it was worth 1000 RPN,2
R02073,2018,friends,cultural_sensitivity,negative,0.4,weird that such a private matter was publicized,2
R02073,2018,friends,sacred_atmosphere,negative,0.3,tourists are snapping photos and exploring around,2
R02073,2018,friends,environment,negative,0.2,"river, where the ashes are poured in, is completely polluted",2
R01600,2017,friends,sacred_atmosphere,positive,0.85,Highly recommended place to visit in Kathmandu,5
R01057,2016,friends,sacred_atmosphere,positive,0.85,environment and atmosphere driven by everyone worshiping god,5
R01057,2016,friends,spiritual_authenticity,positive,0.8,spiritually satisfied mind,5
R01049,2016,friends,ritual_experience,positive,0.8,watching the whole process of the cremation,5
R01049,2016,friends,spiritual_authenticity,positive,0.85,peaceful and wonderful as well,5
R01049,2016,friends,cultural_sensitivity,positive,0.9,didn't take any photos which allowed me to be much more present,5
R01049,2016,friends,access_fairness,negative,0.3,asked for 1000 rupees (total rip off),5
R00521,2014,family,sacred_atmosphere,positive,0.85,Great place for uplifting your spirit,4
R00521,2014,family,spiritual_authenticity,positive,0.8,Its facinating,4
R01469,2017,solo,environment,negative,0.1,"Ugly, dirty and uninteresting",1
R01469,2017,solo,ritual_experience,neutral,0.5,if you don't count the live cremations,1
R01469,2017,solo,crowd_management,negative,0.2,beggars following you and touts trying to make a sale,1
R01469,2017,solo,cultural_sensitivity,negative,0.1,desperate Hindus following you until you give in and pay them something,1
R01221,2016,couples,spiritual_authenticity,positive,0.8,feel the positive energy,5
R01221,2016,couples,sacred_atmosphere,positive,0.7,ascetic(sadhus) showering their blessings,5
R00716,2014,family,access_fairness,negative,0.3,Non-Hindus are not allowed into the temple,4
R00716,2014,family,crowd_management,negative,0.4,The place was quite crowded,4
R00716,2014,family,cultural_sensitivity,neutral,0.5,could only watch and take pictures across the river,4
R01749,2017,couples,ritual_experience,positive,0.8,Very special experience to come here in the evening,5
R01749,2017,couples,sacred_atmosphere,positive,0.9,much better / more atmosphere and more going on in the evening,5
R00866,2015,family,spiritual_authenticity,positive,0.9,one of the best feeling of getting blessed,5
R00962,2015,couples,sacred_atmosphere,positive,0.9,a complete eye opener; one that I will never forget,5
R00962,2015,couples,cultural_sensitivity,positive,0.85,a truthful experience of Nepalese culture,5
R00542,2014,couples,ritual_experience,positive,0.7,very nice experience,5
R00542,2014,couples,spiritual_authenticity,positive,0.8,real and not real sadhus,5
R01570,2017,friends,ritual_experience,neutral,0.5,3 cremations in progress at the same time which can be a bit overwhelming,4
R01570,2017,friends,cultural_sensitivity,neutral,0.5,Our Indian friends got to enter this sacred temple and get a blessing,4
R01570,2017,friends,environment,negative,0.3,accosted either by monkeys or a bull looking for food,4
R02472,2024,friends,access_fairness,neutral,0.5,pay something to enter,5
R02472,2024,friends,ritual_experience,positive,0.7,funeral ceremonies right across the river,5
R02472,2024,friends,environment,positive,0.8,full of monkeys and it is fun,5
R01369,2016,friends,ritual_experience,positive,0.8,Purification of bodies is a moving moment,4
R01369,2016,friends,cultural_sensitivity,positive,0.7,not wanting to be thieves of images,4
R02048,2018,friends,cultural_sensitivity,neutral,0.5,not Hindu not allowed to go inside,4
R02048,2018,friends,ritual_experience,positive,0.7,famous for the cremation,4
R02048,2018,friends,sacred_atmosphere,positive,0.6,good view,4
R02048,2018,friends,crowd_management,negative,0.4,they were many people there,4
R02468,2024,solo,ritual_experience,positive,0.7,I got great experience,5
R02468,2024,solo,sacred_atmosphere,negative,0.4,It was quite sad moment,5
R01446,2017,unknown,spiritual_authenticity,positive,0.8,very holistic and spiritual place,5
R01446,2017,unknown,sacred_atmosphere,positive,0.8,remove sins of soul,5
R00640,2014,solo,access_fairness,negative,0.4,entry fee is a little steep,4
R00640,2014,solo,sacred_atmosphere,positive,0.8,experience is unforgettable,4
R00640,2014,solo,facility,positive,0.7,hire a guide,4
R00640,2014,solo,spiritual_authenticity,positive,0.85,a lot to see and learn,4
R00281,2013,solo,sacred_atmosphere,positive,0.8,super exotic and a beautiful big Hindu Temple,5
R00281,2013,solo,ritual_experience,positive,0.7,see them in their religious practice and also for funerals,5
R02363,2020,business,cultural_sensitivity,neutral,0.5,As a non hindu i was limited to where i could to.. And that is okay.,3
R02363,2020,business,environment,negative,0.3,there is so Much garbage just everywhere in a holy Area as this.,3
R02363,2020,business,spiritual_authenticity,positive,0.7,The history and tradition of the place is immense,3
R00482,2014,couples,sacred_atmosphere,positive,0.8,A good place for a contemplative few hours,4
R00482,2014,couples,cultural_sensitivity,positive,0.7,was not made to feel an outsider,4
R00482,2014,couples,crowd_management,neutral,0.5,Very crowded with the faithful,4
R00305,2013,solo,cultural_sensitivity,neutral,0.5,only Hindus are admitted to the inner temple,5
R00305,2013,solo,sacred_atmosphere,positive,0.7,architecture is well worth seeing,5
R00305,2013,solo,ritual_experience,negative,0.4,watching cremations taking place out in the open is quite raw,5
R00213,2012,friends,sacred_atmosphere,positive,0.85,found it extremely peaceful,5
R00213,2012,friends,environment,positive,0.8,more animals than human beings and loved the experience,5
R02381,2020,unknown,cultural_sensitivity,negative,0.3,unless you are a Nepalese or Indian Hindu you are not allowed to enter,4
R02381,2020,unknown,sacred_atmosphere,positive,0.7,worth a visit if you are in Kathmandu,4
R00111,2012,friends,sacred_atmosphere,positive,0.7,"learn to appreciate that other people have some quite beautiful, very different ideas",4
R00111,2012,friends,environment,negative,0.3,the river is disgusting and dirty,4
R00111,2012,friends,cultural_sensitivity,positive,0.8,don't be judgmental,4
R00111,2012,friends,spiritual_authenticity,negative,0.4,pretend-sadhus who hang around ready to pose for a photo-for-a-price,4
R01328,2016,family,cultural_sensitivity,neutral,0.5,"not offended if you stay there to watch, as long as you behave in a respectfull way",5
R01328,2016,family,sacred_atmosphere,positive,0.8,truly impressive and something we will remember for the rest of our days,5
R01802,2018,unknown,access_fairness,positive,0.8,no ticket required for SAARC citizens,4
R01802,2018,unknown,crowd_management,neutral,0.5,Lots of visitors,4
R00765,2015,unknown,cultural_sensitivity,neutral,0.5,non hindus are not allowed inside the main temple,5
R00765,2015,unknown,access_fairness,positive,0.7,Go at night (after 6pm) and you dont have to pay the entrance fee,5
R01336,2016,unknown,sacred_atmosphere,positive,0.8,dignified expressions of faith,5
R01336,2016,unknown,crowd_management,negative,0.4,clamour of the crowds,5
R01944,2018,solo,sacred_atmosphere,positive,0.8,The temple is clean and maintained,4
R00245,2013,business,sacred_atmosphere,positive,0.8,very serene atmosphere,5
R00245,2013,business,facility,negative,0.3,needs more basic toilets and wash rooms,5
R00245,2013,business,facility,positive,0.7,some good restaurants for snacks and tea,5
R00245,2013,business,crowd_management,neutral,0.5,lots of pilgrims from india and abroad,5
R00191,2012,friends,ritual_experience,positive,0.9,you had better live this heart-touching experience,5
R00191,2012,friends,spiritual_authenticity,positive,0.85,offer you life-long gratitude to the Lord of Living Beings,5
R02142,2019,couples,sacred_atmosphere,positive,0.9,one of the most sacred Hindu shrines in the world,5
R02142,2019,couples,spiritual_authenticity,positive,0.85,humbled to witness this ancient honorific rite,5
R01162,2016,unknown,crowd_management,negative,0.3,people charged with crowd control can be a little bit over enthusiastic,4
R01162,2016,unknown,sacred_atmosphere,negative,0.4,take away from the peaceful nature of the site,4
R01162,2016,unknown,environment,negative,0.3,area isn't as clean as it could or should be,4
R00194,2012,friends,ritual_experience,positive,0.8,quite moving,4
R00194,2012,friends,sacred_atmosphere,positive,0.7,very cool place to visit,4
R00478,2014,solo,spiritual_authenticity,positive,0.8,unforgettable historic site,5
R00478,2014,solo,facility,neutral,0.5,take a souvenir picture,5
R00001,2025,friends,access_fairness,negative,0.3,as a non-hindu I was not able to visit,4
R00001,2025,friends,crowd_management,negative,0.3,Lines were incredibly long,4
R00001,2025,friends,sacred_atmosphere,negative,0.4,It's hard to look at,4
R00178,2012,friends,access_fairness,negative,0.3,Payed the 500 rupee but Im not really sure what for,4
R00178,2012,friends,sacred_atmosphere,positive,0.6,the ghats are definitely worth a visit,4
R00178,2012,friends,environment,negative,0.4,if you can stand the smell and the smoke,4
R02366,2020,couples,sacred_atmosphere,positive,0.8,most powerful temple,5
R02366,2020,couples,crowd_management,negative,0.3,so many peoples,5
R00335,2013,family,sacred_atmosphere,neutral,0.5,typical Hindu temple with all the good and bad,3
R00335,2013,family,spiritual_authenticity,positive,0.7,beautiful carvings,3
R01326,2016,friends,sacred_atmosphere,positive,0.7,i like the place crowd of people and sadu are there,5
R01326,2016,friends,crowd_management,negative,0.4,there are many people from the morning to evening,5
R02448,2023,couples,ritual_experience,positive,0.8,Their deep respect for the dead was evident,4
R02448,2023,couples,environment,negative,0.3,small boys who had no concern for what was floating,4
R01606,2017,friends,ritual_experience,positive,0.8,nice seeing actual cremation ceremonies,5
R01606,2017,friends,facility,positive,0.7,guides are available upon ticket purchasing,5
R00550,2014,friends,access_fairness,negative,0.3,only meant for Hindus only,3
R00550,2014,friends,facility,negative,0.3,Paid R1000 and didn't see much,3
R00550,2014,friends,environment,negative,0.3,saw no deers,3
R00550,2014,friends,cultural_sensitivity,negative,0.3,felt a little bit ripped off,3
R01250,2016,family,sacred_atmosphere,positive,0.7,it was amazing for her and for us,4
R01250,2016,family,environment,negative,0.3,Not sanity but you must visit,4
R02126,2019,business,sacred_atmosphere,positive,0.8,the priests are kind,5
R02126,2019,business,ritual_experience,positive,0.7,never any dearth of wood for cremations,5
R02126,2019,business,spiritual_authenticity,positive,0.85,It is a unique culture and it works efficiently,5
R02473,2024,family,sacred_atmosphere,positive,0.8,nice temple for devotees,5
R02473,2024,family,access_fairness,neutral,0.5,remain closed from 2 pm to 5 pm,5
R01180,2016,business,sacred_atmosphere,positive,0.9,view of the temple is breath taking,5
R01180,2016,business,spiritual_authenticity,positive,0.85,realizes the true being,5
R01180,2016,business,ritual_experience,positive,0.9,Darshan of Pashupatinathji takes one away,5
R01844,2018,friends,access_fairness,negative,0.3,"entrance fee (which our hotel s owner already warned us we don t need to pay for it, expensive and can t see anything much)",1
R01844,2018,friends,cultural_sensitivity,negative,0.4,Foreigners aren t allowed to pass the Hindu place,1
R01844,2018,friends,sacred_atmosphere,neutral,0.5,there is something to see like architecture and how they burn death body near the river,1
R00182,2012,couples,ritual_experience,positive,0.8,Standing watching a family cremate their loved one was surreal and I was grateful,4
R00182,2012,couples,spiritual_authenticity,positive,0.9,"history, religion and cultural make up of the place is most definitely worth seeing",4
R00182,2012,couples,facility,negative,0.4,guides are more forceful for the fee,4
R00182,2012,couples,cultural_sensitivity,negative,0.3,fake holy men can be a little cheeky,4
R00378,2013,couples,ritual_experience,positive,0.7,"it's fascinating, so you don't care",5
R00378,2013,couples,access_fairness,negative,0.3,"entrance fee seems to vary from 1,000 Rs to 0 Rs",5
R00378,2013,couples,cultural_sensitivity,negative,0.4,How would you feel if a bunch of Nepali's with big cameras came strolling through your funeral party?,5
R00502,2014,friends,sacred_atmosphere,positive,0.9,the amazing atmosphere,5
R00502,2014,friends,environment,positive,0.8,"monkeys running along the roof tops, the cows freely wondering around",5
R00228,2012,couples,spiritual_authenticity,positive,0.8,one of the most sacred places in the Hindu religion,5
R00228,2012,couples,cultural_sensitivity,neutral,0.5,take picture with discretion,5
R00748,2015,friends,facility,positive,0.8,security check was well managed and so was the place to keep our shoes,4
R00748,2015,friends,cultural_sensitivity,positive,0.7,offerings (money) are directed to be placed in the donation box,4
R00748,2015,friends,crowd_management,positive,0.6,pushy sellers... are kept out of the temple area,4
R00951,2015,solo,cultural_sensitivity,neutral,0.5,try to be aware of ceremonies and being respectful,5
R00951,2015,solo,environment,neutral,0.5,plenty of monkeys and cows,5
R02439,2023,solo,cultural_sensitivity,positive,0.8,photography is strictly prohibited,5
R02439,2023,solo,spiritual_authenticity,positive,0.9,feel the inner peace,5
R00033,2011,solo,environment,negative,0.3,water is impure and unhealthy,4
R00033,2011,solo,spiritual_authenticity,positive,0.8,exquisite experience of Nepali traditional culture,4
R00033,2011,solo,sacred_atmosphere,positive,0.9,a warm feeling of being closer to gods,4
R02209,2019,friends,ritual_experience,positive,0.6,I did enjoy the public display of cremation,2
R02209,2019,friends,facility,negative,0.3,our guide kept making a joke of everything,2
R02209,2019,friends,sacred_atmosphere,negative,0.2,Not a pleasant place at all,2
R01792,2018,unknown,sacred_atmosphere,positive,0.8,totally surprised with the architecture and the huge Nandy bronze statue,5
R02033,2018,couples,cultural_sensitivity,negative,0.3,you are an uninvited guest to someone s cremation,4
R02033,2018,couples,spiritual_authenticity,positive,0.7,intriguing and cultural interesting,4
R02033,2018,couples,sacred_atmosphere,negative,0.4,strange uneasy combination,4
R00262,2013,couples,environment,negative,0.2,place is really dirty with bad smell,1
R00262,2013,couples,cultural_sensitivity,negative,0.3,better not going there unless you are hindu,1
R00137,2012,family,sacred_atmosphere,positive,0.8,Must visit this place if you are visiting Kathmandu,5
R00785,2015,couples,facility,neutral,0.5,only one main door of the temple was open,5
R00785,2015,couples,ritual_experience,positive,0.8,grand abhishek of the shiva linga,5
R00785,2015,couples,spiritual_authenticity,positive,0.9,Surreal experience,5
R01587,2017,friends,ritual_experience,positive,0.8,it was really put a mark on our mind,5
R01587,2017,friends,sacred_atmosphere,positive,0.7,this kind of sacred rituals,5
R00742,2015,friends,environment,negative,0.3,Pretty dirty and the crowd gets bad,2
R00742,2015,friends,facility,negative,0.4,Finding a taxi here can be tricky,2
R00742,2015,friends,ritual_experience,negative,0.3,if you expect a nice quite darshan - then thats not happening,2
R02441,2023,friends,spiritual_authenticity,positive,0.9,Pashupatinath is just special,4
R02441,2023,friends,sacred_atmosphere,positive,0.85,"A serene look into life, death, and religion",4
R00776,2015,family,access_fairness,positive,0.7,you will be able to get the darshan from close,5
R01865,2018,couples,crowd_management,negative,0.3,Nepal New Year was probably not the best day to visit,3
R01865,2018,couples,spiritual_authenticity,positive,0.7,very important location for Hindu people,3
R00429,2013,solo,sacred_atmosphere,positive,0.8,the belief of the hindu people towards the lord Shiva is appreciable,5
R00429,2013,solo,spiritual_authenticity,positive,0.85,Full of architecture and ancient art,5
R00965,2015,friends,ritual_experience,neutral,0.5,place of sadness it is where the hindus bring their dead for cremation,4
R00965,2015,friends,spiritual_authenticity,positive,0.7,very peaceful place,4
R00965,2015,friends,facility,positive,0.7,local guide to get the full history,4
R00965,2015,friends,sacred_atmosphere,positive,0.8,very peaceful place the river running tru it,4
R00282,2013,business,sacred_atmosphere,positive,0.8,really worth visiting especially if you are a hindu,5
R00625,2014,solo,cultural_sensitivity,neutral,0.5,being a Hindu I can understand its importance,5
R00625,2014,solo,access_fairness,negative,0.3,You are not allowed to click photo inside the main Lord Shiva temple,5
R00625,2014,solo,crowd_management,negative,0.4,There is always a huge queue,5
R00625,2014,solo,sacred_atmosphere,neutral,0.5,reveals very old culture and presence of the temple,5
R01691,2017,family,cultural_sensitivity,negative,0.3,not hindus are not allowed on the main temple,5
R01691,2017,family,sacred_atmosphere,positive,0.7,great place to visit,5
R01906,2018,couples,sacred_atmosphere,positive,0.9,astonishing architectural beauty,5
R01906,2018,couples,cultural_sensitivity,neutral,0.5,only opened to Hindus for entry,5
R01906,2018,couples,spiritual_authenticity,positive,0.85,"embodiment of faith, religion, culture and tradition",5
R01906,2018,couples,crowd_management,negative,0.4,Sometimes it gets crowded,5
R00493,2014,couples,cultural_sensitivity,positive,0.8,no intrusion upon the rituals and a good distance maintained,5
R00493,2014,couples,sacred_atmosphere,positive,0.85,It is a quite extraordinary place,5
R00493,2014,couples,access_fairness,neutral,0.5,most sacred temple is reserved for Hindus only,5
R00558,2014,family,sacred_atmosphere,positive,0.9,The temple in itself is a marvel,5
R00558,2014,family,crowd_management,negative,0.3,it is chaotic with people everywhere,5
R00558,2014,family,spiritual_authenticity,positive,0.8,You will feel happy and blessed,5
R00999,2016,couples,access_fairness,negative,0.4,not much worth for the 1000 rupees of entrance fee,4
R00999,2016,couples,ritual_experience,positive,0.7,"cremation of bodies by the river is, of course, very interesting",4
R00999,2016,couples,sacred_atmosphere,positive,0.8,definitely one of the most interesting sights in Kathmandu,4
R00104,2012,family,ritual_experience,positive,0.8,Culturally very rich and interesting,5
R00104,2012,family,facility,positive,0.7,recommend using a guide,5
R00436,2013,friends,spiritual_authenticity,positive,0.8,great sense of the impressive Hindus philosophy,5
R00436,2013,friends,sacred_atmosphere,positive,0.7,itself it is a knowledge of the Hindus civilization,5
R00243,2013,friends,sacred_atmosphere,positive,0.7,let the peace flow within you,5
R00243,2013,friends,spiritual_authenticity,positive,0.6,Nice place if you are alone,5
R00278,2013,solo,spiritual_authenticity,positive,0.8,fascinating cultural experience,5
R01951,2018,business,sacred_atmosphere,positive,0.9,most Divine places,5
R01951,2018,business,spiritual_authenticity,positive,0.85,dedicated to lord siva,5
R01191,2016,family,spiritual_authenticity,positive,0.9,millions and millions people visit there from around the world to get peace,5
R02268,2019,unknown,ritual_experience,positive,0.8,Aaarati ceremony afterwards lifted the spirits,5
R02268,2019,unknown,spiritual_authenticity,positive,0.9,understand the true meaning of Shiva,5
R02268,2019,unknown,sacred_atmosphere,positive,0.85,washed away the sadness of the relatives and myself,5
R00485,2014,family,service,negative,0.3,many frauds hanging out around the temple,5
R00485,2014,family,facility,neutral,0.5,without a tour guide,5
R00485,2014,family,cultural_sensitivity,positive,0.8,right time on a Wednesday evening,5
R00485,2014,family,spiritual_authenticity,positive,0.9,Amazing,5
R00687,2014,friends,ritual_experience,positive,0.8,very very moving,5
R00687,2014,friends,facility,neutral,0.5,will cost a dollar,5
R02240,2019,solo,ritual_experience,negative,0.3,Burning dead people all the time,4
R02240,2019,solo,facility,negative,0.3,Coming by taxi from Thamel for only 5000 rupiah,4
R02176,2019,couples,environment,negative,0.3,scaffolding everywhere indicated of repairs,4
R02176,2019,couples,spiritual_authenticity,neutral,0.5,use their imagination what glory was before and will be restored one day,4
R01025,2016,solo,sacred_atmosphere,positive,0.9,feel the inner peace the moment you enter,5
R01025,2016,solo,spiritual_authenticity,positive,0.85,so many things to understand,5
R02321,2019,unknown,ritual_experience,negative,0.3,seems very disrespectful and I found it intrusive,3
R02321,2019,unknown,facility,negative,0.4,the guide could have explained from afar,3
R02321,2019,unknown,environment,negative,0.3,more monkeys running around,3
R02114,2019,couples,sacred_atmosphere,positive,0.7,Interesting funeral ghats,4
R02114,2019,couples,cultural_sensitivity,neutral,0.5,Non-Hindus not allowed in the temple,4
R00737,2014,friends,environment,negative,0.3,not kept cleaner,4
R00737,2014,friends,crowd_management,negative,0.4,place was a little over crowded,4
R00802,2015,solo,access_fairness,negative,0.3,entrance fees costly,1
R00802,2015,solo,sacred_atmosphere,neutral,0.5,It can be good temple for hindus people,1
R02466,2024,friends,cultural_sensitivity,neutral,0.5,only Hindus can enter the temple complex,4
R02466,2024,friends,ritual_experience,positive,0.7,extremely interesting to sit on the other side of the river and observe the cremation rituals,4
R00990,2015,unknown,access_fairness,negative,0.3,you can only enter if you're Hindu,4
R00990,2015,unknown,cultural_sensitivity,neutral,0.5,Entry fee here is about $15,4
R00990,2015,unknown,environment,neutral,0.5,observe the cremations more easily from the bridges,4
R01149,2016,couples,sacred_atmosphere,positive,0.85,a masterpiece of Hindu architecture,5
R01149,2016,couples,cultural_sensitivity,neutral,0.5,available only to Hindus,5
R01149,2016,couples,spiritual_authenticity,positive,0.8,death is not the end but just another step towards Nirvana,5
R02257,2019,family,spiritual_authenticity,positive,0.9,swept away in waves of spiritual bliss,5
R02257,2019,family,cultural_sensitivity,neutral,0.5,Non-Hindus are also not allowed inside,5
R00244,2013,friends,environment,negative,0.2,"odor, very dirty river",4
R00244,2013,friends,cultural_sensitivity,negative,0.3,special for Hindu and difficult to Westerns,4
R00160,2012,friends,spiritual_authenticity,positive,0.85,most miraculous temple in the world,5
R00160,2012,friends,cultural_sensitivity,negative,0.3,only Hindus are allowed inside,5
R00876,2015,family,cultural_sensitivity,neutral,0.5,no photography inside temple is allowed,4
R00876,2015,family,crowd_management,negative,0.3,it was jam packed,4
R00876,2015,family,sacred_atmosphere,positive,0.7,historical importance overwhelms it,4
R00876,2015,family,facility,negative,0.4,cleanliness is an issue,4
R02411,2022,unknown,sacred_atmosphere,positive,0.7,If you want to know more about the Hindu religion you can take some knowledge from here,4
R02360,2020,unknown,cultural_sensitivity,negative,0.3,do not recommend this to Westerners,2
R01654,2017,family,facility,negative,0.2,no signs of directions within temple,2
R01654,2017,family,environment,negative,0.1,temple premise is not at all clean and it was stinking,2
R01654,2017,family,sacred_atmosphere,negative,0.3,devastating to see such a holy place in this condition,2
R01590,2017,solo,ritual_experience,positive,0.8,Watching the cremations was fascinating,5
R01590,2017,solo,facility,positive,0.7,guide...was super knowledgeable,5
R01590,2017,solo,facility,negative,0.3,There are no maps on site,5
R01590,2017,solo,sacred_atmosphere,positive,0.9,It made me so happy,5
R01903,2018,friends,facility,positive,0.8,"Ajay, Swotah travel set us up with a special car and guide",5
R01903,2018,friends,environment,neutral,0.5,monkeys wandering around,5
R01903,2018,friends,ritual_experience,positive,0.9,You will absolutely come to a ceremony,5
R01506,2017,friends,access_fairness,negative,0.2,Totally rip off! They charge you $10 pp,1
R01506,2017,friends,spiritual_authenticity,negative,0.3,in those days it had still the mystical vibe,1
R01506,2017,friends,facility,negative,0.3,not one dime of the 10 bucks you had to pay was invested in the compound,1
R00086,2012,couples,cultural_sensitivity,neutral,0.5,Non-Hindus are not allowed entry,5
R00086,2012,couples,sacred_atmosphere,positive,0.8,a visit to the grounds is intensely moving,5
R00086,2012,couples,ritual_experience,positive,0.85,It was quite an honor to have the opportunity to observe the process,5
R01827,2018,unknown,ritual_experience,positive,0.8,evening times aarati make peace on mind,5
R01827,2018,unknown,spiritual_authenticity,positive,0.85,great pleasure to go there,5
R00129,2012,business,ritual_experience,positive,0.8,You can see Hindu cremations overthere,5
R00129,2012,business,spiritual_authenticity,positive,0.9,special place where you can little think about your existance and life,5
R00129,2012,business,access_fairness,negative,0.3,NonHindu are not allowed to main shrine,5
R00129,2012,business,facility,neutral,0.5,Entrance fee is quite high (500 rupies) but it;s worth,5
R00090,2012,business,environment,negative,0.2,very dusty and excessively dirty,3
R00090,2012,business,sacred_atmosphere,negative,0.3,meant to be a place of worship - why can't people keep it clean,3
R00090,2012,business,cultural_sensitivity,negative,0.3,if only people were a bit more civic minded and respected the place,3
R01880,2018,couples,access_fairness,negative,0.3,"Expensive for foreigners (1,000 rupees per ticket)",4
R01880,2018,couples,ritual_experience,positive,0.7,interesting to view the cremation ceremonies,4
R01880,2018,couples,environment,negative,0.4,cope with the grieving and the smell/smoke,4
R01880,2018,couples,facility,neutral,0.5,No need to take a guide,4
R00011,2025,solo,spiritual_authenticity,positive,0.9,deeply moving experience,5
R00011,2025,solo,sacred_atmosphere,positive,0.85,"spiritual energy, architectural beauty, and cultural significance",5
R00011,2025,solo,access_fairness,negative,0.4,"not always easy or comfortable, especially for foreigners",5
R01973,2018,solo,ritual_experience,positive,0.8,Definitely worth visiting,5
R01973,2018,solo,access_fairness,positive,0.7,relatively easy to get to via public bus,5
R01973,2018,solo,cultural_sensitivity,neutral,0.5,remove your shoes at the entrance and dress modestly,5
R01706,2017,unknown,cultural_sensitivity,neutral,0.5,only Hindus are allowed to enter the temple complex,5
R01706,2017,unknown,spiritual_authenticity,positive,0.8,it is a visual delight as much as a spiritual one,5
R02187,2019,business,sacred_atmosphere,positive,0.8,A must see for anyone visiting Kathmandu,5
R02187,2019,business,ritual_experience,positive,0.85,Recommend visiting around 6 00 pm in the evening to catch the Aarti,5
R01737,2017,couples,cultural_sensitivity,neutral,0.5,Only Hindus are allowed in the main temple,5
R01737,2017,couples,sacred_atmosphere,positive,0.7,grounds are really interesting,5
R01737,2017,couples,environment,negative,0.3,Rishi's smoking hashish all day,5
R01709,2017,friends,spiritual_authenticity,positive,0.9,fountainhead of spirituality,5
R01909,2018,couples,sacred_atmosphere,positive,0.7,nice huge temple,4
R01909,2018,couples,environment,negative,0.3,keep their noses covered,4
R01975,2018,unknown,ritual_experience,positive,0.7,experiencing a cremation ceremony,4
R01975,2018,unknown,cultural_sensitivity,positive,0.8,a bit of respect is required for the family and friends,4
R01975,2018,unknown,facility,positive,0.7,we had a guide book which had a great map and explanations,4
R01975,2018,unknown,environment,negative,0.4,young guys going around selling candy floss,4
R02161,2019,friends,sacred_atmosphere,positive,0.9,love the peaceful atmosphere,5
R02161,2019,friends,spiritual_authenticity,positive,0.85,spiritually and culturally rich,5
R02161,2019,friends,environment,neutral,0.5,earthquake damage is being repaired slowly,5
R00688,2014,couples,sacred_atmosphere,positive,0.7,pleasant site to see the temple and other buildings and the river with some cremations going on,3
R00688,2014,couples,spiritual_authenticity,neutral,0.5,not as great as the one in India was,3
R01786,2018,friends,cultural_sensitivity,neutral,0.5,only Hindus are allowed to enter the main temple,5
R01786,2018,friends,sacred_atmosphere,positive,0.7,worth the visit to this 17th century temple,5
R01381,2017,couples,cultural_sensitivity,neutral,0.5,"Make sure you show respect, don't take photos",3
R01381,2017,couples,access_fairness,negative,0.3,Only hindus can enter the actual temple,3
R01381,2017,couples,sacred_atmosphere,neutral,0.5,didn't find this temple particularly interesting,3
R01381,2017,couples,spiritual_authenticity,positive,0.6,because of it's historical significance and world heritage status,3
R01001,2016,solo,environment,neutral,0.5,smells a funky sometimes,5
R01001,2016,solo,facility,neutral,0.5,dudes will try show you around if you pay them,5
R01001,2016,solo,sacred_atmosphere,positive,0.7,really interesting,5
R02149,2019,unknown,spiritual_authenticity,positive,0.9,some kind of spiritual powers that you will feel,5
R02149,2019,unknown,sacred_atmosphere,positive,0.85,most stunning view you will ever have of any temple,5
R02149,2019,unknown,cultural_sensitivity,neutral,0.5,can't take pictures inside the temple,5
R02149,2019,unknown,facility,positive,0.7,take a local bus or a tuk-tuk instead of taxi as its more reasonable,5
R01454,2017,couples,sacred_atmosphere,positive,0.9,makes the temple even more beautiful,5
R01454,2017,couples,cultural_sensitivity,neutral,0.5,photography is prohibited inside the temple,5
R01454,2017,couples,access_fairness,positive,0.7,Shop owners are eager to accept Indian currency,5
R01454,2017,couples,ritual_experience,positive,0.8,20 min for us to have Lord Shiva's Darshan,5
R00339,2013,couples,cultural_sensitivity,neutral,0.5,only hindu may enter,4
R00339,2013,couples,environment,negative,0.3,The river looks dirty,4
R02074,2018,friends,sacred_atmosphere,positive,0.9,one of the most holy Hindu temples,5
R02074,2018,friends,spiritual_authenticity,positive,0.85,once in a lifetime experience,5
R02107,2018,family,facility,positive,0.8,temple is really clean,5
R02107,2018,family,sacred_atmosphere,positive,0.7,must do for visitors,5
R02107,2018,family,spiritual_authenticity,positive,0.6,different experience,5
R01154,2016,friends,sacred_atmosphere,positive,0.7,nice place,5
R01154,2016,friends,environment,neutral,0.5,monkyes around,5
R02057,2018,unknown,spiritual_authenticity,positive,0.8,feels very connected to the Hindu religion,4
R02057,2018,unknown,facility,negative,0.3,very little in the way of information or directions,4
R02057,2018,unknown,ritual_experience,positive,0.7,very interesting to watch,4
R02134,2019,friends,ritual_experience,positive,0.9,Watching the rituals take place each evening has been very memorable,5
R02134,2019,friends,access_fairness,positive,0.7,A small entry fee will allow you to wander the complex,5
R02134,2019,friends,sacred_atmosphere,positive,0.85,A wonderful experience for all senses,5
R02134,2019,friends,spiritual_authenticity,positive,0.9,Highly recommended,5
R02058,2018,couples,facility,positive,0.8,the temple is very clean and was well lighted,5
R02058,2018,couples,ritual_experience,positive,0.9,witness the aarti across the river,5
R02058,2018,couples,spiritual_authenticity,positive,0.85,satisfaction that we got after 'meeting' the Pashupatinath,5
R02058,2018,couples,crowd_management,neutral,0.5,motley crowd and people were being asked to leave,5
R01750,2017,couples,sacred_atmosphere,positive,0.8,effectively connects the last rites with life and Almighty,5
R01750,2017,couples,environment,negative,0.3,river has been polluted beyond limits,5
R01750,2017,couples,facility,positive,0.7,Plenty of hotels around and the nearby International and Domestic airport make it very easy to visit,5
R00285,2013,friends,sacred_atmosphere,positive,0.7,good feel of Hindu traditions and culture,4
R00285,2013,friends,ritual_experience,negative,0.4,I felt a bit uncomfortable seeing the cremation ceremony,4
R00285,2013,friends,environment,neutral,0.5,monkeys running around,4
R00517,2014,family,ritual_experience,positive,0.7,you most likely will be able to view a funeral ceremony/ritual,4
R00517,2014,family,facility,positive,0.8,a guide with us and he was vital to helping us understand,4
R00517,2014,family,environment,positive,0.7,see the deer in the adjacent park; the monkeys all along the way,4
R00517,2014,family,sacred_atmosphere,negative,0.3,smoke from the cremations tends to blow right across the river,4
R01795,2018,friends,sacred_atmosphere,positive,0.8,makes visitors wow,5
R01795,2018,friends,spiritual_authenticity,positive,0.85,must visit place,5
R00083,2012,unknown,sacred_atmosphere,positive,0.7,full of temples,5
R00870,2015,friends,cultural_sensitivity,neutral,0.5,entries are restricted to Hinduism only,4
R00870,2015,friends,sacred_atmosphere,positive,0.8,a great piece of ancient Hindu architecture,4
R00870,2015,friends,spiritual_authenticity,positive,0.9,believed to offer Moksha to people who die here,4
R00870,2015,friends,facility,neutral,0.5,The market outside offers handicrafts,4
R02246,2019,unknown,spiritual_authenticity,positive,0.8,fascinating experience,5
R02246,2019,unknown,ritual_experience,neutral,0.5,gruesome but worth,5
R02246,2019,unknown,facility,neutral,0.5,what your guide would normally give,5
R02332,2019,unknown,cultural_sensitivity,neutral,0.5,very strange to be a part of such intimate life-events,4
R02332,2019,unknown,spiritual_authenticity,positive,0.7,Nothing like this in the Western world,4
R01674,2017,friends,sacred_atmosphere,positive,0.8,holy vibrations,3
R01674,2017,friends,facility,negative,0.3,Management can be better,3
R01674,2017,friends,ritual_experience,negative,0.4,stay away from pandits to perform paid rituals,3
R01674,2017,friends,environment,negative,0.2,no cleanliness at all,3
R01340,2016,couples,access_fairness,negative,0.3,"Locals free, all else charged $10 to $15",3
R01340,2016,couples,environment,negative,0.2,"trash, trash everywhere",3
R01340,2016,couples,cultural_sensitivity,positive,0.7,enjoyed the surrounding local culture,3
R01794,2018,family,spiritual_authenticity,positive,0.8,Significant religious and cultural experience,5
R01794,2018,family,facility,neutral,0.5,you need a drive and a driver,5
R01794,2018,family,cultural_sensitivity,negative,0.4,restricted access that may limit the overall experience,5
R01794,2018,family,environment,positive,0.7,Scary but awesome. Smelly and blizzard but worth it,5
R00113,2012,solo,sacred_atmosphere,negative,0.3,camera-toting tourists could potentially take away from the sense of sacred significance,4
R00113,2012,solo,cultural_sensitivity,negative,0.4,"imagine what your reaction might be to foreigners showing up at a funeral of your loved one, taking photos",4
R00113,2012,solo,spiritual_authenticity,positive,0.7,Read up on Hindu beliefs on cremation beforehand to fully appreciate the ritual,4
R00041,2011,couples,ritual_experience,positive,0.9,worshipping lord pashupatinath was a life time experience,5
R00041,2011,couples,environment,negative,0.3,cleanliness is not maintained outside the temple,5
R00041,2011,couples,facility,negative,0.2,There no proper bathroom,5
R00041,2011,couples,service,negative,0.3,govt of Nepal is not taking care of tourist,5
R01752,2017,couples,facility,positive,0.7,the temple is much organised now,4
R01752,2017,couples,ritual_experience,positive,0.8,darshan is easier and faster,4
R01678,2017,couples,ritual_experience,positive,0.8,spent lot of time performing pooja and darshan,5
R01678,2017,couples,sacred_atmosphere,positive,0.7,time spent was more than 2 hours still feel more could have been spent,5
R00474,2014,business,service,positive,0.7,they dont rush you through,4
R00474,2014,business,crowd_management,negative,0.4,avoid Mondays and Saturdays,4
R00474,2014,business,sacred_atmosphere,neutral,0.5,Walk to the temple from the front gate,4
R00907,2015,friends,ritual_experience,positive,0.8,incredible to see the history and the ongoing cremations,3
R00907,2015,friends,access_fairness,negative,0.3,costs 1000 rupees to enter and they do not allow into the main temple,3
R00907,2015,friends,facility,negative,0.2,people harass you and try to sell you merchandise,3
R01209,2016,couples,service,negative,0.3,temple priests and staff are highly misbehaving,3
R01209,2016,couples,spiritual_authenticity,positive,0.6,a visit to this gives satisfaction,3
R01209,2016,couples,access_fairness,negative,0.4,not allowed to view with good darshan,3
R01754,2017,couples,cultural_sensitivity,neutral,0.5,it seems the locals are OK with that,4
R01754,2017,couples,access_fairness,negative,0.3,entry fee is quite steep (1000R),4
R01052,2016,friends,environment,negative,0.1,most filthy and dirty religious site,3
R01052,2016,friends,ritual_experience,neutral,0.5,nice opportunity to see real cremations,3
R01052,2016,friends,access_fairness,negative,0.3,not worth the steep entry fee,3
R01052,2016,friends,sacred_atmosphere,negative,0.2,nothing architecturally exciting or significant,3
R00481,2014,unknown,sacred_atmosphere,positive,0.9,The place is very beautiful,5
R00481,2014,unknown,crowd_management,neutral,0.5,thousands of devotee Hindu people being in queue,5
R01115,2016,friends,spiritual_authenticity,positive,0.8,fascinating time to visit,5
R01115,2016,friends,crowd_management,negative,0.3,will be crowded,5
R00322,2013,couples,sacred_atmosphere,positive,0.8,feel the atmosphere,5
R00322,2013,couples,ritual_experience,positive,0.85,looking at the ceremonies is an amazing experience,5
R00322,2013,couples,cultural_sensitivity,neutral,0.5,be respectful of people,5
R01329,2016,friends,service,positive,0.9,gentleman with very good english who had started speaking to us upon entry,5
R01329,2016,friends,facility,positive,0.8,small fee in the grand scheme of things,5
R01329,2016,friends,spiritual_authenticity,positive,0.85,"learnt a huge amount about the temple, and Nepalese culture",5
R01329,2016,friends,sacred_atmosphere,positive,0.9,sun starts to set over Kathmandu giving a glorious view,5
R01787,2018,friends,sacred_atmosphere,positive,0.8,A best place to visit for understanding Hindu religion culture and art,4
R01787,2018,friends,environment,negative,0.4,little polluted,4
R01787,2018,friends,ritual_experience,positive,0.7,evening Arati is good to hear,4
R01500,2017,friends,sacred_atmosphere,positive,0.8,mesmerizing vibes,5
R00424,2013,business,cultural_sensitivity,neutral,0.5,being a non Hindu you are prohibited to enter,4
R00424,2013,business,spiritual_authenticity,positive,0.8,feel a strange energy surrounding you,4
R00424,2013,business,sacred_atmosphere,positive,0.9,an amazing and divine experience,4
R00424,2013,business,environment,positive,0.85,beautiful wooden carvings at the top of the temple,4
R00424,2013,business,ritual_experience,positive,0.7,a lot of hindu last rituals being performed,4
R00125,2012,unknown,cultural_sensitivity,negative,0.3,I got a feeling we weren't welcomed even near the temple,3
R00125,2012,unknown,ritual_experience,negative,0.4,I just didn't feel comfortable making their spiritual rites a tourist trap,3
R00125,2012,unknown,crowd_management,negative,0.2,vendors in this area are far more aggresive,3
R00125,2012,unknown,sacred_atmosphere,negative,0.3,completely distracts one from why they are there,3
R00496,2014,couples,cultural_sensitivity,neutral,0.5,intruding on a very personal time of grief,5
R00496,2014,couples,spiritual_authenticity,positive,0.7,compelling place to see how other cultures deal with death,5
R01833,2018,solo,sacred_atmosphere,positive,0.8,one of the biggest Hindus temple,3
R02255,2019,friends,sacred_atmosphere,positive,0.7,a lot things to learn here,5
R02255,2019,friends,spiritual_authenticity,positive,0.7,overall it was beneficial visit,5
R01747,2017,friends,facility,positive,0.7,your ticket entitles you to a guide,4
R01747,2017,friends,cultural_sensitivity,negative,0.3,watch out for the touts,4
R01747,2017,friends,sacred_atmosphere,neutral,0.5,there always seem to be cremations going on,4
R01747,2017,friends,environment,neutral,0.5,only a few stalls have this now,4
R01070,2016,couples,spiritual_authenticity,positive,0.8,how devoted by Hindu,5
R00408,2013,solo,service,positive,0.8,His greatest value was that he showed me the best places to take pictures,4
R00408,2013,solo,ritual_experience,positive,0.7,I enjoyed taking photos of these scenes,4
R00408,2013,solo,spiritual_authenticity,positive,0.7,ceremonies for family conducted by priests,4
R00919,2015,couples,cultural_sensitivity,neutral,0.5,Main temple cannot be entered by non-Hindus,5
R00919,2015,couples,ritual_experience,positive,0.7,live Hindu cremations were going on,5
R00919,2015,couples,sacred_atmosphere,positive,0.8,filled with history and culture,5
R00919,2015,couples,environment,positive,0.7,Beautiful temples and old temple grounds,5
R01109,2016,couples,access_fairness,negative,0.3,ticket is quite expensive,4
R01109,2016,couples,sacred_atmosphere,positive,0.7,recommend this temple for you,4
R01857,2018,family,sacred_atmosphere,positive,0.8,most holy temples,4
R01857,2018,family,environment,positive,0.7,great architecture in and around,4
R01857,2018,family,crowd_management,neutral,0.5,not too crowded to walk around comfortably,4
R01999,2018,unknown,sacred_atmosphere,positive,0.8,the Pashupatinath complex is situated on the banks of Bagmati river,5
R00902,2015,solo,access_fairness,negative,0.3,only believers are permitted to enter,3
R00902,2015,solo,cultural_sensitivity,negative,0.4,holy men...charge for the pleasure,3
R00902,2015,solo,sacred_atmosphere,neutral,0.5,Perhaps you just go for the atmosphere,3
R00902,2015,solo,facility,negative,0.3,far better and far cheaper options in Kathmandu,3
R01356,2016,couples,cultural_sensitivity,negative,0.3,unaccessible to non hindus,5
R01356,2016,couples,spiritual_authenticity,positive,0.8,super charged vibe,5
R01356,2016,couples,sacred_atmosphere,positive,0.9,time stops,5
R01411,2017,friends,cultural_sensitivity,neutral,0.5,If you are Hindu you can go inside the temple main area,5
R01411,2017,friends,crowd_management,negative,0.3,thousands of travelers visit every day,5
R01963,2018,unknown,sacred_atmosphere,positive,0.8,This place is peaceful,5
R01963,2018,unknown,cultural_sensitivity,neutral,0.5,Non-Hindus are not allowed to enter the main temple,5
R01963,2018,unknown,environment,positive,0.85,The night view is stunning,5
R01659,2017,friends,ritual_experience,positive,0.9,those love shiva will definitely rejoice with devotion,5
R01659,2017,friends,spiritual_authenticity,positive,0.85,complete Puja from various Abhishek to mangalaarathi,5
R02047,2018,solo,service,negative,0.3,tour guide did not feel honest,3
R02047,2018,solo,spiritual_authenticity,negative,0.4,made the experience less authentic,3
R02047,2018,solo,ritual_experience,neutral,0.5,morbid but interesting to hear about what happened,3
R00313,2013,solo,environment,neutral,0.5,the place is dusty but still good for a day's trip,4
R00313,2013,solo,spiritual_authenticity,positive,0.7,great to be experiencing the different culture,4
R01338,2016,couples,ritual_experience,positive,0.7,aarti happens at around 6:30 p.m.,5
R01338,2016,couples,sacred_atmosphere,positive,0.6,famous with locals and tourists alike,5
R00853,2015,family,sacred_atmosphere,positive,0.8,You can feel a different ambience in this place,4
R00853,2015,family,spiritual_authenticity,positive,0.85,Watching people saying farewell to their loved ones forever are touching,4
R02132,2019,couples,sacred_atmosphere,positive,0.8,enjoy the culture Heritage,5
