review_id,year,source_node,target_node,relation,description
R02350,2020,fun,close to soul,contrast,fun contrasted with spiritual closeness
R02350,2020,different,close to soul,contrast,different contrasted with spiritual closeness
R01859,2018,narayanhiti durbar,closed on Tuesday & Wednesday,contrast,narayanhiti durbar was closed
R00845,2015,river,cremation,description,river is where cremation takes place
R00845,2015,security officer,rude tone,causal,security officer's rude tone caused a problem
R00845,2015,no photography zones,security officer,causal,no photography rule led to interaction with security officer
R01298,2016,vibes,offer prayers,co_occurrence,vibes felt during offering prayers
R00537,2014,calm and peaceful,happy and blessed,co_occurrence,Both emotions felt simultaneously
R00537,2014,Sanjiv,calm and peaceful,causal,Sanjiv's action led to the experience
R00112,2012,cremations,cycle of life,causal,cremations evoke thoughts on the cycle of life
R00112,2012,smoke,home for the elderly,contrast,smoke issue contrasted with exploring other areas
R02079,2018,worshippers making a pilgrimage,holy men,co_occurrence,Both present at the temple
R02079,2018,holy men,camera toting tourists,co_occurrence,Tourists surrounding holy men
R02079,2018,monkeys,camera toting tourists,co_occurrence,Monkeys and tourists both present
R02298,2019,architecture,history,co_occurrence,architecture and history mentioned together
R01834,2018,devotees of Lord Shiva,deity,co_occurrence,devotees glimpse the deity
R01834,2018,crowds,deity,contrast,crowds make it hard to offer prayer
R01834,2018,architecture,small temples,description,architecture includes many small temples
R01486,2017,ancient design of art,marvellous architect,description,ancient design described as marvellous architect
R01486,2017,iconic temple,Hindi religious,description,temple described as part of Hindi religious
R01822,2018,rebuilded houses,rebuilding,contrast,rebuilded houses look not so nice despite rebuilding efforts
R01822,2018,spirit of Shiva,devotees,co_occurrence,spirit of Shiva felt with presence of devotees
R00232,2012,hospice,river,co_occurrence,hospice located on the river banks
R00232,2012,funeral pyres,beautiful calm place,contrast,funeral pyres are both beautiful and calm
R00234,2012,sense of spirituality,our place in the world order,co_occurrence,Both emotions are felt together by the reviewer
R00580,2014,Photos arent allowed,confiscate ur camera,causal,Photos not allowed leads to camera confiscation
R01166,2016,important Hindu shrine,non Hindus cannot go into the main area,contrast,important shrine but restricted access
R01166,2016,important Hindu shrine,crematoria,co_occurrence,crematoria are part of the shrine complex
R01076,2016,dead being burned,local traditions,description,cremation ceremony is part of local traditions
R01076,2016,strong smell,smoke,co_occurrence,strong smell and smoke occur together
R01711,2017,Abhishek ticket,expedited darshan,causal,Abhishek ticket allows expedited darshan
R01711,2017,State Bank counter,Abhishek ticket,description,State Bank counter sells Abhishek ticket
R01711,2017,golden Nandi,State Bank counter,description,State Bank counter is near golden Nandi
R01938,2018,darshan,poojas,co_occurrence,Both rituals were performed
R01938,2018,crowded,darshan,contrast,Crowded but still received darshan
R01938,2018,neat and clean premises,crowded,contrast,Cleanliness despite crowd
R00699,2014,lord shiva,darshan,description,darshan is a ritual related to lord shiva
R00699,2014,beautiful & sacred,lord shiva,description,temple's beauty and sacredness relate to lord shiva
R00607,2014,Bagmati River,cremation,description,cremation done in Bagmati River
R00607,2014,tourists,devotees,co_occurrence,tourists and devotees present together
R00607,2014,sadhoos or pandits,devotees,co_occurrence,sadhoos or pandits and devotees present together
R01429,2017,hallowed,divine,co_occurrence,Both describe the spiritual nature of the temple
R01313,2016,ashram for the elders,chant and laugh,co_occurrence,rituals happening at the ashram
R01313,2016,female sadhus,deity sculptures,co_occurrence,sadhus and sculptures at the entrance
R00611,2014,architecture of the site and buildings,stunning carvings,description,carvings are part of the architecture
R00611,2014,stunning carvings,courtyards of palaces,co_occurrence,carvings are present in courtyards
R01090,2016,oldest temple,Shiva,description,temple associated with Shiva
R01090,2016,Maha Shivaratri,non-Hindu entry ban,contrast,festival event with entry restriction
R00672,2014,cremations in progress,monkeys,co_occurrence,cremations and monkeys are mentioned together
R00672,2014,cremations in progress,eerie,description,cremations contribute to the eerie feeling
R00032,2011,guide,fascinating,causal,guide provided fascinating information
R00032,2011,holy men,entrance fee,contrast,holy men charged extra after photos
R01807,2018,biggest hindu temple,world heritage site,co_occurrence,Both describe the temple
R00641,2014,place of sadness,not one to take photos,contrast,place of sadness contrasts with photo restriction
R00287,2013,cremations,non-Hindu entry ban,co_occurrence,cremations visible to non-Hindus
R00287,2013,sadhus,negative feeling,causal,sadhus charging for photos contributes to negative feeling
R00287,2013,hassled from the street,negative feeling,causal,being hassled contributes to negative feeling
R00193,2012,non-Hindu entry ban,vast area,contrast,entry restriction contrasts with vast area to explore
R00193,2012,view of the valley,Himalayan range,co_occurrence,both are scenic views from the hilltop
R01218,2016,Peace,Monkeys,contrast,Peace contrasted with Monkeys
R01218,2016,old heritage,architectural view,co_occurrence,heritage and architecture mentioned together
R02244,2019,traditional cremation,other side of the river,co_occurrence,rituals observed from across the river
R02244,2019,shocking by moments,part of the culture,contrast,shocking yet cultural
R02299,2019,Hindu temple with Buddhist architecture,Entrance is restricted for Hindu only,contrast,Architectural uniqueness contrasted with entry restriction
R02299,2019,main temple might be closed in late afternoon,no photography inside the main complex,co_occurrence,Both are rules related to access and behavior
R01743,2017,main altar,silence and prayer,co_occurrence,main altar is a place for silence and prayer
R01743,2017,Nandi,visual appeal,description,Nandi contributes to visual appeal
R01743,2017,footwear storage service,vendors and shops,contrast,"footwear service is organized, vendors are bustling"
R00634,2014,non-Hindu entry ban,dampener for most foreigners,causal,entry restriction causes disappointment
R00634,2014,inside area,cow and other animal dung,description,inside area is dirty due to dung
R00654,2014,cremations,blessing of a recently deceased person,co_occurrence,Both rituals observed during visit
R00654,2014,colorful Sadus,various temples and statues,co_occurrence,Both seen during the visit
R00654,2014,monkeys,cotton candy vendor,contrast,Monkeys as a problem contrasted with enjoyment of vendor
R01420,2017,emotionally intense moments,incredible place,contrast,emotionally intense moments contrast with incredible place
R01420,2017,sadhus,people who want to sell you stuff,co_occurrence,sadhus and sellers both seek money from visitors
R00864,2015,beautiful piece of architecture,crowded,contrast,beautiful architecture contrasted with crowding
R00864,2015,Darshan,trust and believe for Hindus,causal,Darshan is a cause of trust and belief
R00460,2014,rudraksh beads,shops nearby,co_occurrence,rudraksh beads are available at shops nearby
R00460,2014,Lord Shiva,religious minded,description,Lord Shiva is significant for the religious minded
R01623,2017,Haarati,puja,co_occurrence,Haarati and puja are both prayer rituals
R01623,2017,holy river,monkey,contrast,"holy river is sacred, monkeys are a problem"
R00239,2013,locals,guide,co_occurrence,locals provide guiding service
R00239,2013,guide,cremations,co_occurrence,guide enhances experience of cremations
R00239,2013,cremations,neat experience,causal,cremations contribute to neat experience
R00513,2014,Bagmati river,lord Shiva,description,Shiva's home on the river bank
R00513,2014,entry fees,splendid architecture,contrast,entry fees contrasted with temple's architecture
R00914,2015,shoes removal,not clean,contrast,cultural rule contrasts with cleanliness issue
R01361,2016,main temple,cremation ground,contrast,tourists not allowed in main temple but can see cremation ground
R01361,2016,caves related to Naropa and Tilopa,Buddhist Yogi teacher,description,"caves related to Naropa and Tilopa, Buddhist Yogi teacher"
R02115,2019,funeral,back yard of this temple,co_occurrence,funeral performed at the back yard
R02115,2019,salvation,funeral,causal,salvation attained through funeral
R01518,2017,monkeys,cremations,co_occurrence,monkeys and cremations both mentioned
R01518,2017,cremations,cremation ceremony,description,cremations described as interesting but not easy
R01518,2017,photographers,cremation ceremony,contrast,"photographers find it interesting, but not easy for others"
R00374,2013,main temple,Nandi,description,Nandi is located outside the main temple
R00374,2013,main temple,awe,causal,main temple inspires awe
R00374,2013,Rudraksh,main temple,co_occurrence,Rudraksh shops are next to the main temple
R00066,2012,holy man,demand money,causal,holy man sadhoes demand money
R00066,2012,cremations,holy man,co_occurrence,holy man sadhoes present during cremations
R02015,2018,cremations,fascination,causal,cremations provide a fascination insight
R02015,2018,earthquake damage,1000 rupee charge,causal,charge likely for rebuild costs
R02019,2018,Bagmati River,cremation ceremony,co_occurrence,cremation ceremony occurs at the river bank
R00045,2011,guide,fascinating introduction,causal,Guide provides a fascinating introduction
R00045,2011,pseudo-Sadhus,non-Hindu entry ban,contrast,Pseudo-Sadhus contrast with non-Hindu entry ban
R01761,2017,mourning their loved ones,intrusive,contrast,feeling intrusive while observing mourning
R01761,2017,mourning their loved ones,intrigued,contrast,intrigued by the mourning process
R01183,2016,open funeral ceremonies,cremations,co_occurrence,funeral ceremonies and cremations are mentioned together
R01183,2016,Hindu only,beautiful,contrast,cultural restriction contrasted with beauty
R01183,2016,mourning over a lost loved one,emotional,causal,mourning causes emotional response
R00264,2013,extensive grounds,Bagmati River,description,grounds include the Bagmati River
R00264,2013,fake holy men,monkeys,co_occurrence,both are problems encountered
R00264,2013,funeral parlor,cremate their dead loved ones,description,funeral parlor is where cremations occur
R00264,2013,forest and temple complexes,real holy men,description,holy men meditate in the forest and temple complexes
R00264,2013,forest and temple complexes,pilgrims,description,pilgrims wander in the forest and temple complexes
R00689,2014,wonderful temples,old peoples' retirement home,co_occurrence,Both are part of the temple complex
R00689,2014,ghats by the river,guide,co_occurrence,Both mentioned as part of the visit
R00740,2015,priests,darshan,causal,priests claim to offer fast darshan
R00740,2015,cleaning,"monkey, birds poop",description,"cleaning needed due to monkey, birds poop"
R01837,2018,peaceful place,clean environment,co_occurrence,peaceful place and clean environment mentioned together
R01837,2018,not much crowded,Shivaratri,contrast,not crowded except during Shivaratri
R01609,2017,cremations,tourists taking pictures,contrast,cremations contrasted with disrespectful tourists
R01609,2017,guides wanting money,women selling jewellery,co_occurrence,both guides and women selling jewellery are problems
R01609,2017,sadhus,guides wanting money,co_occurrence,sadhus and guides both ask for money
R00136,2012,funerals,40 a day,description,high number of funerals
R00136,2012,guide,funerals,causal,guide explains funerals
R00136,2012,strange,funerals,co_occurrence,strange feeling about funerals
R01955,2018,peaceful,blessed,co_occurrence,peaceful feeling and blessed feeling occur together
R01955,2018,god shiva,blessed,causal,blessed feeling attributed to god shiva
R02237,2019,surroundings,entrance fee,contrast,expectations due to entrance fee vs. disgraceful surroundings
R02237,2019,temple itself,cremation and burial,co_occurrence,temple beauty and cremation process add authenticity
R02050,2018,cremation,bridge,co_occurrence,cremation takes place near the bridge
R02050,2018,temple grounds,grieving ritual,causal,isolation in temple grounds is part of grieving ritual
R02156,2019,cremations,holy river,causal,cremations involve dumping into the holy river
R00800,2015,non-Hindu entry ban,cremations,contrast,non-Hindus can't access main temple but can see cremations
R00800,2015,cremations,interesting experience,description,cremations described as interesting experience
R01417,2017,Bagmati river,temples and monuments,co_occurrence,temples and monuments located by the river
R01417,2017,1000 rupees entry fee,guide,contrast,entry fee and guide fee are the same
R01417,2017,cremation,ghat,description,ghat is a viewpoint for cremation
R01720,2017,Sacred Bagmati River,cremations,co_occurrence,cremations happening along the river banks
R01720,2017,Guide,Sadhus,causal,Guide introduced the reviewer to Sadhus
R01720,2017,Sadhus,Kirtan,co_occurrence,Sadhus invited the reviewer to join Kirtan
R01720,2017,aesthete BaBa,Guide,co_occurrence,Guide took the reviewer to meet BaBa
R01720,2017,Kalava,sense of mortality,causal,Receiving the Kalava contributed to the sense of mortality
R02171,2019,5th dham of lord Shiva,peaceful,description,5th dham of lord Shiva described as peaceful
R02171,2019,5th dham of lord Shiva,positive vibes,description,5th dham of lord Shiva described as having positive vibes
R01914,2018,beautifully and artistically made,no photography zones,contrast,beautiful structure but no photos allowed
R01914,2018,aarti,dirty,co_occurrence,aarti area is dirty
R01914,2018,aarti,funeral rituals,co_occurrence,aarti and funeral rituals occur in the same place
R01914,2018,funeral rituals,public funeral rituals,description,funeral rituals are public
R00279,2013,ticket counter,tour guide,causal,"ticket counter made me pay, tour guide tried to stop me"
R00279,2013,beautiful,surrounding area,contrast,temple is beautiful but surrounding area is not worth it
R01657,2017,cremation,most important place,co_occurrence,Cremation is part of the important spiritual experience
R01657,2017,experienced guide,most important place,contrast,Guide enhances the experience of an important place
R01287,2016,huge Hindu temple,surrounding grounds,description,temple includes surrounding grounds
R01287,2016,Non-Hindu's can not go into the center,surrounding grounds,contrast,access restriction to center vs. surrounding grounds
R01950,2018,temple of Lord Pashupatinath,Lord Siva,description,temple dedicated to Lord Siva
R01950,2018,temple of Lord Pashupatinath,best temples,description,temple described as one of the best
R01950,2018,temple of Lord Pashupatinath,South-Asia,description,temple located in South-Asia
R02403,2021,Hindu temple of Lord Mahadev,Peaceful,description,The temple is described as peaceful
R01192,2016,Puja,darshan,co_occurrence,Puja and darshan are both rituals experienced
R01192,2016,temple management,cooperative people,causal,Cooperative people contribute to good temple management
R01192,2016,temple management,beautiful experience,causal,Good management contributes to a beautiful experience
R02091,2018,Hindu shrine,Bagmati River,co_occurrence,Hindu shrine located near Bagmati River
R02091,2018,live cremation,blessed,causal,Feeling blessed due to witnessing live cremation
R01107,2016,funeral pyres,death ritual,contrast,funeral pyres seen as natural or grotesque
R01107,2016,Hindu complex,non-Hindu entry ban,description,part of the complex is off-limits to non-Hindus
R01107,2016,holy Sadus,Hindu complex,co_occurrence,Sadus are part of the Hindu complex
R01107,2016,guide,Hindu complex,causal,guide needed to enhance experience of the complex
R01849,2018,ancient Shiva temple,mystical and mythological significance,description,temple's mystical and mythological significance
R01849,2018,ancient Shiva temple,Himalayas,description,temple located at the foothills of Himalayas
R01849,2018,ancient Shiva temple,religious people,co_occurrence,attraction for religious people
R02016,2018,Hindu cremation rituals,Bagmati river,co_occurrence,cremation rituals held at the river
R02016,2018,main temple,dress code requirement,description,main temple requires appropriate dress
R01644,2017,cremation grounds,ritual bathing,co_occurrence,Both occur at the site
R01644,2017,nomadic yogis,meditative atmosphere,causal,Yogis favor the site for its atmosphere
R01644,2017,snake charmers,hypnotic tunes,description,Charmers play tunes
R01644,2017,wandering sadhus,cremation grounds,co_occurrence,Sadhus are present at the site
R00543,2014,entry,once in a lifetime experience,contrast,Entry cost contrasted with the value of the experience
R00543,2014,"not exactly a lighthearted, fun experience",come to terms with what we were seeing,causal,The dual nature of the experience caused reflection
R01840,2018,burning bodies,burial ceremony,co_occurrence,Burning bodies are part of the burial ceremony
R01840,2018,opposite side of the river,tourist area,contrast,Tourist area is on the opposite side of the river
R01840,2018,guide,Sadhus,description,Guides take tourists to see Sadhus
R01840,2018,Sadhus,being blessed,causal,Sadhus bless tourists
R00306,2013,public cremations,private ceremony,contrast,public vs private ceremony
R00306,2013,members of the public,observe,description,public allowed to observe
R00444,2013,Shiva art,big brass cow,contrast,Shiva art is interesting but blocked by cow
R00444,2013,cremations,filthy river,co_occurrence,cremations occur along the river
R00444,2013,sacred cows,olfactory overload,causal,sacred cows contribute to olfactory overload
R02312,2019,4 Gates,parikramna,causal,4 Gates are related to the ritual of parikramna
R02312,2019,River Bagmati,small temples,co_occurrence,River Bagmati and small temples are mentioned together
R02312,2019,shoes counter,RS 100 for Saarc countries,contrast,"Shoes counter is free, contrasting with entry fee"
R01440,2017,cremation site,cremation,description,cremation site involves cremation
R01440,2017,cremation,family members,co_occurrence,family members take pictures of cremation
R01440,2017,cremation site,"sobering, rich and religious",description,cremation site has a sobering atmosphere
R01379,2017,monuments,earthquake,causal,monuments affected by earthquake
R00901,2015,richly ornamented pagoda,sacred Linga,description,pagoda houses the sacred Linga
R00901,2015,Bagmati River,funeral pyres,co_occurrence,funeral pyres are built along the river
R00901,2015,funeral pyres,cremations,description,cremations occur on the funeral pyres
R00901,2015,sadhus,special atmosphere of death,co_occurrence,sadhus contribute to the atmosphere of death
R00679,2014,entrance fee,guidance services,co_occurrence,high entrance fee and guidance services offered
R00679,2014,cremation place,cremation ceremony,description,cremation place is where the ceremony occurs
R00679,2014,monks,cremation ceremony,co_occurrence,monks present during cremation ceremony
R00679,2014,cremation ceremony,sense of mortality,causal,cremation ceremony causes sense of mortality
R00679,2014,cremation ceremony,crowds of people,co_occurrence,cremation ceremony witnessed by crowds
R01956,2018,main temple,shivlinga,description,main temple contains a shivlinga
R01956,2018,main temple,monkeys,contrast,main temple is beautiful but beware of monkeys
R00176,2012,funeral pyres,mourners,co_occurrence,funeral pyres and mourners are part of the same ritual
R00176,2012,guide,unlicensed guides,contrast,guides are crucial but unlicensed guides are a problem
R00176,2012,tourist police,unlicensed guides,causal,tourist police are busting unlicensed guides
R00176,2012,licensed guides,Kumar Dahal,description,Kumar Dahal is a licensed guide
R01339,2016,cremate their loved ones,burial rituals,co_occurrence,cremation is part of burial rituals
R01339,2016,burial rituals,fascinated,causal,rituals caused fascination
R02072,2018,Burial site,Early morning,co_occurrence,Best time to visit burial site
R02072,2018,Expensive for tourists,Buddha Bodnath stupa,contrast,Expensive entry contrasted with nearby attractions
R02158,2019,Hindu culture,rituals,co_occurrence,Hindu culture and rituals are mentioned together
R00258,2013,gathering of people,funeral,co_occurrence,people gathered for the funeral
R00258,2013,dead body wrapped in yellow cloth,river,co_occurrence,body lying by the river
R00258,2013,"haunting, too real, yet beautiful",smell of burned corpses,contrast,beautiful yet uncomfortable smell
R00258,2013,smell of burned corpses,conscious about your presence and the meaning of life and death,causal,smell leads to consciousness about life and death
R00418,2013,temples,guide,causal,Guide helps explain the temples
R00418,2013,temples,significance and history,description,Temples have historical significance
R00391,2013,admission fee,outside of the Hindu Temple,contrast,high fee contrasts with outside access
R00391,2013,outside of the Hindu Temple,Hindu funerals,co_occurrence,funerals observed from outside
R00931,2015,funeral rituals,guide,causal,Guide needed to understand funeral rituals
R02154,2019,main temple,Hindus only,description,Access restricted to Hindus
R02154,2019,main temple,camera or photography,description,Photography not allowed
R02154,2019,special pujas,main temple,co_occurrence,Special pujas offered inside
R00218,2012,evening ceremonies,chanting,co_occurrence,ceremonies include chanting
R00218,2012,bank opposite the temple,evening ceremonies,description,viewing location for ceremonies
R00218,2012,non-Hindu entry ban,bank opposite the temple,contrast,alternative viewing due to entry ban
R00546,2014,cremations,Hindi funerals,description,cremations are part of Hindi funerals
R00333,2013,divine treat,strong force,co_occurrence,divine treat and strong force felt together
R00333,2013,strong force,temple premises,description,strong force felt inside temple premises
R00764,2015,big area for 'common' people,smaller and more peaceful for 'VIP' people,contrast,comparison between common and VIP areas
R00764,2015,holy men,expect to be paid,causal,holy men expect payment for photos
R01462,2017,Shiva,Hindu temple,description,Shiva is the main god inside the temple
R00675,2014,stench of burning bodies,filthy open sewer,co_occurrence,Both are negative aspects of the environment
R00675,2014,Non Hindus are not allowed,opposite bank of the river,contrast,Non-Hindus view from opposite bank due to entry restriction
R01863,2018,main temples,Hindu,cultural_rule,access restricted to Hindus
R01863,2018,pressure from people,tricksters,co_occurrence,both relate to deceptive practices
R00548,2014,courtyard,gilt and silver-plated doors,co_occurrence,courtyard contains richly ornamented doors
R00548,2014,chaturmukha linga,guardian deities,description,chaturmukha linga is in the sanctum with guardian deities
R00548,2014,Bhattas,Mool Bhatt,description,Mool Bhatt is the chief among Bhattas
R00548,2014,Bagmati River,Arya Ghat,description,Arya Ghat is located by the Bagmati River
R00548,2014,Bagmati River,Bhasmeshvar Ghat,description,Bhasmeshvar Ghat is a cremation site by the Bagmati River
R01393,2017,ghats,cremations,co_occurrence,cremations occur at the ghats
R01393,2017,cremations,local people,co_occurrence,local people watch the cremations
R01393,2017,cremations,humbling,causal,witnessing cremations causes humbling feeling
R01214,2016,Monkeys,important places for buddhists and hindus,co_occurrence,Monkeys are present in the sacred space
R01460,2017,crematorium,burn dead bodies,co_occurrence,Crematorium is where bodies are burned
R01460,2017,offerings,burn dead bodies,co_occurrence,Offerings are part of the worship ritual
R01460,2017,entry fee,busy,contrast,Entry fee contrasts with the busy nature
R01086,2016,ancient temple,Bagmati River,co_occurrence,temple located on the bank of river
R01086,2016,ancient temple,worth visit,description,temple described as worth visiting
R01086,2016,ancient temple,very famous temple,description,temple described as famous
R02384,2020,Beautiful architecture,Vibrant prayer & devotion,co_occurrence,Architecture and rituals mentioned together
R02384,2020,Chaotic & energetic,Lots to see,co_occurrence,General sentiment about the experience
R01488,2017,body of the people are burning,Bagmati river,co_occurrence,cremation ceremony occurs near the Bagmati river
R01488,2017,Bagmati river,temples,co_occurrence,temples are located around the Bagmati river
R00613,2014,divine feel,wonderful place,description,divine feel describes the place
R00613,2014,feel heaven,wonderful place,description,feeling of heaven describes the place
R01039,2016,river,cremation ceremony,co_occurrence,Cremation happens on the river banks
R01039,2016,cremation ceremony,peaceful,contrast,Cremation is contrasted with peace
R00463,2014,puja,very positive,causal,puja caused positive feeling
R00463,2014,aarti,very positive,causal,aarti caused positive feeling
R02029,2018,cremations,shocking,causal,Cremations caused a shocking feeling
R02029,2018,cremations,glimpse into another culture,description,Cremations described as a cultural glimpse
R00331,2013,funeral bier,burning,co_occurrence,funeral bier preparation and burning are part of the same ritual
R00331,2013,grieving and support,consideration of issues of life and death,causal,grieving leads to consideration of life and death
R00029,2011,funeral pyre,cremation ceremony,co_occurrence,funeral pyre is part of the cremation ceremony
R00029,2011,priest,funeral pyre,causal,priest prepares the funeral pyre
R00029,2011,monkeys,cremation ceremony,contrast,monkeys disturb the cremation ceremony
R00029,2011,sadhus,sense of mortality,description,sadhus contribute to the spiritual atmosphere
R00156,2012,families publically mourn,cremation,co_occurrence,mourning occurs during cremation
R00156,2012,Babas,puja,causal,Babas offer puja
R00156,2012,non-Hindu entry ban,higher fee for non-Hindu westerners,contrast,entry restrictions and fees differ for non-Hindus
R00156,2012,sense of mortality,heartwrenching,contrast,sense of mortality contrasts with heartwrenching emotions
R02056,2018,silence within,Shiva,causal,Shiva is calling leads to listening to the silence within
R02056,2018,divine and sacred land,land of Buddha,co_occurrence,divine and sacred land of Shiva in land of Buddha
R02196,2019,open air riverside cremations,western perspective,contrast,cremations are confronting from a western perspective
R02196,2019,open air riverside cremations,part of life,description,cremations are described as part of life
R00147,2012,Hindus,pillars of Hinduism,description,Hindus view it as a pillar of their faith
R00498,2014,entry fee,government,causal,government decided to impose entry fee
R00498,2014,entry fee,entry fee,co_occurrence,entry fee is seen as a problem
R01289,2016,cremation ceremony,naked sadhus,co_occurrence,Both observed during the visit
R01289,2016,holy men,beautiful temples,co_occurrence,Both observed during the visit
R01289,2016,beautiful temples,non-Hindu entry ban,contrast,Temples are beautiful but have entry restrictions
R01847,2018,Monkey,The Holy River,co_occurrence,Monkey and The Holy River mentioned together
R01847,2018,The Holy River,remind past and future life,causal,The Holy River evokes spiritual emotion
R01998,2018,devout Hindi guide,rites of preparation of the body for cremation,causal,Guide explains the rites
R01998,2018,mourning the loss of a loved one,change how you think about death,causal,Mourning impacts thoughts on death
R00791,2015,fake guides,guided visit,contrast,fake guides contrast with guided visit
R00791,2015,cremation ceremonies,authentic,description,cremation ceremonies described as authentic
R01832,2018,crematorium area,circle of life,description,crematorium area as part of the circle of life
R01832,2018,grief,Hindu wedding,contrast,contrast between public grief and wedding
R01832,2018,Hindu wedding,blessed,causal,witnessing the wedding caused feeling blessed
R00921,2015,cremations,lovely temples,co_occurrence,cremations and temples are both mentioned as things to see
R00921,2015,entry is 1000rs,green Sahja Yatayat bus,contrast,entry fee is steep but transportation is easy and cheap
R01240,2016,que to visit the main temple,cleanliness inside temple,co_occurrence,Both are aspects of temple management
R01240,2016,facilities for worshippers,informative and directional sign boards,co_occurrence,Both are suggested improvements
R01509,2017,ancient temple,beautiful spiritual place,description,temple described as spiritual
R01509,2017,Hindus,non-Hindu entry ban,description,entry restriction based on religion
R02313,2019,outdoor crematory,cremation ceremony,co_occurrence,cremation ceremony occurs at the outdoor crematory
R02313,2019,smoke and smell,cremation ceremony,co_occurrence,smoke and smell associated with the cremation ceremony
R02313,2019,only Hindus were allowed,outdoor crematory,description,cultural rule related to access to the main temple
R01016,2016,Lord Shiva,sacred,description,"Lord Shiva is worshipped, creating a sacred feeling"
R01016,2016,sacred,amazing view,co_occurrence,sacred feeling and amazing view mentioned together
R00649,2014,burning dead bodies,very old place,co_occurrence,Both mentioned as part of the experience
R00649,2014,very old place,exiting symbols,description,Symbols are part of the old place
R01003,2016,someone to explain,things you see,causal,explanation needed for understanding
R00752,2015,cleanliness,major hindu temple,contrast,cleanliness issue contrasts with temple's significance
R00752,2015,great spirit,cleanliness,causal,cleanliness dampened the great spirit
R00676,2014,cremation area,profound and humbling experience,causal,cremation area causes profound and humbling experience
R00676,2014,sadhus,sense of humor,description,sadhus have a sense of humor
R00676,2014,expect to be tipped,sadhus,description,sadhus expect to be tipped
R00676,2014,accosted continually,expect to be tipped,contrast,accosted by sellers contrasts with tipping sadhus
R00862,2015,main temple,non-Hindu entry ban,description,Entry restriction for non-Hindus
R00862,2015,local guide,sadhus,co_occurrence,Both require tips
R01630,2017,priests,donation,causal,priests ask for donations
R01630,2017,menu of prices,priests,description,priests provide a menu of prices
R01630,2017,cremation area,non-Hindu entry ban,contrast,foreigners charged for cremation area despite entry ban
R01006,2016,Hindu cultures,rituals,co_occurrence,Hindu cultures and rituals are mentioned together
R00124,2012,guide,religious cremations,co_occurrence,guide explains the cremation process
R00124,2012,river,religious cremations,co_occurrence,cremations take place by the river
R00124,2012,religious cremations,culture shock,causal,cremations caused culture shock
R00124,2012,Sodu,guide,contrast,Sodu are funny compared to the serious guide
R01171,2016,large site,entrance fee,description,large site with entrance fee
R01171,2016,guide,stared at and followed,contrast,having a guide did not prevent being followed
R02261,2019,Bagmati River,golden temple,co_occurrence,Both mentioned as part of the temple complex
R02261,2019,cremation,bodies being cremated,description,Cremation involves bodies being cremated
R00937,2015,wrapped up bodies,grieving families,co_occurrence,bodies and families are part of the same scene
R00937,2015,ash in the air,garbage,co_occurrence,ash and garbage are environmental issues
R00937,2015,heavy feeling of death,wrapped up bodies,causal,feeling of death caused by seeing bodies
R01762,2017,Bagmati River,burning bodies,co_occurrence,burning bodies seen across the Bagmati River
R01762,2017,Holy men,concrete steps,description,Holy men sat on concrete steps
R01762,2017,feeling of intrusion,something really special,contrast,feeling of intrusion contrasted with something special
R00635,2014,main temple,non-Hindus,cultural_rule,main temple access restricted to Hindus
R00635,2014,crematorium smokes,main temple,co_occurrence,crematorium smokes near main temple
R00635,2014,Nepali bazaar,devotional items,description,bazaar sells devotional items
R00081,2012,river,garbage,contrast,river is better without garbage
R02330,2019,cremation ceremony,Bachhareshwari Temple,co_occurrence,Both mentioned as part of the visit
R02330,2019,traditional wood carving,Bachhareshwari Temple,description,Wood carving is a feature of Bachhareshwari Temple
R02330,2019,monkeys,cremation ceremony,contrast,Aggressive monkeys contrast with the peaceful ritual
R01705,2017,afterdeath rituals,atmosphere,description,rituals contribute to atmosphere
R01705,2017,entrance fee,respectful,contrast,fee contrasts with respectfulness
R01507,2017,cremations,fascinating,contrast,Different reactions to the cremations
R01507,2017,cremations,turned off,contrast,Different reactions to the cremations
R01507,2017,lots of people,fascinating,co_occurrence,People found it fascinating
R00377,2013,artificial arts,handicrafts in ancient time,co_occurrence,Both are examples of cultural heritage
R00377,2013,cultural place of hinduism,artificial arts,description,The place contains artificial arts
R01594,2017,dead bodies burning,sense of mortality,causal,burning bodies evoke sense of mortality
R01594,2017,Hindu Only small praying temple,non-Hindu entry ban,description,temple access restricted to Hindus
R01594,2017,colorful monks,non-Hindu entry ban,contrast,monks interact despite entry restrictions
R01553,2017,aarti ceremony,ghat,co_occurrence,aarti ceremony happens across the ghat
R01553,2017,holy river,hindu ceremony,co_occurrence,hindu ceremony happens by the holy river
R01553,2017,aarti ceremony,mixed feeling,causal,aarti ceremony causes mixed feeling
R01746,2017,ancient Unesco Heritage site,no leatherwear allowed,contrast,cultural rule contrasts with heritage site
R01746,2017,holy men,corpses being cremated,co_occurrence,holy men and cremation occur in the same area
R01746,2017,corpses being cremated,ceremonies and rituals,description,rituals accompany the cremation
R01081,2016,beautiful temple,free entry,contrast,beautiful temple but free entry
R01081,2016,cremation,sense of mortality,co_occurrence,cremation evokes sense of mortality
R01102,2016,1000 rupees for foreigners,Non-Hindu's cannot enter,contrast,cost for foreigners vs entry restriction for non-Hindus
R01102,2016,river,cremated,description,river is where cremation occurs
R01102,2016,cremated,burying rituals,co_occurrence,cremation and burying rituals occur together
R00724,2014,Sadhus,chilumis,co_occurrence,Sadhus using chilumis
R00724,2014,cremated bodies,dirty river,co_occurrence,cremation by the river
R01948,2018,open cremations,cremations,co_occurrence,Both refer to the cremation process observed
R01948,2018,costly entrance ticket,not being allowed to visit the temple,contrast,High cost contrasted with restricted access
R01948,2018,not being allowed to visit the temple,not Hindus,causal,Access restriction due to non-Hindu status
R01071,2016,very old temple,Bagmati River,description,temple is located on the bank of Bagmati River
R00684,2014,cremation center,darshan,contrast,"cremation center evokes mortality, darshan is comfortable"
R00684,2014,aarti,local people,description,aarti performed by local people
R00684,2014,aarti,rejuvenating,causal,aarti causes rejuvenating feeling
R01602,2017,crematory site,cremation ceremony,description,crematory site is where the cremation ceremony happens
R01602,2017,guide,cremation ceremony,description,guide explained the cremation ceremony
R01602,2017,caves,holy men,description,holy men live in caves
R01318,2016,holy place,views,co_occurrence,views are part of the holy place experience
R01318,2016,views,monkeys,contrast,positive views contrasted with uncertainty about monkeys
R02216,2019,Hindu God Shiva,shivlinga,description,Shivlinga represents Shiva
R02216,2019,shivlinga,Hindu devotees,co_occurrence,Devotees worship the shivlinga
R02216,2019,Hindu devotees,worshipped,causal,Devotees perform the ritual of worship
R01885,2018,Bagmati River,funeral ghats,co_occurrence,Bagmati River is the location of the funeral ghats
R01885,2018,funeral ghats,religious significance,description,funeral ghats have religious significance
R01885,2018,non-Hindu visitors,Bagmati River,causal,non-Hindu visitors are restricted to the eastern bank of the river
R00665,2014,holy Baghmati River,Funeral Ghats,co_occurrence,both are sacred spaces in the temple complex
R00665,2014,cremation pyre,Funeral Ghats,description,cremation pyres are located at the Funeral Ghats
R00665,2014,sadhus,holy Baghmati River,co_occurrence,sadhus come to worship at the holy river
R00665,2014,unreal,unforgettable travel experience,causal,unreal feeling contributes to unforgettable experience
R01403,2017,expensive entry fee,security people,causal,high fee but restricted access
R01403,2017,beggars,people harrasing,co_occurrence,both contribute to negative experience
R00417,2013,beautiful temple,full of tourist,contrast,beauty contrasted with crowd
R00417,2013,beautiful temple,well maintained,description,temple is well maintained
R01193,2016,Kirateshwor Mahadev Temple,realization of reality of life,causal,visiting leads to realization
R01193,2016,Cosmic Temple,realization of reality of life,causal,visiting leads to realization
R01193,2016,Guheshwori Temple,realization of reality of life,causal,visiting leads to realization
R01204,2016,criminals,guarding angels,contrast,criminals contrasted with guarding angels
R01204,2016,atmosphere,spiritual places,description,atmosphere described as part of spiritual places
R02211,2019,Hindu cremation,moving,causal,The cremation was moving for the reviewer
R02211,2019,priests,Hindu cremation,co_occurrence,Priests are part of the cremation ritual
R02211,2019,monkeys,pyres,co_occurrence,Monkeys were present near the pyres
R01330,2016,funeral,Bagmati River,co_occurrence,funeral took place across the river
R01330,2016,ashes,Bagmati River,co_occurrence,ashes were swept into the river
R01330,2016,kids in the river,Bagmati River,co_occurrence,kids were in the river
R00452,2013,darshan,main deity,description,darshan involves viewing the main deity
R00452,2013,monkeys,Hindu Temple,contrast,monkeys are a problem in the temple area
R00360,2013,guide,crematoria ghats,co_occurrence,guide helps understand crematoria ghats
R00360,2013,Tikka,Sadhus,co_occurrence,pay for Tikka or photo with Sadhus
R01860,2018,holy river,live cremation,co_occurrence,cremation performed at the holy river
R01860,2018,live cremation,overwhelming,causal,cremation caused overwhelming feeling
R00959,2015,lord shivas place,national glory,description,lord shivas place symbolizes national glory
R00959,2015,hindu funeral,lord shivas place,co_occurrence,hindu funeral occurs at lord shivas place
R00732,2014,busy and crowded temple,cows and pigeons,co_occurrence,Both are mentioned as part of the temple environment
R01660,2017,jyotirlings of Lord Shiva,priests,description,jyotirlings are sacred objects related to priests
R01660,2017,priests,minders,co_occurrence,priests and minders mentioned together
R01660,2017,not clean,priests,contrast,cleanliness issue contrasts with sacredness
R00292,2013,different cultures,holy men,co_occurrence,Both mentioned in the context of the visit
R00414,2013,guide,pressure from the guide,contrast,guide is both helpful and pressuring
R00414,2013,cremations,overwhelming,causal,cremations caused overwhelming feeling
R00414,2013,Lonely Planet guys,pressure from the guide,co_occurrence,both involve pressure for money
R00169,2012,single rock,single tree house,co_occurrence,both are mentioned as notable features
R00118,2012,Bagmati river,shrines,co_occurrence,Shrines are located around the river
R00118,2012,pilgrims,Hindu,description,Pilgrims are often Hindus
R01853,2018,Hindu temples,Sadhu and fakirs,co_occurrence,Sadhu and fakirs are present at the Hindu temples
R01853,2018,rituals by family members,cremate the body,description,Rituals involve preparing to cremate the body
R01853,2018,rituals by family members,small river,co_occurrence,Rituals observed across the small river
R00097,2012,oldest temple,big history,description,temple has a historical background
R00097,2012,non-Hindu entry ban,pictures,contrast,non-Hindus can take pictures but not enter
R02405,2021,burn the bodies,Tiktok Videos,contrast,contrast between sacred ritual and modern activity
R02405,2021,great atmosphere,Hindu culture,description,atmosphere described as part of Hindu culture
R02235,2019,art and sculptures,holy,description,art and sculptures described as holy
R02235,2019,art and sculptures,stunning looks,description,art and sculptures described as stunning
R02311,2019,different culture,different ways of celebration,description,culture described through celebration
R00016,2025,rituals by the river,river,co_occurrence,Rituals occur by the river
R00016,2025,deep faith and emotion,life and death,co_occurrence,Deep faith and emotion felt in context of life and death
R00560,2014,10$ for Nepal,non-Hindu entry ban,contrast,high entry fee despite access restriction
R00560,2014,guide,10$ for Nepal,causal,guide approached during ticket purchase
R00560,2014,dirty,monkeys,co_occurrence,dirt and animals mentioned together
R00022,2026,"sprawling, impressive ensemble",spiritual and architectural grandeur,description,ensemble conveys grandeur
R00022,2026,many stairs and terraces,"sprawling, impressive ensemble",description,part of the ensemble
R00022,2026,spiritual and architectural grandeur,important sanctuary,description,grandeur of the sanctuary
R02065,2018,approach road,inside the temple,contrast,approach road condition contrasts with temple interior
R02065,2018,inside the temple,not much rush,description,describes the crowd situation inside the temple
R02165,2019,real life cremation traditions,explanations provided by our guide,co_occurrence,Cremation traditions and guide explanations occurred together
R02165,2019,explanations provided by our guide,Mr Puru,description,Mr Puru is described as the guide providing explanations
R02165,2019,real life cremation traditions,great experience,causal,Cremation traditions contributed to the great experience
R02434,2023,2000 for two people,white tourist are banned,causal,payment was made but entry was denied due to ban
R02402,2021,inner shakti,peace,co_occurrence,inner shakti and peace felt together
R02402,2021,surrounding,inner shakti,causal,surrounding contributes to feeling of inner shakti
R00034,2011,Bagmati River,dreadful stench,co_occurrence,River associated with stench
R00034,2011,cremation ceremony,sense of mortality,causal,Cremation evokes sense of mortality
R00034,2011,"necklaces, bags, rings",gurus,co_occurrence,Items sold by religious actors
R00398,2013,mighty Nandi,imposing temple complex,co_occurrence,Nandi and temple complex mentioned together
R00398,2013,cows loitering,flocks of pigeons,co_occurrence,cows and pigeons mentioned together
R00398,2013,photography restriction,shoe stand,contrast,restriction contrasted with well-organised facility
R00927,2015,Bagmati River,Shiva lingam,co_occurrence,Both are mentioned in the context of the temple's location and features
R00927,2015,Hindu rituals,courtyard,co_occurrence,Rituals are performed at the courtyard
R00927,2015,beautiful architecture,courtyard,description,Architecture is described as beautiful
R00139,2012,Living Goddess,six year old,description,Living Goddess is a six year old
R00139,2012,six year old,creepy,contrast,creepy feeling about the six year old
R00139,2012,six year old,chance to be spoilt,causal,being a goddess gives a chance to be spoilt
R01277,2016,area for cremations,surrounding temples,contrast,interesting cremation area vs. poor condition of temples
R00928,2015,clever guys,sight seeing guidance,causal,clever guys offer guidance for money
R01525,2017,deity of God Shiva with four faces,temple complex,co_occurrence,deity is part of the temple complex
R01525,2017,small temples,temple complex,co_occurrence,small temples are part of the temple complex
R01513,2017,Hindu holy temple,died people burning,co_occurrence,Cremation ceremony occurs at the temple
R01513,2017,died people burning,reality of life,causal,Cremation ceremony evokes spiritual emotion
R00329,2013,open air cremation,funeral pyre,description,cremation occurs on funeral pyres
R00329,2013,Sadhu,cremation area,co_occurrence,Sadhus are present around the cremation area
R00329,2013,Bagmati River,putrid and foul,contrast,spiritual river is described as putrid and foul
R00329,2013,photography is welcome,off limits to women and non-Hindus,contrast,photography is allowed but some areas are restricted
R01449,2017,ticket for 1000 NPR,bridge across the river,description,ticket allows entry to bridge
R01449,2017,not being a Hindu,burning places,contrast,non-Hindus cannot enter main temple
R01449,2017,holy men,asking a lot of money,causal,holy men ask for money
R01449,2017,holy men,could be aggressive,co_occurrence,holy men can be aggressive
R00662,2014,aarti,sense of peace,causal,aarti induced a sense of peace
R00662,2014,aarti,2 hours,description,duration of the aarti
R02266,2019,Religious Cremations,steps at the side of the river,co_occurrence,Cremations occur on the steps by the river
R02266,2019,Non Hindu entry ban,important temple of Nepalese Hindus,contrast,Non-Hindus cannot enter the main temple
R00046,2011,guide,Hindu cremation rituals,description,Guide explained the rituals
R00046,2011,Hindu cremation rituals,families,co_occurrence,Families involved in rituals
R00151,2012,beautiful temple complex,ritual burnings at the river,co_occurrence,Both are part of the Pashupatinath experience
R00151,2012,constant crowd of people,cows and monkeys,co_occurrence,Both contribute to the crowded atmosphere
R00151,2012,spiritual rest,huge stupa,description,The stupa provides a sense of spiritual rest
R00151,2012,beautiful temple complex,huge stupa,contrast,Contrast between Hindu and Buddhist atmospheres
R00749,2015,river bank,cremation,co_occurrence,Cremation occurs at the river bank
R00749,2015,view,people,co_occurrence,People are part of the view
R02108,2018,tour guide Saroj,Corporate Adventure Treks,co_occurrence,Saroj is from Corporate Adventure Treks
R02108,2018,reflect on Hope,local Hindu people,description,Reflection inspired by observing local Hindu people
R00873,2015,heritage temple,Lord shiva,description,temple dedicated to Lord Shiva
R00873,2015,heritage temple,people from around the world,co_occurrence,visited by people from around the world
R00873,2015,heritage temple,Nepal Airport,description,proximity to Nepal Airport
R01404,2017,cremation ghats,Bagmati river,co_occurrence,cremation ghats are near the Bagmati river
R01404,2017,cremation ceremonies,cremation ghats,description,cremation ceremonies occur at the ghats
R01404,2017,pollution,Bagmati river,description,Bagmati river is polluted
R01993,2018,evening arti,river bank,co_occurrence,arti takes place on the river bank
R01993,2018,spiritual value,evening arti,description,arti contributes to spiritual value
R02097,2018,funerals/cremations,human skull,co_occurrence,human skull seen during cremations
R02097,2018,area of the temple,very spiritual/enlightening,description,area described as spiritual/enlightening
R02097,2018,foreigners or even foreign Hindus,funerals/cremations,contrast,cultural rule contrasted with open viewing of rituals
R01778,2018,local guide,significance,causal,guide helps in understanding significance
R01778,2018,local guide,rituals,causal,guide helps in understanding rituals
R02394,2020,Evening Ritual,Heaven for All Hindu,description,Evening ritual described as heavenly
R01835,2018,oldest temple,heart of the city,description,location description
R01835,2018,must see,famous temple,description,general sentiment about the temple
R01742,2017,large complex of buildings/Temples,devastation the earthquake caused in 2015,description,The complex shows the impact of the earthquake.
R01742,2017,holy man,large complex of buildings/Temples,co_occurrence,Holy man is part of the range of people at the site.
R01742,2017,accredited guide,large complex of buildings/Temples,causal,Guide is needed to navigate the complex.
R00836,2015,darshan,temple of shivji,description,darshan is a ritual performed at the temple
R00836,2015,not well maintained,temple of shivji,description,maintenance issue related to the temple
R01687,2017,south entry,$10usd entry,causal,entry from south required fee
R01687,2017,south entry,tenacious vendors,co_occurrence,vendors encountered upon entry
R01687,2017,cremations,north portal,contrast,north entry did not require fee
R02270,2019,guide,worth a visit,causal,guide enhances visit experience
R02270,2019,burn the bodies,river,co_occurrence,bodies burned near river
R02270,2019,children swimming,river,co_occurrence,children swimming in river
R00235,2013,funeral pyres,cremation ceremonies,co_occurrence,funeral pyres and cremation ceremonies occur together
R00235,2013,river,poverty,co_occurrence,river and poverty mentioned together
R00235,2013,poverty,beggars,co_occurrence,poverty and beggars mentioned together
R00235,2013,thought-provoking,unforgettable,co_occurrence,thought-provoking and unforgettable emotions occur together
R01350,2016,cremation ceremonies,hindu temple,contrast,"cremation ceremonies are accessible, temple is not"
R01350,2016,Fake Sadhus,self appointed guides,co_occurrence,both contribute to non-solemn experience
R00092,2012,cremation services,interesting cultural visits,contrast,cremation services are interesting but not liked by most
R00092,2012,cremation services,fantastic,description,cremation services described as fantastic
R02210,2019,too many people,weekend,causal,crowd due to weekend
R02210,2019,too many people,prayer,co_occurrence,crowd and prayer happening together
R00626,2014,corrugated iron,buildings,description,corrugated iron around buildings
R00626,2014,cremation site,smoke,causal,cremation site creates smoke
R00626,2014,river,cremation site,contrast,river rubbish contrasts with cremation site
R01280,2016,shiv linga,goddess statue,co_occurrence,Both are religious artifacts present in the temple
R01280,2016,evening aarati,awesome,causal,The evening aarati caused the feeling of awe
R01303,2016,guide,religious significance,causal,guide helps explain religious significance
R01303,2016,litter,pushy people selling trinkets,co_occurrence,litter and pushy sellers both problems
R00824,2015,ticket office,tour,causal,ticket office insisted on tour
R00824,2015,Ghats,intrusive tourists,co_occurrence,tourists are intrusive at the Ghats
R00824,2015,intrusive tourists,burn loved ones,contrast,intrusive tourists during solemn ritual
R01299,2016,Geriatric Home,earthquake,causal,Geriatric Home suffered damage due to earthquake
R01299,2016,earthquake,old people,causal,earthquake creates problem for old people
R00055,2011,burning bodies,Bagmati river,co_occurrence,burning bodies occur on the river banks
R00055,2011,trash,Bagmati river,co_occurrence,trash is dumped in the river
R00055,2011,Hindu mythological character,main temple,co_occurrence,characters found in the temple complex
R00055,2011,cross-culture shock,burning bodies,causal,shock caused by witnessing burning bodies
R01578,2017,priests or baba,blessed,causal,priests bless people
R01578,2017,religious place,believes in god,description,place for believers
R00859,2015,Shiva temple,moorthy,description,Shiva temple has a moorthy
R00859,2015,moorthy,multiple faces,description,moorthy has multiple faces
R00859,2015,four doors,Darshan,causal,four doors allow Darshan
R00839,2015,crematorium,shocking,description,crematorium described as shocking yet culturally important
R01085,2016,disposal site for human bodies,interesting and educational,contrast,disposal site is both challenging and educational
R01085,2016,Nepalis,disposal site for human bodies,description,Nepalis' method of body disposal
R00070,2012,holiest Hindu shrines,marvel,description,describes the temple as a marvel
R00070,2012,long queue,darshan of Lord Pashupatinath,causal,queue affects the darshan experience
R00070,2012,open air crematorium,slippery in some places,contrast,contrast between curiosity and safety issue
R02062,2018,main temple,foreigners are not allowed,cultural_rule,Access restriction for foreigners
R02062,2018,take off your shoes,foreigners are not allowed,contrast,Contradictory cultural rule about shoes
R02062,2018,burning bodies of the deceased,"dirty river, bank, stairs",co_occurrence,Ritual observed in a dirty environment
R02062,2018,aggressive monkeys,cow poop,co_occurrence,Both contribute to negative experience
R02478,2024,cremation ceremonies,water,co_occurrence,cremation ceremonies occur by the water
R02478,2024,cremation ceremonies,local board of tourism friend,description,friend explained the cremation process
R02478,2024,cremation ceremonies,different experience,causal,cremation ceremonies led to a different experience
R01042,2016,guide's accent,dead body incinerated,contrast,contrast between guide's accent and ritual experience
R01042,2016,terrace overlooking the river,dead body incinerated,co_occurrence,viewing ritual from terrace
R01042,2016,foreign tourist entry fee,non-Hindus entry restriction,co_occurrence,entry rules for foreigners and non-Hindus
R00827,2015,open cremation,river,co_occurrence,cremation occurs by the river
R00827,2015,sadhu,open cremation,co_occurrence,sadhus present near cremation site
R02359,2020,crematorium,Bagmati River,co_occurrence,crematorium located on the banks of the river
R02359,2020,concrete platforms,Bagmati River,description,platforms for cremation along the river
R02359,2020,mourners,marigolds,co_occurrence,mourners and vendors selling marigolds present together
R02359,2020,Sadhus,mourners,co_occurrence,Sadhus present among mourners
R00382,2013,cremation ceremony,body preparation,description,part of the cremation process
R00382,2013,body preparation,Bagmati River,co_occurrence,part of the ritual involves the river
R00382,2013,"cows, dogs, and monkeys","stinky, dirty place",description,animals contribute to the dirty environment
R00595,2014,monkeys,begging holey men,co_occurrence,Both are annoyances
R00595,2014,cremation ceremonies,sense of intrusion,causal,Cremation ceremonies felt intrusive
R02084,2018,aarti,sanctorum,co_occurrence,aarti takes place in the sanctorum
R02084,2018,sanctorum,oil lights,description,sanctorum is lit by oil lights
R02084,2018,darshan,aarti,co_occurrence,darshan and aarti occur together
R01201,2016,Sumit,passionate about this place,description,Sumit's passion for the place
R01201,2016,Sumit,authentic cafe,causal,Sumit took the reviewer to an authentic cafe
R01201,2016,Sumit,Buddhanath,causal,Sumit drove the reviewer to Buddhanath
R01777,2018,special puja,Hindu priest,co_occurrence,priests perform the puja
R01777,2018,Hindu priest,fire lamps,co_occurrence,priests use fire lamps
R01777,2018,electric oven,sense of mortality,contrast,modern facility contrasts with spiritual reflection
R01777,2018,big ground with trees and temples,place to meditate,description,scenic spot described as a place for meditation
R01777,2018,non-Hindu entry ban,special puja,contrast,entry restriction contrasts with ritual openness
R02401,2021,inner part,good english speaking jong man,contrast,entry restricted despite assistance
R02401,2021,babas,good english speaking jong man,contrast,babas seen as beggars despite assistance
R02401,2021,beautiful view,cremations,co_occurrence,view includes cremations
R02401,2021,beautiful view,peace,causal,view and meditation lead to peace
R00808,2015,vicinity,cleanliness,co_occurrence,vicinity and cleanliness mentioned together
R00808,2015,pathways,crowd management systems,co_occurrence,pathways and crowd management mentioned together
R02182,2019,Bagmati River,UNESCO World Heritage Sites,co_occurrence,temple is located on the banks of the river and is a heritage site
R02182,2019,temple authorities,devotees,causal,authorities manage the crowd of devotees
R01688,2017,old complex,cannot access the temple,contrast,old complex but restricted access
R01688,2017,guides,take photos outside,co_occurrence,guides and photo opportunities mentioned together
R02233,2019,bodies being cremated,river,co_occurrence,Cremation occurs on the river
R02233,2019,guide,confusion with your guide,contrast,Guide is beneficial but can cause confusion
R00119,2012,dead person being burned,everyday life,description,cremation ceremony is part of everyday life
R00119,2012,walk around the place,hindu and buddhist culture,co_occurrence,walking around involves learning about culture
R00880,2015,river beside the temple,cremation ghats,co_occurrence,river and ghats are mentioned together
R00880,2015,amusing and disturbing,open mind,contrast,dual emotions contrasted with open-mindedness
R00056,2011,washing and burning corpses,river,co_occurrence,corpses are washed and burned in the river
R00056,2011,relatives wash their feet,river,co_occurrence,relatives wash their feet in the river
R00056,2011,old park on hill,monkeys,description,park has lots of monkeys
R00056,2011,Boudnath,cleaner/well-organized,contrast,Boudnath is cleaner and well-organized compared to the temple
R00992,2015,Bagmati river,cremations,co_occurrence,Cremations take place on the banks of the Bagmati river
R00992,2015,sadhus,sense of spirituality,causal,Presence of sadhus adds to the sense of spirituality
R00992,2015,architecture of the main temple,blissful and tranquil experience,causal,Architecture contributes to the blissful experience
R00992,2015,non-Hindu entry ban,blissful and tranquil experience,contrast,Non-Hindu entry ban contrasts with the blissful experience
R00165,2012,non-hindus are not allowed,main temple area,description,Access restriction to main temple area
R00165,2012,fascinating place,truly Nepalese experience,co_occurrence,Both describe the overall experience
R00019,2025,Hindu rite of cremation,religious life of the Nepalese people,description,cremation is a significant moment in religious life
R00019,2025,young people taking selfies,sacredness of the place,causal,selfies and videos reduce sacredness
R00039,2011,local customs,Guide,causal,Guide helps understand local customs
R00039,2011,introduction,local customs,description,introduction to local customs
R01004,2016,Bagmati River,open crematory,co_occurrence,Both are mentioned as part of the temple's setting
R00584,2014,guides,crematoria ghats,description,guides talk through the crematoria ghats
R00584,2014,guides,fascinating,contrast,guides demanding money vs. fascinating area
R00159,2012,evening aarti,Bagmati river,co_occurrence,evening aarti takes place beside the Bagmati river
R02206,2019,beautiful statue,golden roof,co_occurrence,Both are described as magical
R02206,2019,energy of Shiva,magical,causal,Energy of Shiva contributes to magical feeling
R01418,2017,world heritage site,fascinating place,description,world heritage site described as fascinating
R01418,2017,guide,world heritage site,causal,guide necessary to understand the site
R01575,2017,Bagmati River,crematoria,co_occurrence,Both are located near each other
R01575,2017,hospice care,crematoria,co_occurrence,Both are significant parts of the site
R01575,2017,guide,Pradip Lama,description,Pradip Lama is described as a guide
R01098,2016,religious pilgrimage,learning ancient culture,co_occurrence,Both are part of the mixture described
R01098,2016,learning ancient culture,positive psychology,causal,Learning culture contributes to positive psychology
R01098,2016,positive psychology,future endeavour,causal,Positive psychology aids future endeavour
R01551,2017,ghat,cremation ceremony,co_occurrence,ghat is where cremation ceremony occurs
R01551,2017,temple complex,lingas,description,temple complex contains lingas
R01551,2017,stone walking paths,general cleanliness,contrast,dirty paths contrast with need for cleanliness
R01099,2016,guide,bodies are burned,description,guide explained the ritual
R01099,2016,bodies are burned,disposed into the river,causal,bodies are burned and then disposed into the river
R00343,2013,Bagmati,open cremation,co_occurrence,cremation happens near the river
R00343,2013,Shiva lingam,Mirror window,co_occurrence,both are interesting features
R00343,2013,Sadhus,high fee for the foreigners,causal,payment required for photos with Sadhus
R00283,2013,drum beats,attic of the entrance,co_occurrence,drum beats are heard from the attic
R01190,2016,Rudraksha,Shiva Linga,description,Rudraksha offerings related to Shiva Linga
R01190,2016,River Bagmati,Shiva Linga,co_occurrence,River Bagmati near Shiva Linga
R01190,2016,Abhisekham,Shiva Linga,description,Abhisekham performed on Shiva Linga
R02337,2019,monks,death,description,monks' pictures relate to dealing with death
R02337,2019,guide,unwritten rules,causal,guide helps avoid violating unwritten rules
R02337,2019,suffering under the loss,unique experience,contrast,suffering contrasts with unique experience
R01982,2018,funeral rights,pyres,co_occurrence,funeral rights involve pyres
R01982,2018,funeral rights,families,co_occurrence,families participate in funeral rights
R01982,2018,funeral rights,prayers,co_occurrence,prayers are part of funeral rights
R01588,2017,Bagmati,ancient temple,co_occurrence,Temple located on the banks of Bagmati
R01588,2017,ancient temple,Nepali style architecture,description,Temple has Nepali style architecture
R01588,2017,ancient temple,small shrines,description,Temple campus includes many small shrines
R01588,2017,ancient temple,uplifts your spirits,causal,Temple visit uplifts spirits
R00891,2015,bodies burning by the riverside,kids swimming and diving,contrast,contrast between sacred ritual and problematic behavior
R00891,2015,sadhu,religious paraphernalia,co_occurrence,both are part of the cultural experience
R01255,2016,Panchamrit Abhishek Pooja,architecture of the temple,co_occurrence,Both mentioned as part of the temple experience
R01255,2016,Bagmati River,Bhairav temple,description,Bagmati River flows behind the temple
R01255,2016,pandits,Panchamrit Abhishek Pooja,causal,Pandits perform the pooja
R01255,2016,architecture of the temple,sense of peace,causal,Beautiful architecture contributes to the sense of peace
R02316,2019,cremation ceremony,body being prepared,description,body being prepared is part of the cremation ceremony
R02316,2019,intimate rite,cremation ceremony,description,intimate rite describes the cremation ceremony
R00704,2014,cremations,banks of the river,co_occurrence,Cremations occur along the banks of the river
R00704,2014,holy men,photography,causal,Photography allowed for holy men for a fee
R00704,2014,Varanasi,sense of mortality,causal,Varanasi comparison evokes sense of mortality
R01095,2016,main temple,charge to visit,contrast,access restriction with entry fee
R01095,2016,guide,bargain on the price,causal,guides require bargaining
R00890,2015,Dharamshala,govt. subsidized,description,Dharamshala is govt. subsidized
R00890,2015,Dharamshala,walking distance,description,Dharamshala is walking distance from main temple
R01810,2018,art and architecture,ritual of life,co_occurrence,art and architecture experienced with ritual
R01810,2018,ritual of life,lovely music,co_occurrence,ritual accompanied by music
R01810,2018,lovely music,awareness,causal,music contributes to awareness
R00495,2014,Bouda Stupa,Hindu,co_occurrence,Both locations mentioned as part of a visit
R00495,2014,Hindu,Buddha,co_occurrence,Both religions mentioned together
R02355,2020,stray dogs,filthy,co_occurrence,Stray dogs contribute to the filthy environment
R02226,2019,Hindus,prayers to Lord Shiva,causal,Hindus perform the ritual of offering prayers
R02322,2019,900 years old temple,clean,description,The temple is described as well maintained and clean
R00701,2014,management,one day prior booking,contrast,management is excellent but booking is difficult
R00701,2014,abhishek,one day prior booking,causal,prior booking required for abhishek
R00386,2013,richly-ornamented pagoda,sacred lingam,description,pagoda houses the sacred lingam
R00386,2013,sacred lingam,Lord Shiva,description,lingam is a symbol of Lord Shiva
R00327,2013,cremate the body on the river bank,open cremation,co_occurrence,Both refer to cremation practices
R00327,2013,not keeped the place clean,$7 per person entrance fee,contrast,Complaints about cleanliness despite entrance fee
R00941,2015,cremation part,preparation of the bodies,description,cremation part includes preparation of the bodies
R00941,2015,spiritual place,cremation part,description,spiritual place refers to cremation part
R00941,2015,local guide,preparation of the bodies,causal,local guide explains the ritual
R00981,2015,partial damage,Hindu Temple,description,Damage described in relation to the temple
R00988,2015,bank of a low dirty river,human bodies go up in flames,co_occurrence,ritual occurs at the river bank
R00988,2015,human bodies go up in flames,strangely meditative and calming,contrast,ritual is both morbid and calming
R00988,2015,1000 rupee entry fee,monkeys,contrast,"entry fee is steep, monkeys are a problem"
R02069,2018,Dashera festival,amazed,co_occurrence,Festival and emotion experienced together
R02069,2018,amazed,Hindu pride,co_occurrence,Amazement and pride felt together
R01091,2016,earthquakes,temples,causal,earthquakes caused damage to temples
R01091,2016,Monkey Temples,monkeys,co_occurrence,monkeys are part of the Monkey Temples experience
R01129,2016,biggest crematorium,temple devoted to Hindu deity Shiva,co_occurrence,Both are key features of the temple
R01129,2016,beautiful sunset,fire dance ceremony,co_occurrence,Both occur during the evening visit
R02010,2018,Lord Shiva's temple,Beautiful temple,co_occurrence,Both refer to the temple
R02010,2018,blessed,prayers,causal,Feeling blessed due to making prayers
R00779,2015,holy Pashupati nath,world heritage site,description,Pashupati nath described as a world heritage site
R02348,2019,ongoing cremations,uncomfortable,causal,cremations caused discomfort
R02348,2019,guide,room to see how they handle the bodies,description,guide was leading to the room
R00212,2012,sadhus,public cremations,co_occurrence,sadhus and cremations occur together
R00212,2012,sadhu,penis yoga,causal,sadhu performs penis yoga
R00212,2012,younger men,tour guide,description,younger men want to be guides
R00212,2012,Pilgrims Bookstore,tour guide,contrast,bookstore as alternative to guides
R02150,2019,public cremation ceremony,locals,co_occurrence,locals perform the cremation ceremony
R02150,2019,public cremation ceremony,"sights, smell and activity",description,"ceremony involves sights, smell and activity"
R02150,2019,"sights, smell and activity",opens your eyes to the rest of the world,causal,"sights, smell and activity lead to eye-opening experience"
R01748,2017,aarti activity,Hindu devotees,co_occurrence,aarti activity with Hindu devotees
R01748,2017,aarti activity,cultural dance,co_occurrence,aarti activity with cultural dance
R00103,2012,cremations,immense corruption,co_occurrence,cremations and corruption occur in the same place
R00103,2012,guides,immense corruption,causal,guides contribute to the sense of corruption
R00103,2012,Saddhu's,guides,contrast,Saddhu's and guides both demand money but in different contexts
R01554,2017,amazing aura,carvings,co_occurrence,Both contribute to the spiritual atmosphere
R01554,2017,pandit's approaching you for puja,State Bank of Nepal,contrast,Contrast between unofficial and official puja options
R01554,2017,official puja,darshan of Bole Baba,causal,Official puja allows for longer darshan
R00004,2025,Aarati,hindu culture and tradition,co_occurrence,Aarati ritual and fascination with culture are mentioned together
R00004,2025,over crowded,bit dirty,co_occurrence,Crowding and dirtiness are mentioned together as problems
R00190,2012,peak season,peaceful,contrast,peaceful despite peak season
R00190,2012,souvenir sellers,leave you alone,causal,peaceful after sellers leave
R01713,2017,"1,000 rupee entrance fee",people asking for money,contrast,entrance fee contrasted with people asking for money
R01713,2017,burial ritual,temples,co_occurrence,burial ritual and temples mentioned together
R01713,2017,holy people posing for a picture,guide,contrast,holy people posing contrasted with need for guide
R02336,2019,cremation process,aari lights,contrast,"cremation process was a cultural experience, but aari lights were not interesting"
R02039,2018,decorative entrance doors,non-Hindu entry ban,contrast,Non-Hindus can see the doors but not enter
R02039,2018,guides,entrance fee,causal,Entrance fee questioned due to guide pressure
R02039,2018,burning ghats,sense of mortality,causal,Viewing the ghats prompts reflection on mortality
R00492,2014,monument,burning of dead people,co_occurrence,Both are part of the temple experience
R00492,2014,burning of dead people,search for money into the ashes,contrast,Ritual contrasted with problematic behavior
R01698,2017,1000 RS entry fee,non-Hindu entry ban,contrast,entry fee charged despite restricted access
R01698,2017,Sadhus,commerce,co_occurrence,Sadhus' behavior linked to commercial aspect
R01698,2017,cremations,special atmosphere,contrast,cremations contribute to special atmosphere despite commerce
R01425,2017,burning ghats,grief,contrast,beauty and grief coexist at the ghats
R01425,2017,Saddhus,cremation ceremony,co_occurrence,Saddhus witness the cremation ceremony
R01425,2017,Lingams/Yonis,Bagmati River,description,Lingams/Yonis located on the banks of the Bagmati River
R02361,2020,cremations,Bagmati river,co_occurrence,Cremations occur on the bank of the Bagmati river
R02361,2020,public cremation,non-Hindu entry ban,contrast,Non-Hindus can view cremations from a distance
R01926,2018,management,helpful people,co_occurrence,management and helpful people mentioned together
R01926,2018,management,security,co_occurrence,management and security mentioned together
R00289,2013,cremations,moving,causal,cremations caused a moving experience
R00289,2013,major attractions,boudanath stupa,contrast,comparison of attractions
R02480,2024,Bagmati River,cremation rituals,co_occurrence,cremation rituals occur on the riverbank
R02480,2024,intricate architecture,pagoda-style design,co_occurrence,architecture and design are part of the temple's features
R02480,2024,cremation rituals,humbling and deeply meaningful,description,cremation rituals are described as humbling and meaningful
R02480,2024,fragrance of incense,chanting prayers,co_occurrence,incense and prayers create the sacred atmosphere
R02480,2024,chanting prayers,peace and devotion,causal,chanting prayers contribute to the feeling of peace and devotion
R02059,2018,Bagmati River,cremation area,co_occurrence,Bagmati River is near the cremation area
R02059,2018,cremation area,funeral pyres,description,funeral pyres are part of the cremation area
R02059,2018,entrance fee for tourists,non-Hindu entry ban,contrast,tourists pay fee while non-Hindus cannot enter
R00483,2014,tourist guide,cremation,description,guide explained the cremation
R00483,2014,hospital,sense of mortality,causal,hospital location relates to sense of mortality
R00483,2014,toilet facility,entrance fee,contrast,toilet facility quality contrasts with entrance fee
R00324,2013,devotees,sadhus,co_occurrence,devotees and sadhus present at entrance
R00324,2013,nandhi statue,four faced siva,description,nandhi statue near main deity
R00324,2013,365 lingams,cremation site,co_occurrence,lingams and cremation site mentioned together
R01377,2017,cremation of the dead,cleansing of the bodies,co_occurrence,Both rituals observed together
R01377,2017,non-Hindu entry ban,raw experience,contrast,Non-entry contrasted with raw experience
R02292,2019,old Temple,structures,co_occurrence,Temple and structures mentioned together
R01643,2017,aarti,whole experience,co_occurrence,aarti is part of the whole experience
R01643,2017,unique grandeur,whole experience,description,unique grandeur contributes to the whole experience
R00912,2015,main temple premises,non-Hindu entry ban,description,entry restriction for non-Hindus
R00912,2015,Aarati,religious feeling,causal,Aarati evokes religious feeling
R00128,2012,funeral rite,strange feeling,co_occurrence,funeral rite evoked a strange feeling
R00128,2012,funeral rite,calm and comforting,co_occurrence,funeral rite was calm and comforting
R00128,2012,Western tourists,tank tops and shorts,description,Western tourists wearing inappropriate clothing
R01471,2017,river,cremation,co_occurrence,river and cremation mentioned together
R01471,2017,cremation,holy place,description,cremation described as part of the holy place
R01692,2017,ceremony,children in the river,co_occurrence,ceremony observed alongside children in the river
R01692,2017,holy men,ceremony,co_occurrence,holy men present during the ceremony
R00986,2015,cremations on the banks of the river,grief of the families,co_occurrence,Cremations occur alongside family grief
R00986,2015,monkeys,monkey pooh,causal,Monkeys cause monkey pooh
R00986,2015,guides and local 'holy men',cremations on the banks of the river,description,Guides encourage spectating cremations
R01008,2016,gold plated roof,silver on the floor,co_occurrence,Both are features of the main temple
R01008,2016,bank of river Bagmati,cremation of deceased bodies,causal,Cremation takes place at the river bank
R01008,2016,cremation of deceased bodies,holy river Bagmati,description,Cremation is described as occurring at the holy river
R02243,2019,peaceful vibe,serene solitude,contrast,peaceful vibe despite being flooded with devotees
R02243,2019,serene solitude,panchmukhi shivling,causal,serene solitude fed by energy from panchmukhi shivling
R00143,2012,crowded,small line,contrast,Expected crowd but experienced small line
R00143,2012,sculptures,peace of mind,co_occurrence,Sculptures and peace experienced together
R00030,2011,only Hindu's are allowed,Non-Hindu Tourists can view it from outside only,contrast,"Hindus can enter, non-Hindus cannot"
R00725,2014,cremation,river,co_occurrence,cremation occurs near the river
R00725,2014,cremation,steps,co_occurrence,cremation can be viewed from the steps
R00236,2013,cremation ceremony,Bagmati River,co_occurrence,ceremony viewed from across the river
R00236,2013,filthy river,Bagmati River,description,river described as filthy
R00236,2013,guide,cremation ceremony,description,guide describing the ceremony
R00236,2013,tourist attraction,cremation ceremony,contrast,ceremony as a tourist attraction
R00236,2013,monkeys,cremation ceremony,contrast,monkeys distract from ceremony
R00236,2013,insight into another culture,cremation ceremony,causal,ceremony provides cultural insight
R00589,2014,crematoria,burning bodies,co_occurrence,Crematoria and burning bodies are part of the same experience
R00589,2014,crematoria,sense of mortality,causal,Crematoria evokes a sense of mortality
R00371,2013,Sadhus,bless you,causal,Sadhus bless you
R01817,2018,1000rupees,non hindus are not allowed,contrast,cost vs access restriction
R01817,2018,pamphlet,non hindus are not allowed,contrast,information vs access restriction
R01817,2018,cremations,non hindus are not allowed,co_occurrence,cremations near restricted area
R00620,2014,cremation ceremony,sense of mortality,co_occurrence,cremation ceremony evokes sense of mortality
R00620,2014,monkeys,Hindu Temple,contrast,aggressive monkeys contrast with sacred space
R00620,2014,Ghats,spiritual connection,causal,walking through Ghats leads to spiritual connection
R01872,2018,Aarathi ritual,public cremations,co_occurrence,Aarathi ritual and cremations happening simultaneously
R01872,2018,local guide,activity,description,guide described the activity
R01139,2016,priest from south India,divine touch and calmness,co_occurrence,Presence of priests contributes to spiritual atmosphere
R01139,2016,flowing river,ritual/ last rite,description,Rituals performed at the river
R01139,2016,ritual/ last rite,monkeys,contrast,Rituals contrasted with monkey problem
R02356,2020,holy place for Hindu,Lord Pashupatinath,description,Lord Pashupatinath is associated with the holy place
R02356,2020,temple is very clean,managed well,co_occurrence,cleanliness and management are mentioned together
R01176,2016,pigeons near temple,stores outside temple,causal,pigeons are fed with food from stores
R01176,2016,pooja aari,photography not allowed,contrast,ritual can be attended but photography is restricted
R01144,2016,Hindu devotees,other communities,contrast,Different access for Hindu devotees and others
R01309,2016,Shivaratri,Diwali,contrast,different festivals mentioned
R01309,2016,inner temple,non-Hindus,causal,access restriction due to cultural rule
R01309,2016,terrace on the wooded hill,inner temple,description,view of the complex from the terrace
R01892,2018,death rituals,people waiting with their relative's dead body,co_occurrence,death rituals involve people waiting with dead bodies
R01841,2018,rituals surrounding death,Bagmati River,co_occurrence,rituals occur along the Bagmati River
R01841,2018,dead bodies,women wailing,co_occurrence,dead bodies and women wailing occur together
R01841,2018,women wailing,strong smells,co_occurrence,women wailing and strong smells occur together
R01782,2018,cremation ceremony,ashes in the river,causal,cremation leads to ashes in the river
R01782,2018,chinese intrude,non-Hindu entry ban,contrast,intrusion contrasts with entry ban
R01782,2018,yogis or sadhus,asking for American money,contrast,sadhus asking for money contrasts with spiritual expectations
R00174,2012,jyotirlinga of Lord Shiva,sad state,contrast,sacred object in poor condition
R00174,2012,river baghmati,cremation ghat,co_occurrence,both are sacred spaces at the back
R00131,2012,Sadhu,colored faces,description,Sadhu have colored faces
R00131,2012,Sadhu,blessings,causal,Sadhu give blessings
R00131,2012,Sadhu,markets of Kathmandu in Thamel,co_occurrence,Sadhu seen in Thamel markets
R00767,2015,divine experience,great peace,co_occurrence,Both emotions felt during the visit
R01648,2017,public transport,taxi,contrast,"public transport is cheap, taxi is expensive"
R01893,2018,Hindu cremation process,ash is washed away to the river,causal,cremation process involves ash being washed away to the river
R01893,2018,entry fee,non-Hindu entry ban,contrast,entry fee applies to non-Hindus who cannot access the temple complex
R02003,2018,Shiv,darshan,co_occurrence,Shiv is part of the darshan
R02003,2018,main temple,Hindu style of construction,description,main temple reflects Hindu style of construction
R01380,2017,open cremation,culture shock,causal,cremation caused culture shock
R01380,2017,Sadhus,smoking marijuana,description,Sadhus were smoking marijuana
R01490,2017,entrance fee for foreigners,other stupas,contrast,high fee compared to free stupas
R01490,2017,entrance fee for foreigners,little fee (250R),contrast,high fee compared to little fee
R01879,2018,"1,000 rupees per foreigner",foreigners with a paid ticket,causal,entry fee allows queue avoidance
R01879,2018,funerals and cremations,sense of mortality,causal,funerals evoke sense of mortality
R01879,2018,viewing areas,stupas,co_occurrence,both are part of the exploration
R00547,2014,funeral fires,body draped in orange,co_occurrence,funeral fires and body together
R00547,2014,holy men,offerings,description,holy men with offerings
R01457,2017,shrine bank,satisfaction,causal,paying through shrine bank gave satisfaction
R02031,2018,giant brushabha brass statue,architecture,description,statue is part of the architecture
R02031,2018,photography not allowed,devotees,contrast,cultural rule affects tourists more than devotees
R00585,2014,richly-ornamented pagoda,sacred linga,description,pagoda houses the sacred linga
R00585,2014,Bagmati River,cremation,co_occurrence,cremation takes place at the bank of the river
R00585,2014,devotees,Bagmati River,co_occurrence,devotees take ritual dips in the river
R00168,2012,cremation,river,co_occurrence,cremation viewed from across the river
R00168,2012,tour guide,cremation,causal,guide facilitated witnessing the cremation
R00168,2012,devotees,cremation,contrast,"cremation is public, temple entry is restricted to devotees"
R01344,2016,earthquake damage,reconstruction,causal,damage led to reconstruction
R01344,2016,temple premises,filthy place,description,temple premises described as filthy
R01344,2016,guides,asking for money,causal,guides asking for money
R01637,2017,cremation ghat,rotten flowers,co_occurrence,cremation ghat is near the filthy area
R01637,2017,rotten flowers,stench,co_occurrence,rotten flowers contribute to the stench
R02228,2019,dead people burn,sad moments,co_occurrence,Cremation ceremony described as sad moments
R00255,2013,the River,filthy river,contrast,sacred space contrasted with pollution
R00255,2013,guide,fascination,causal,guide contributed to fascination
R00255,2013,filthy river,children trawling the river,co_occurrence,both issues related to the river
R00255,2013,chanting mourners,Crematoria,co_occurrence,rituals occur near cremation site
R00882,2015,monkeys,fake religious people,co_occurrence,both are issues to be aware of
R00882,2015,cremations,ash into the river,causal,ashes are dusted into the river after cremation
R00882,2015,fake religious people,traditional outfits,description,fake religious people wear traditional outfits
R01629,2017,Nepali women,special festival,co_occurrence,Nepali women celebrating a festival
R01629,2017,crowdy,happy,contrast,Crowdiness contrasted with happiness
R02051,2018,Temple complex,evening Aarti,co_occurrence,Aarti takes place at the temple complex
R02051,2018,SHIV temple,revered,description,The temple is described as revered
R01530,2017,New Year's Day,pilgrims,co_occurrence,New Year's Day is packed with pilgrims
R01530,2017,difficult to enter,pilgrims,causal,difficulty due to pilgrims
R00345,2013,carving,rive side,contrast,contrast between carving and access to river side
R00345,2013,rive side,crimination,co_occurrence,river side is location for crimination
R00345,2013,hindus only,rive side,description,access restriction to river side
R01966,2018,aarti,bodies prepared for cremation,co_occurrence,Both aarti and cremation mentioned as significant experiences
R01966,2018,monkeys,Non Hindus can't go in the main temple,contrast,"Monkeys are accessible, main temple is not for non-Hindus"
R01561,2017,Funerals,amazing culture,description,Funerals as a window to culture
R00871,2015,pagoda style hindu architecture,lingam with face deity,co_occurrence,both are features of the temple
R00871,2015,photography is prohibited,pagoda style hindu architecture,description,rule related to the main temple area
R00871,2015,sense of spiritual connection,lingam with face deity,causal,spiritual connection related to past healing experience
R00067,2012,Durbar square,Boudhanath temple,co_occurrence,Both are mentioned as part of a day's excursion
R00973,2015,main temple,Bagmati River,co_occurrence,main temple and Bagmati River are part of the same site
R00973,2015,Bagmati River,polluted,contrast,Bagmati River is sacred but polluted
R00973,2015,linga,non-Hindu entry ban,causal,linga worship restricted by non-Hindu entry ban
R00973,2015,ghats,cremations,co_occurrence,cremations occur on the ghats
R00973,2015,nursing home,sense of mortality,causal,nursing home practices relate to sense of mortality
R00052,2011,architecture,religious fervour,co_occurrence,architecture and religious fervour mentioned together
R00052,2011,religious fervour,aura of lord shiva,co_occurrence,religious fervour and aura of lord shiva mentioned together
R00138,2012,local pandits,gold and silver work,contrast,trouble with pandits contrasts with unique temple features
R00138,2012,gold and silver work,Hindu saints,co_occurrence,gold and silver work and Hindu saints both contribute to uniqueness
R00138,2012,Hindu saints,holy Bhagmati river,description,saints are present at the sacred river
R01068,2016,polluted river,cremation ceremony,co_occurrence,cremation by the polluted river
R01068,2016,non-Hindu entry ban,"Rs.1,000 fee",contrast,entry ban vs. high fee
R01068,2016,funeral,voyeuristic feeling,causal,funeral causes voyeuristic feeling
R01068,2016,tourist predators,red dot,description,tourist predators use red dot
R01524,2017,Hindu practices,cremation,co_occurrence,Cremation is part of Hindu practices
R01524,2017,temple,unique,description,The temple is described as unique
R01994,2018,dying rooms,burning ghats,causal,moved from dying rooms to burning ghats
R01994,2018,funeral pyre,burning ghats,description,funeral pyre lit at burning ghats
R01994,2018,quiet contemplation,Asian hustle and bustle,contrast,quiet contemplation contrasted with hustle and bustle
R02000,2018,cremation ghats,river,co_occurrence,cremation ghats located on the river banks
R02000,2018,Only Hindus allowed,cremation ghats,contrast,access restriction contrasts with open ghats
R00106,2012,1000rs entrance fee,trash,contrast,high entrance fee contrasted with poor maintenance
R00106,2012,views of what was once a river,trash,description,river view described as lined with garbage
R00106,2012,iron barred open space,exotic deer,description,open space described as filled with exotic deer
R01067,2016,guides,demand a lot of money,causal,guides demand money
R01067,2016,guides,uncomfortable,causal,guides make you uncomfortable
R01067,2016,temple men,demand a lot of money,co_occurrence,temple men charge for photos
R00505,2014,river,cremations,co_occurrence,river is used for cremations
R00505,2014,row of towers,dirty,contrast,row of towers is interesting but the place is dirty
R00227,2012,death Hindu rituals,funeral rites,co_occurrence,funeral rites are part of death Hindu rituals
R00227,2012,other side of the river,funeral rites,description,location for viewing funeral rites
R00227,2012,Ganges,death Hindu rituals,contrast,comparison to rituals on the Ganges
R00192,2012,Mr Kumoda,cremation,co_occurrence,Guide facilitated viewing of cremation
R00192,2012,Bagmati river,trash,description,Bagmati river described as filthy with trash
R00192,2012,shrine,cremation,contrast,Could not enter shrine but viewed cremation
R01537,2017,celebration,locals in celebratory mood,co_occurrence,celebration and locals in celebratory mood
R01537,2017,sacred river,open air cremations,co_occurrence,sacred river and open air cremations
R01537,2017,open air cremations,funeral pyre,description,cremations involve funeral pyre
R01537,2017,only Hindus are allowed,sacred river,contrast,access restriction to temple vs access to river
R01967,2018,Bagmati River,small temple and shrines,co_occurrence,temples and shrines located near the river
R01967,2018,small temple and shrines,monkeys,co_occurrence,monkeys are present around the temples
R01967,2018,aarti,peaceful place,causal,aarti contributes to the peaceful atmosphere
R02035,2018,cremation ceremonies,stupas,contrast,contrast between solemn rituals and pretty stupas
R02035,2018,sadhus,guide,co_occurrence,sadhus and guides both mentioned as part of the experience
R00063,2011,entry fees,500 NPR,description,entry fee amount
R00063,2011,500 NPR,affordable entry,contrast,"despite being the most expensive, it is affordable"
R01652,2017,Temples,surrounding,co_occurrence,Temples and surrounding are mentioned together
R01652,2017,holy temple,lots of things to do,description,holy temple described with lots of things to do
R02365,2020,beautiful old structure,non-Hindu entry ban,contrast,beauty contrasted with entry restriction
R02365,2020,complex,beauty inside,description,complex described as having beauty
R01333,2016,baba,Hindu culture,co_occurrence,Baba are part of Hindu culture
R01333,2016,monkeys,Hindu culture,co_occurrence,Monkeys are part of the temple environment
R01631,2017,lord shiv temple,creation of god,description,temple shows creation of god
R01631,2017,evening grand prayers,lord shiv temple,co_occurrence,prayers occur at the temple
R01631,2017,weekends crowd,evening grand prayers,contrast,crowd affects experience of prayers
R00110,2012,cremations,incredible experience,causal,cremations caused an incredible experience
R02183,2019,very holy,well maintained,co_occurrence,Both aspects are mentioned together as positive attributes
R02164,2019,entry ticket of 1000 rupees,main temple,contrast,expensive ticket vs. restricted access
R02164,2019,Bagmati river,magic view,causal,crossing the river provides a view
R01073,2016,baby funerals,fascinating,description,fascination with funerals
R01073,2016,burning body,main relative,co_occurrence,main relative near burning body
R00518,2014,huge crowds,managed well,contrast,crowds are large but management is good
R00518,2014,darshan,four doors,description,darshan is taken from four doors
R01873,2018,funeral,side of life,description,funeral provides insight into life
R01531,2017,Shiva temple,crowded,contrast,Good temple but crowded
R01531,2017,poojas,dharshan,co_occurrence,Poojas and dharshan are part of the visit
R01531,2017,Shivalingam,Shiva temple,description,Shivalingam is a feature of the temple
R01945,2018,Arti,delight,causal,Arti causes delight
R01945,2018,crowd,bhajans,co_occurrence,Crowd engaged in bhajans
R01082,2016,crematoria,funeral ceremonies,co_occurrence,crematoria and funeral ceremonies observed together
R01082,2016,entrance fee,non-Hindus cannot enter,contrast,entrance fee and non-Hindu entry ban both mentioned as access issues
R02063,2018,holy place,all beings,description,describes the inclusivity of the place
R02063,2018,holy place,not only for Hindu,contrast,contrasts common belief about Hindu exclusivity
R01391,2017,Non Hindus can't access some of the areas,other side of the river,contrast,Non-Hindus can't access some areas but can see from the river
R01391,2017,spiritual place,celebration,co_occurrence,Spiritual place also a place of celebration
R01391,2017,Holy Men,cremations,description,Holy Men present during cremations
R00657,2014,ancient culture,many things built,co_occurrence,ancient culture and structures coexist
R00657,2014,monkeys,ancient culture,contrast,monkeys contrast with cultural appreciation
R01137,2016,burning ghats,non-Hindu entry ban,contrast,non-Hindus can't enter but can see ghats
R01137,2016,holymen,photo objects,causal,holymen expect payment for photos
R00183,2012,temple off limits,small portion of the actual temple,causal,cultural rule limits access to scenic spot
R00183,2012,monkeys,threaten me,description,monkeys described as threatening
R02282,2019,main Shiva Temple,only Hindus are allowed,description,Access restriction to main Shiva Temple
R02282,2019,guides,Hindu Cremetorium,co_occurrence,Guides approach tourists near the crematorium
R01146,2016,great temple,seek blessings of Lord Shiva,description,temple as a place for seeking blessings
R01146,2016,Non Hindus are not allowed,seek blessings of Lord Shiva,contrast,access restriction for non-Hindus vs. ritual for Hindus
R01499,2017,after life,blessing from Lord Shiva,causal,after life connection with blessings
R01499,2017,transform your life physically and spiritually,Pashupati nath bless you all,co_occurrence,spiritual transformation and blessing
R00309,2013,temple inside,interesting experience,contrast,could not see inside but found it interesting
R01686,2017,insight,Hindu sights,description,insight into Hindu sights
R01103,2016,biggest temple,holy temple,description,biggest temple is also a holy temple
R01103,2016,Hindu community,holy temple,description,holy temple is significant to the Hindu community
R02191,2019,fee 1000 rp,local guide,causal,fee paid for guide
R02191,2019,ceremony for dead people,holy man,co_occurrence,both observed during visit
R00203,2012,ashes,dirty sorry excuse of a river,causal,ashes going into the river
R00203,2012,monkeys,fake holy men,co_occurrence,both are problems encountered
R01664,2017,rituals,cremation,co_occurrence,rituals include cremation
R01664,2017,crazy lady,god awful coloured river,contrast,crazy lady incident contrasts with river pollution
R01664,2017,offering to the gods,god awful coloured river,co_occurrence,offering and river dip happen together
R01664,2017,guide,entry fee for foreigners,causal,guide cost adds to entry fee
R01969,2018,pooja,pandits,description,pooja conducted by pandits
R01969,2018,Aarti,devotees,co_occurrence,devotees allowed during Aarti
R01969,2018,mantra jal and flowers,poojari,causal,poojari gives mantra jal and flowers
R01184,2016,inner sanctum,non-Hindu entry ban,description,inner sanctum access restricted to Hindus
R00259,2013,heavy rush,plan accordingly,causal,heavy rush requires planning
R02006,2018,main shrine,office hours,contrast,shrine closed when office open
R02006,2018,price list for pooja,staff,description,staff not interested in selling pooja
R02006,2018,no ATM or electronic transfer facility,office hours,co_occurrence,payment issues and confusing hours
R02006,2018,aarathi at the river,main shrine,contrast,aarathi available when shrine closed
R00219,2012,temple authorities,biased towards foreigners,causal,temple authorities were biased
R00219,2012,biased towards foreigners,non Hindus entering inside the temple,description,bias related to entry rules
R00690,2014,cremation,family of the deceased,co_occurrence,Family present during cremation
R00690,2014,cremation,tourist,contrast,Tourists taking photos during cremation
R00690,2014,family of the deceased,crying,causal,Crying due to cremation
R01134,2016,un beautiful temple,Nepal culture,description,temple reflects Nepal culture
R01134,2016,en guides,crowded,contrast,"guides are avoidable, crowd is a problem"
R01656,2017,Hindu death rituals,grief and the whole business of death,contrast,contrast between public rituals and private grief
R01656,2017,Tihar,dogs lounging on the stairs,co_occurrence,dogs worshipped during Tihar
R01656,2017,cremated on the banks of the Bagmati,sense of mortality,causal,cremation evokes sense of mortality
R00531,2014,ticket box,places that cannot take pictures,description,ticket box area has photo restrictions
R00531,2014,guide,2000 rupees just to 'guide',causal,guide demanded extra payment
R02189,2019,non-Hindu entry ban,circle outside,causal,Non-Hindu entry ban causes people to circle outside
R01766,2017,Ganga Arati,Bagmati River Bank,co_occurrence,Ganga Arati takes place at Bagmati River Bank
R01766,2017,evening view,spiritual environment,causal,Evening view contributes to spiritual environment
R01300,2016,cremation philosophy,cremation ritual,co_occurrence,philosophy and ritual mentioned together
R01300,2016,entrance fee,social assistance,causal,fee supports social assistance
R00293,2013,calmness,sense of spirituality,co_occurrence,calmness and spirituality experienced together
R00293,2013,sense of spirituality,religious divine,co_occurrence,spirituality and divine experienced together
R00293,2013,religious divine,new facet of Hinduism,causal,divine experience leads to engagement with Hinduism
R02479,2024,ticket office,scamming tourists,causal,ticket office involved in scamming
R02479,2024,entrance closest to the river,impressive and atmospheric,description,entrance leads to impressive and atmospheric site
R02309,2019,cremation ceremony,grieving,contrast,grieving contrasted with celebration
R02309,2019,cremation ceremony,celebration of life,co_occurrence,grieving and celebration occur together
R00393,2013,people dressed as holy men,charge to have you take their photos,causal,holy men charging for photos
R00393,2013,charge to have you take their photos,doubt their authenticity,causal,charging caused doubt in authenticity
R02147,2019,main temple,cremation of people,contrast,access restriction vs. open ritual
R02147,2019,guide,knowledgeable and nice,description,guide's qualities
R02147,2019,cremation of people,realise that the end may come at any time,causal,cremation evokes spiritual emotion
R01722,2017,temple complex,architectural masterpiece,description,temple complex described as architectural masterpiece
R01511,2017,famous doors,pagoda-styled roofs,co_occurrence,Both are architectural features of the temple
R01511,2017,Bagmati River,entry restriction,contrast,Cleaner river contrasts with entry restriction
R01511,2017,evening aarati,sense of awe,causal,Evening aarati contributes to sense of awe
R00226,2012,cremations,river,co_occurrence,cremations occur by the river
R00226,2012,ceremonies,river,co_occurrence,ceremonies occur by the river
R02413,2022,darshan,clean,contrast,darshan is mesmerizing despite cleanliness concerns
R02413,2022,Rudraksha shop,easily accessible,co_occurrence,Rudraksha shop is nearby and accessible
R00353,2013,devotees,pujas,co_occurrence,Devotees participate in pujas
R00353,2013,river,non-Hindu entry ban,contrast,River is accessible but temple has entry restrictions
R00453,2013,blessing of Lord Shiva,symbol of life and death,description,Lord Shiva as symbol of life and death
R01552,2017,debris,floor,causal,debris contributes to unclean floor
R01552,2017,bare feet,floor,co_occurrence,bare feet on unclean floor
R02045,2018,religious influences,odour of death,co_occurrence,religious influences and odour of death occur together
R02045,2018,religious influences,unique experience,causal,religious influences contribute to unique experience
R02045,2018,odour of death,unique experience,causal,odour of death contributes to unique experience
R00692,2014,Naga sadhus,ghats,co_occurrence,Naga sadhus are seen near the ghats
R02193,2019,holiest place,non-Hindu entry ban,contrast,holiest place contrasted with entry ban
R02193,2019,non-Hindu entry ban,important the place is,causal,entry ban leads to feeling of importance
R00489,2014,guide,Lord Shiva Day,co_occurrence,Guide used during Lord Shiva Day
R00489,2014,"700,000 pilgrims",cremations,co_occurrence,Pilgrims present during cremations
R00489,2014,ash-smeared naked saddhus,cremations,co_occurrence,Saddhus present during cremations
R00489,2014,foreigners not allowed in the temple,Lord Shiva Day,contrast,Foreigners not allowed despite festival
R00489,2014,immense throngs,"700,000 pilgrims",description,Throngs of pilgrims
R00489,2014,food and info. booths,amusement rides,co_occurrence,Booths and rides available
R01406,2017,1000NPR,non-Hindu entry ban,contrast,high fee contrasted with restricted access
R01406,2017,lack of clear signage,shouted at,causal,lack of signage leads to being shouted at
R02387,2020,street vendors,ticket booth,co_occurrence,vendors are encountered before reaching the ticket booth
R02387,2020,admission ticket,guide services,causal,admission ticket purchase leads to guide services
R02387,2020,funeral process,sense of fascination,causal,funeral process caused a sense of fascination
R01947,2018,cremation ceremony,scenery,contrast,sadness of cremation contrasted with great scenery
R01947,2018,Sadus,Tourist Guide Ammar Raj Guni,co_occurrence,both Sadus and guide mentioned positively
R01571,2017,historically interesting temple,ancientness of the place,description,The temple is described as ancient and interesting
R01306,2016,Ram Temple,ghats,co_occurrence,Ram Temple offers a view of the ghats
R01306,2016,cremations,ghats,description,cremations occur at the ghats
R01306,2016,sadhus,Ram Temple,co_occurrence,sadhus are near the Ram Temple
R01306,2016,Gorakhnath Temple,Shree Guhyeshwori Temple,contrast,"Gorakhnath Temple is accessible, Shree Guhyeshwori Temple is not"
R01776,2018,funeral rites,depth in understanding,causal,Seeing the rites gave depth in understanding
R01776,2018,1000 rupees,Hindu culture,description,Entry fee for seeing Hindu culture
R00060,2011,Hindus on pilgrimage,main Shiva temple,cultural_rule,Hindus only have entry into the main Shiva temple
R00060,2011,cremation ghats,preparations for the cremations,description,cremation ghats are where preparations for the cremations occur
R00060,2011,preparations for the cremations,very moving,causal,preparations for the cremations are very moving
R00071,2012,non-Hindu entry ban,cremation ceremony,contrast,entry restriction contrasted with witnessing rituals
R00071,2012,cremation ceremony,Hindu culture,co_occurrence,cremation ceremony and cultural exploration occur together
R01421,2017,earthquake in Nepal,Lord Shiva power,causal,Temple was safe due to Lord Shiva power
R01421,2017,Old temple,not a single crack,description,Old temple remained intact
R00266,2013,Bagmati River,ashes,causal,ashes are returned to the river
R00266,2013,Cremation site,cremation,description,cremation site is where the ceremony occurs
R00475,2014,giant golden bull,non-Hindu entry ban,contrast,non-Hindus cannot enter but can see the bull
R00475,2014,funeral pyres,Hindu culture and customs,description,funeral pyres as part of Hindu customs
R00475,2014,meditation caves,Jimi Hendrix cave,description,Jimi Hendrix cave is one of the meditation caves
R00475,2014,guide,Hindu culture and customs,causal,guide can explain Hindu culture
R01385,2017,restricted to Hindus only,access needs to be wider,contrast,restriction contrasts with need for wider access
R02423,2022,temple,12 jyotirlinga,description,temple is among the 12 jyotirlinga
R02423,2022,aarti,crowded,causal,crowding occurs after aarti
R01773,2017,complex of buildings,holy men,co_occurrence,holy men are part of the complex
R01773,2017,holy men,holy water,causal,holy men give holy water
R01773,2017,river,rituals for the departing family member,co_occurrence,rituals are performed along the river
R00564,2014,structure of temple,cremation,co_occurrence,Temple structure and cremation mentioned together
R00564,2014,cremation,Bagmati River,description,Cremation location described as near Bagmati River
R01349,2016,beautiful place,sense of peace,co_occurrence,peace experienced at the beautiful place
R01349,2016,community centre,Mother Teresa,description,Mother Teresa served at the community centre
R00972,2015,darshan,Lord Shiva,description,darshan is of Lord Shiva
R00972,2015,darshan,blessed,causal,darshan leads to feeling blessed
R02088,2018,architecture,earthquake,contrast,splendid architecture contrasted with earthquake damage
R02088,2018,earthquake,structures surrounding the main temple,causal,earthquake caused damage to structures
R02088,2018,Bagmati River,devotees,co_occurrence,Bagmati River flows next to where devotees gather
R01477,2017,jogy baba,cremation things,co_occurrence,jogy baba and cremation things mentioned together
R01477,2017,great culture of Hindu people,Hindu great temple,description,great culture described in context of the temple
R02351,2020,biggest Nandi,awe inspiring,description,Nandi is described as awe inspiring
R02351,2020,morning aarti,evening aarti,co_occurrence,morning and evening aarti mentioned together
R02351,2020,silver work,Bahirav figures,co_occurrence,silver work and bahirav figures mentioned together
R02351,2020,monkeys,photography prohibition,contrast,monkeys as a problem vs. photography prohibition as a rule
R01694,2017,limited access,monkeys,co_occurrence,monkeys and limited access mentioned together
R01694,2017,pondered the meaning of life and death,fire on the corpse's forehead,causal,pondering life and death related to witnessing the ritual
R01694,2017,exploding skeleton,pondered the meaning of life and death,causal,exploding skeleton makes you think about life
R01694,2017,yogi,crazy and unique,contrast,yogi's act described as not awe inspiring but unique
R00811,2015,nicely made temple,good space,description,temple has good space
R00811,2015,good space,neat and clean,description,space is neat and clean
R00985,2015,ancient temple,magnetic aura,description,temple described as having a magnetic aura
R00985,2015,crowded,tourists,causal,crowded due to tourists
R01856,2018,holy man,asking for money,causal,holy man pestering for money
R01856,2018,blessings,asking for money,causal,money in exchange for blessings
R01533,2017,nepali architecture,Lord Pasupathinath,co_occurrence,Both mentioned as part of the temple's features
R01533,2017,Lord Pasupathinath,Lord Bharaiva,co_occurrence,Both deities present inside the temple
R01533,2017,Sampoorna yatra,Lord Pasupathinath,causal,Visiting the temple helps complete the yatra
R00731,2014,guides,good energy and power,contrast,guides not attentive contrasted with good energy
R00731,2014,entry and exit,lot of people's presence,contrast,well-managed entry despite crowd
R00100,2012,entrance fee,man at the entrance,co_occurrence,Both relate to entry issues
R00100,2012,main temple building,funeral processions,contrast,Access restriction vs. allowed observation
R00100,2012,sadhus,old folks' home,contrast,Sadhus demand money vs. friendly old folks
R00231,2012,filth,trash,co_occurrence,filth includes trash
R00231,2012,cremations,wooden pyres,description,cremations happen on wooden pyres
R00231,2012,guides,history,causal,guides explain the history
R01979,2018,Almighty Shiva,upkeep of the temple,contrast,dedication to Shiva contrasts with upkeep issues
R00223,2012,guides,camera,contrast,"guides are to be avoided, while camera use is cautioned"
R00223,2012,atmosphere,overwhelming,co_occurrence,overwhelming feeling linked to atmosphere
R01351,2016,Bagmati River,Hindu temple,description,temple is located on the river banks
R01351,2016,Hindu temple,Deopatan,description,temple is located in Deopatan
R00769,2015,beggars,poverty,co_occurrence,beggars and poverty mentioned together
R00669,2014,One Thousand Rupees,only Hindus could enter the temples,contrast,entry fee but restricted access
R00669,2014,language problem,One Thousand Rupees,causal,language problem affected entry experience
R01828,2018,crowded,not clean,co_occurrence,Both issues mentioned together
R01828,2018,crowded,not very organised,co_occurrence,Both issues mentioned together
R01165,2016,ancient temple,worship lord Shiva,description,temple is a site for worship
R01165,2016,immense religious and spiritual value,ancient temple,description,temple has spiritual value
R01165,2016,improvements,ancient temple,causal,improvements made to the temple
R00303,2013,enormous entrance fee,sacred hindu site,contrast,high fee for sacred site
R00303,2013,dodgy tour guides,second hand tickets,description,guides selling second hand tickets
R00303,2013,nice park,cremation area,co_occurrence,park near cremation area
R01484,2017,Architecture,approach to worship,contrast,different from typical Indian temples
R01484,2017,sanctum,mind at peace,causal,less pressure leads to peace
R01520,2017,Shivling,serene atmosphere,description,Shivling is described as special due to serene atmosphere
R01520,2017,Bagmati river,Shivling,co_occurrence,Shivling is located on the banks of Bagmati river
R01520,2017,Omkar,serene atmosphere,description,Omkar contributes to the serene atmosphere
R02488,2025,other exotic culture,Hindu culture,co_occurrence,Both cultures mentioned together
R02488,2025,Hindu culture,amazing experience,causal,Hindu culture contributes to amazing experience
R00051,2011,Hindu religion,moving and spiritual,description,learning about the Hindu religion contributed to the spiritual feeling
R00648,2014,great hindu architecture,cremation ceremony,co_occurrence,Both observed during the visit
R00648,2014,entrance fee,unesco world heritage site,contrast,High fee despite being a heritage site
R01592,2017,high entrance fee,aggressive way,co_occurrence,fee charged in an aggressive way
R01858,2018,pollution,mask,causal,pollution requires wearing a mask
R00511,2014,cremations,smoke,co_occurrence,cremations produce smoke
R00511,2014,holy men,tour guides,contrast,"holy men charge for photos, tour guides expect payment"
R00394,2013,bodies are prepared and cremated,peaceful place,contrast,death rituals contrasted with peaceful atmosphere
R00394,2013,non Hindus cannot go into the temple,"shaved heads, the right robes, the wood, the accelerant",co_occurrence,cultural rule mentioned alongside sacred objects
R02123,2019,arti,beautiful dance in bhajan,co_occurrence,Both are part of the religious experience
R02123,2019,death body,relief,contrast,Contrasts the burial with feeling of relief
R01595,2017,entrance fee,guide,description,guide cost is additional to entrance fee
R01595,2017,fake tourist guide,fraud,causal,fake guides cause fraud
R01595,2017,Sadhus,photo charge,causal,Sadhus ask for unreasonable photo charge
R01759,2017,open cremation,sadness,co_occurrence,emotions felt during the cremation
R01759,2017,open cremation,curiosity,co_occurrence,emotions felt during the cremation
R00277,2013,live cremation,upsetting,causal,The live cremation caused the feeling of being upset
R00277,2013,redevelopment,live cremation,co_occurrence,Both redevelopment and live cremation are mentioned in the context of the site
R00043,2011,shrine,relaxed,causal,Entering the shrine causes relaxation
R02208,2019,Lord Shiva temple,small temples,description,small temples are part of the main temple
R02208,2019,special poojas,Pundits,causal,Pundits perform the poojas
R02208,2019,Queue system,dharsham,causal,Queue system leads to good dharsham
R02208,2019,Aarthi,Bagmathi river,co_occurrence,Aarthi takes place on the banks of the river
R00005,2025,security armed guards,main temple,co_occurrence,guards are present inside the main temple
R00005,2025,non-Hindu entry ban,1000 NPR tickets,contrast,tickets are sold but entry is restricted for non-Hindus
R00150,2012,crowded,dirty,co_occurrence,Both problems mentioned together
R00150,2012,believers and ardent devotees,only Hindus are allowed,description,Describes who is allowed entry
R00367,2013,Bagmati River,non-Hindu entry ban,contrast,non-Hindus can view from across the river
R00367,2013,statue of Nandi the Bull,four doors,contrast,contrary to Hindu belief about temple doors
R01439,2017,famous Hindus temple,many different temple,description,mentions multiple temples around
R00553,2014,unorganized,holy place,contrast,doubt about being a holy place due to disorganization
R00553,2014,holy place,place of attraction,contrast,holy place contrasted with place of attraction
R00553,2014,place of attraction,spiritualism,description,place of attraction symbolizes spiritualism
R01712,2017,shrines,understanding of Nepali life and death,causal,shrines contribute to understanding of Nepali life and death
R02446,2023,group of temples,mythology,description,temples have mythology
R02446,2023,group of temples,temple architecture,description,temples have architecture
R02446,2023,guide,temple architecture,causal,guide helps understand architecture
R00977,2015,Indian Hindu tradition,Indian diaspora,co_occurrence,Indian Hindu tradition is associated with the Indian diaspora
R02378,2020,cremations,rituals,co_occurrence,cremations and rituals are mentioned together
R02378,2020,Sadhus,cremations,description,Sadhus are associated with rituals
R02378,2020,architectural complexes,cremations,contrast,architectural complexes under reconstruction contrasts with ongoing rituals
R01225,2016,Hindu custom of cremation,river banks,co_occurrence,Cremation takes place on the river banks
R01225,2016,Hindu custom of cremation,interesting photo opportunities,description,Cremation provides interesting photo opportunities
R02391,2020,Bagamathi River,Lingam,description,Lingam is located near the Bagamathi River
R02391,2020,car parking,dirty,description,Car parking is described as dirty
R00336,2013,bodies are burned,great experience,contrast,great experience but not for soft hearts
R01145,2016,central structure,four sided Shiva linga,description,central structure houses Shiva linga
R01145,2016,guards,support staff,co_occurrence,both guards and support staff mentioned
R01145,2016,rudraksa,potas (glass beads),co_occurrence,both rudraksa and potas sold outside
R02349,2019,Darshan,Lord Pasupatinath,description,Darshan is performed for Lord Pasupatinath
R02349,2019,Holiest temple,Lord Pasupatinath,description,Lord Pasupatinath is in the Holiest temple
R00315,2013,funeral,mourning,description,funeral includes mourning
R00315,2013,funeral,pyre,description,funeral involves pyre
R00315,2013,rare glimpse,important ceremony,description,rare glimpse into important ceremony
R01485,2017,beautiful temple,Hindu temple,description,describes the temple as beautiful
R01485,2017,small jungle,small river,co_occurrence,both are natural features mentioned together
R00850,2015,earthquake,sites,causal,earthquake potentially affecting sites
R00850,2015,city tour,soul of the nation,causal,city tour invites feeling the soul
R00144,2012,lifelong desire,location,description,desire fulfilled by visiting location
R02236,2019,Bagmati river,ceremonial burning platforms,co_occurrence,Both are part of the sacred space near the river
R02236,2019,Sadhus,optical illusion of Lingas and Yoni's,co_occurrence,Both are notable features within the temple complex
R02236,2019,sexual carvings,optical illusion of Lingas and Yoni's,contrast,Sexual carvings contrast with the spiritual nature of Lingas and Yoni's
R02236,2019,monkeys,entry fee for foreigners,contrast,Monkeys as a problem contrast with the entry fee for foreigners
R00025,2026,Hindu style temples,bit dirty,contrast,temples are beautiful but dirty
R00025,2026,Hindu style temples,bit unmanaged,contrast,temples are beautiful but unmanaged
R00025,2026,bit dirty,beauty in it,co_occurrence,beauty despite dirtiness
R00025,2026,bit unmanaged,beauty in it,co_occurrence,beauty despite being unmanaged
R00013,2011,cremations,overwhelming,causal,cremations cause overwhelming emotions
R00013,2011,river,cremations,co_occurrence,cremations observed near the river
R00311,2013,religious cremations,concrete tiers,co_occurrence,Cremations occur on concrete tiers
R00311,2013,religious cremations,small river,co_occurrence,Cremations occur next to the river
R00311,2013,oxen and cattle,vendors haggling,co_occurrence,Both are issues at the entrance
R00209,2012,ongoing ceremony,dead body,description,ceremony involves carrying dead body
R00209,2012,sea-shell horn,dead body,causal,horn blowing signals path for dead body
R00209,2012,guides,ongoing ceremony,contrast,guides should alert about ceremonies
R00209,2012,non-Hindus,ongoing ceremony,contrast,non-Hindus may find ceremony taboo
R01215,2016,innermost part of the temple,true Hindus,cultural_rule,access restricted to true Hindus
R01215,2016,2015 earthquake scars,crowded,co_occurrence,crowded and earthquake scars both present
R01215,2016,vendors,crowded,contrast,vendors provide interest despite crowding
R02443,2023,entrance fee,tourists not allowed to enter,contrast,Entrance fee for tourists but no entry allowed
R02443,2023,cremation,mask,causal,Cremation smoke suggests need for mask
R02443,2023,cremation,culture of Nepal,description,Cremation as part of cultural experience
R01383,2017,guide,ticket booth,co_occurrence,Guide was found near the ticket booth
R02445,2023,temples,river,co_occurrence,temples located on one side of the river
R02445,2023,burials,river,co_occurrence,burials taking place on the other side of the river
R02445,2023,not allowed inside,temples,contrast,non-Hindus cannot enter the temples
R00790,2015,old temple,center of Nepal Hindu activity,description,temple as center of Hindu activity
R00790,2015,cremation activity,taking photos,contrast,photos of cremation vs. politeness
R00895,2015,darshan,Mahadev,co_occurrence,Mahadev is thanked for the darshan
R00895,2015,powerful,inspiring,co_occurrence,Powerful and inspiring are felt together
R01236,2016,Hindu people,pray,co_occurrence,Hindu people come to pray
R01236,2016,river,not so clean,description,river described as not clean
R02116,2019,atmosphere,cremation ritual,co_occurrence,atmosphere and cremation ritual are both part of the experience
R02116,2019,cremation ritual,Hindu faith,causal,cremation ritual shows a lot about the Hindu faith
R02116,2019,guide,respect,contrast,"guide is recommended, but respect is required"
R00545,2014,Aarati- Reverence,peaceful,co_occurrence,Aarati and peaceful feeling occur together
R00545,2014,cremation,value of life,causal,Cremation leads to realization of life's value
R00146,2012,Sardhus,photogenic,description,Sardhus are described as photogenic
R00146,2012,photogenic,small fee,causal,Photogenic nature linked to fee
R00320,2013,sacred places,dirty,contrast,contrast between sacredness and dirtiness
R01170,2016,main temple history,heavenly place,description,main temple history contributes to heavenly feeling
R01170,2016,priest,main temple history,causal,priest provides information about the main temple history
R01151,2016,cultural heritage,beautiful,description,The beauty of the temple is part of its cultural heritage
R00042,2011,Char Dhaam,Pashupati nath,description,Char Dhaam includes Pashupati nath
R00042,2011,Lord Shiva,Pashupati nath,description,Pashupati nath is associated with Lord Shiva
R00009,2025,Buddhist cremations,special experience,co_occurrence,Cremations contribute to the special experience
R00009,2025,holy people,poor people,contrast,Holy people contrasted with poor people begging
R01540,2017,level of preservation,cleanliness,co_occurrence,Both issues mentioned together
R01540,2017,cremation ceremony,level of preservation,contrast,Religious significance contrasted with preservation issues
R01540,2017,tour guide,cremation ceremony,causal,Tour guide suggested to understand the place better
R01540,2017,reprimanded,entry fee,contrast,Reprimand contrasted with entry fee
R01682,2017,families wash the dead,number of bodies on the steps,co_occurrence,ritual and sacred space observed together
R01682,2017,unusual experience,families wash the dead,description,dual valence describes the ritual
R01682,2017,surroundings,unusual experience,contrast,positive surroundings contrast with unusual experience
R01104,2016,fascinated,authentic,co_occurrence,fascination and authenticity felt together
R01104,2016,working temple,grieve their lost ones,description,working temple related to grieving rituals
R01894,2018,non-Hindu entry ban,foreigners,description,restriction applies to foreigners
R00736,2014,5 faces,special Pooja,co_occurrence,Both are features of the temple
R00736,2014,special Pooja,Darshan,contrast,"Special Pooja requires booking, Darshan does not"
R00736,2014,monkeys,Camera is not allowed,co_occurrence,Both are restrictions or warnings for visitors
R00736,2014,Kedar Sheesh,5 faces,contrast,Kedar Sheesh is not part of Pashupatinath
R00969,2015,thousand lingas temple,inside the pashupathinath temple,description,location of the thousand lingas temple
R00007,2025,crowded,dirty,co_occurrence,crowded and dirty mentioned together
R00007,2025,monkeys,awesome,contrast,monkeys were funny despite the awesome experience
R01785,2018,temple campus,Safe Shoe Keeping,description,features amenities like Safe Shoe Keeping
R01785,2018,temple campus,Drinking water,description,features amenities like Drinking water
R01785,2018,pilgrims,darshan,co_occurrence,pilgrims participate in darshan
R00851,2015,fence with signs,mounds of litter,contrast,World Heritage Site sign contrasted with litter
R00851,2015,cremation ceremony,holy river,causal,ashes swept into the holy river after cremation
R00851,2015,Sadhu,blessing ritual,co_occurrence,Sadhu and blessing ritual both involve interaction with visitors
R00554,2014,evening arti,ghats of the river Bagmati,co_occurrence,arti performed on the ghats
R00166,2012,temple complex,maintenance,contrast,large complex but poorly maintained
R00166,2012,cremation ceremonies,non Hindus not allowed,co_occurrence,cremation ceremonies occur where non-Hindus are restricted
R00166,2012,fake Sadus,temple complex,co_occurrence,fake Sadus present in the temple complex
R00166,2012,deer park,temple complex,description,deer park is part of the temple complex
R01438,2017,cremation area,guide,causal,Guide enhances understanding of cremation area
R01438,2017,guide,fascinating,causal,Guide makes the experience fascinating
R02159,2019,spiritual atmosphere,grounds,co_occurrence,spiritual atmosphere experienced while strolling the grounds
R02159,2019,non-Hindu entry ban,foreigner,description,entry restriction applies to foreigners
R01696,2017,sacred feeling,divine enthusiasm,co_occurrence,sacred feeling and divine enthusiasm experienced together
R02133,2019,aarati,peace,causal,aarati caused peace
R02133,2019,peace,busy place,contrast,peace despite busy place
R00978,2015,cremation process,holy river,co_occurrence,cremation involves the holy river
R00978,2015,cremation process,cement slabs,description,cremation occurs on cement slabs
R00978,2015,cremation process,ashes,causal,cremation results in ashes
R01480,2017,13th Jyotirlinga,Hindu pilgrims,co_occurrence,Jyotirlinga attracts Hindu pilgrims
R01480,2017,Hindu pilgrims,darshan,causal,pilgrims come for darshan
R01480,2017,entry fee,darshan,contrast,darshan is free despite entry fees elsewhere
R01065,2016,people pestering,tour guides,description,people pestering are the tour guides
R01065,2016,atmosphere of worship,interesting experience,contrast,atmosphere was enjoyable but experience was marred
R02022,2018,fresh air,good vibes,co_occurrence,fresh air and good vibes felt together
R00073,2012,religious place,so many people,contrast,Nice place but crowded
R00073,2012,religious place,not allowed to go inside,contrast,Nice place but restricted access
R00186,2012,local culture,ghats,co_occurrence,local culture observed at ghats
R00186,2012,bridge,ghats,description,bridge leads to view of ghats
R00186,2012,funerals,ghats,co_occurrence,funerals occur at ghats
R00215,2012,Bagmati River,cremation spots,co_occurrence,cremation spots are located on the banks of the Bagmati River
R00215,2012,cremation ceremony,cremation spots,description,cremation ceremonies occur at the cremation spots
R00215,2012,devotees,sadhus,co_occurrence,devotees and sadhus are both present at the temple
R01020,2016,monuments and statue's,quake,causal,monuments and statues damaged due to quake
R01020,2016,deer park,deers,description,deer park has unfed deers
R01217,2016,non-Hindu entry ban,surrounding,contrast,non-Hindus can view surroundings despite entry ban
R00758,2015,famous Pashupatinath temple,construction,contrast,temple beauty contrasted with construction
R00758,2015,famous Pashupatinath temple,beautiful,description,temple described as beautiful
R00541,2014,death burning,smell,co_occurrence,Both mentioned as negative experiences
R00541,2014,black market on tickets,guard,causal,Guard involved in ticket issue
R00622,2014,cremations,locals,co_occurrence,locals present during cremations
R00622,2014,temples,non-Hindu entry ban,contrast,temples are beautiful but have entry restrictions
R02389,2020,guide,tourist office,causal,guide overcharging caused fuss from the tourist office
R01284,2016,Dassera Day,Darshan,co_occurrence,Darshan happened on Dassera Day
R01284,2016,Nandi,bead long necklace,contrast,Nandi statue and necklaces are different attractions
R02328,2019,praying to the God,music,co_occurrence,praying accompanied by music
R02328,2019,praying to the God,big crowd,co_occurrence,praying with a big crowd
R00721,2014,hindu temple,holy river,co_occurrence,temple is located along the river
R00721,2014,take photos,Varanasi,contrast,photo rules differ between locations
R00624,2014,shops,handicrafts,description,shops sell handicrafts
R00624,2014,shops,decorative items,description,shops sell decorative items
R00960,2015,important shrine,mismanagement,causal,shrine condition affected by mismanagement
R00960,2015,devout practice their faith,reverence,co_occurrence,devout practice linked with reverence
R00567,2014,unscrupulous priests,rudraksh mala,causal,priests extort money using rudraksh mala
R00567,2014,five faced shiv ling,main sanctum,description,shiv ling is housed in the main sanctum
R01223,2016,Cultural World heritage site,Hindus god lord Shiva,description,Temple dedicated to Shiva
R01223,2016,Hindus god lord Shiva,god destroyer of negatives things,description,Shiva as destroyer of negatives
R01223,2016,Hindus god lord Shiva,Shiva,description,Shiva as god of the god
R00872,2015,old important Shiva statue,Hindu death culture,co_occurrence,Both are part of the Hindu cultural experience
R00872,2015,Bagmati River,Hindu death culture,co_occurrence,Bagmati River is associated with Hindu death rituals
R02390,2020,crematorium,fantastic,contrast,Crematorium described as both fantastic and a sacred space
R02390,2020,hustle and bustle,lifetime impact,co_occurrence,Hustle and bustle co-occurs with lifetime impact
R00422,2013,non-Hindu entry ban,unwelcoming atmosphere,causal,entry ban contributes to unwelcoming atmosphere
R00422,2013,cleanliness,unwelcoming atmosphere,causal,lack of cleanliness contributes to unwelcoming atmosphere
R00422,2013,touts,unwelcoming atmosphere,causal,presence of touts contributes to unwelcoming atmosphere
R00741,2015,Hindu Cremations,riverside Ghats,co_occurrence,Cremations occur at the Ghats
R00741,2015,Hindu Cremations,"bodies, mourners",description,Cremations involve bodies and mourners
R00741,2015,intrusion into peoples private lives,Hindu Cremations,contrast,Discomfort with photographing rituals
R00018,2025,non-Hindu entry ban,entrance 1000 NPR,co_occurrence,Both relate to access restrictions
R00018,2025,Bagmati River,cremation site,co_occurrence,Both are sacred spaces accessible
R00290,2013,celebratory/ mystical and musical ceremony,spine tingling experience,causal,The ceremony causes a spine tingling experience
R00290,2013,Hindu participants,welcoming to visitors,description,Hindu participants are welcoming
R02414,2022,cremation ceremony,Bagmati River,co_occurrence,cremation ceremony occurs at the Bagmati River
R02414,2022,funeral pyres,Bagmati River,co_occurrence,funeral pyres are located on the banks of the Bagmati River
R02414,2022,cultural experience,cremation ceremony,description,cremation ceremony described as a cultural experience
R02414,2022,visual overload,funeral pyres,description,funeral pyres contribute to visual overload
R01181,2016,world heritage site,power of god,description,heritage site evokes spiritual emotion
R01448,2017,ghat,dirty,co_occurrence,The ghat is described as dirty
R01448,2017,morning views,crowded,contrast,Morning views are good but the place is crowded
R01160,2016,friendly driver,cremating their departed ones,co_occurrence,driver guided through the ritual
R01160,2016,sprawling area,cremating their departed ones,description,ritual takes place in the area
R01890,2018,traditional funerals - cremations,smell,description,cremations have an awful smell
R01890,2018,huge and beautiful park,monkeys,description,monkeys are in the park
R00810,2015,cremation site,cremations,co_occurrence,cremation site is where cremations occur
R00810,2015,cremations,gory,description,cremations described as gory
R00116,2012,cremated their loved ones,side of the river,co_occurrence,Cremation occurs at the side of the river
R00116,2012,Holy Men,crafts,co_occurrence,Holy Men and crafts are both fascinating
R00682,2014,cremation ghats,sacred temple complex,co_occurrence,Both are part of the temple visit
R00682,2014,sacred temple complex,Bagmati river,description,The temple complex is located by the river
R00682,2014,cremation ghats,hindu traditions,causal,Cremations follow Hindu traditions
R02185,2019,Hindu temple complex,Bagmati River,description,temple complex located on the banks of the river
R00087,2012,Bagmati River,UNESCO World Heritage Sites list,co_occurrence,Both are mentioned as significant features of the temple
R00087,2012,Hindus alone are allowed,Non-Hindu visitors,contrast,Contrasting access rules for Hindus and non-Hindus
R00710,2014,golden roof temple,beautiful,description,golden roof temple described as beautiful
R00710,2014,ancient architect,beautiful,description,ancient architect described as beautiful
R00175,2012,strong smells,burnt human flesh,description,strong smells described as burnt human flesh
R01228,2016,aarti of shiva,prayer,co_occurrence,aarti and prayer performed together
R01228,2016,ancient temple,special darshan,description,special darshan at the ancient temple
R01519,2017,cremations,river,co_occurrence,cremations occur at the river
R01519,2017,emotional turmoil,pyre,co_occurrence,emotional turmoil observed at the pyre
R01519,2017,holy men,entry fee,contrast,"holy men demand money, contrasting with entry fee"
R01519,2017,begging,homeless people,co_occurrence,begging and homelessness occur together
R00723,2014,river-side cremation,colour and entertainment,co_occurrence,cremation and entertainment experienced together
R00723,2014,painted sadhus,photos for money,causal,sadhus charge money for photos
R00993,2015,oppressive place,calm,contrast,oppressive yet calm atmosphere
R00993,2015,guide,monkies,causal,guide helped avoid problems
R00993,2015,guide,hawkers and beggars,causal,guide helped avoid problems
R00644,2014,Puja,oldest Shiva Temple,co_occurrence,Puja performed at the temple
R00644,2014,disabled,mobbed,causal,Giving money led to being mobbed
R02101,2018,priest,friendly,description,priest is described as friendly
R02101,2018,priest,prepared to answer questions,description,priest is prepared to answer questions
R01550,2017,burning bodies,cremation,co_occurrence,burning bodies are part of the cremation ritual
R01550,2017,inside of the temple,non-Hindu entry ban,contrast,non-Hindus cannot see the inside of the temple
R01550,2017,tourist attraction,non-Hindu entry ban,contrast,being a tourist attraction contrasts with entry restrictions
R02139,2019,4 entrance,main temple,description,entrances lead to the main temple
R02139,2019,Pujaris,South India,description,Pujaris are from South India
R00994,2015,cremation,outdoors,description,cremation takes place outdoors
R00994,2015,non-Hindu entry ban,entrance fee,contrast,entry restrictions and fee
R02094,2018,cremations,special experience,co_occurrence,cremations are described as a special experience
R02094,2018,cremations,personal,co_occurrence,cremations are described as personal
R02094,2018,cremations,this world,contrast,cremations are rare in many parts of the world
R01679,2017,ancient Hindu memories temple,peaceful place,description,The temple is described as peaceful
R00507,2014,temple area,worth seeing,description,The temple area is described as worth seeing
R00241,2013,Hindu complex,smaller temples,description,part of the larger complex
R00241,2013,burn their dead,can not enter the temple,contrast,ritual outside main temple
R01433,2017,aarti,good feeling,causal,aarti causes good feeling
R01433,2017,monkeys,good feeling,contrast,monkeys contrast with good feeling
R00874,2015,Nepali afterlife,different experience,contrast,contrast between Nepali afterlife and different experience
R00874,2015,visit,your country,contrast,contrast between visit and experience in your country
R00549,2014,huge grounds,monkeys,contrast,contrast between scenic spot and problem
R00549,2014,cremate the dead,Only Hindus are allowed,description,cultural rule related to ritual
R00491,2014,restricted access,belief imminent from centuries,causal,restricted access due to belief
R01829,2018,holy shrine of Lord Shiva,river Bagmati,co_occurrence,The shrine is located on the banks of the river
R01829,2018,special puja,mandir committee,causal,Special puja can be arranged by paying the committee
R01407,2017,crematorium,"people caring for, and venerating their dead",description,crematorium is where people care for and venerate their dead
R01407,2017,empathy for the mourners,glimpse of something sacred,co_occurrence,empathy and glimpse of sacred occur together
R01980,2018,entrance fee,busy,contrast,entrance fee contrasted with crowd
R01980,2018,big Temple,Hindus,description,temple described as Hindu
R01901,2018,Monks,cremating deth bodies,co_occurrence,Monks participate in cremation
R01901,2018,Negantas,cremating deth bodies,co_occurrence,Negantas participate in cremation
R01901,2018,cremating deth bodies,edge of river,description,Cremation occurs at the river's edge
R02307,2019,Rudrabhishekam,sense of spiritual connection,causal,Rudrabhishekam led to a sense of spiritual connection
R02307,2019,dead body funeral,feeling better,contrast,funeral was horrible but overall feeling was better
R01641,2017,corpse burning,riverside,co_occurrence,corpse burning happens on the riverside
R01641,2017,dirty and muddy,thefts,co_occurrence,dirtiness and thefts both observed
R01641,2017,scam money,entry fee for foreigners,contrast,scam attempts contrast with official entry fee
R01641,2017,entry fee for foreigners,guide,causal,entry fee and guide payment both required
R01861,2018,cremation ceremonies,western attitude towards death,causal,cremation ceremonies could improve western attitudes
R00575,2014,Golden Temple,entry fee for foreigners,contrast,Golden Temple access compared to entry fee
R00575,2014,cremation ceremony,guides,contrast,cremation ceremony experience vs guide usefulness
R01455,2017,ambience,travel somewhere inner,causal,ambience causes spiritual emotion
R01455,2017,bunch of temples,travel somewhere inner,causal,bunch of temples causes spiritual emotion
R01455,2017,open cremation,travel somewhere inner,causal,open cremation causes spiritual emotion
R01455,2017,Bagmati River,travel somewhere inner,causal,Bagmati River causes spiritual emotion
R01455,2017,Kala Bhairava,travel somewhere inner,causal,Kala Bhairava causes spiritual emotion
R02112,2019,non-Hindu entry ban,no photography zones,co_occurrence,Both are cultural rules
R02112,2019,beautiful temple,amazed,causal,Beauty of the temple caused amazement
R01285,2016,Monteresa Trek Expidation,Sight Signs,co_occurrence,Both are part of the trekking experience
R01285,2016,Mukthinath,Kailash Manas Trek,co_occurrence,Both are mentioned as trekking destinations
R01293,2016,temple complex,guide,description,guide needed for temple complex
R01293,2016,Rudraksh,prasad,description,Rudraksh is the main prasad
R02181,2019,aarati,magnificent,description,aarati described as magnificent
R01321,2016,open air cremations,surreal experience,co_occurrence,cremations contribute to surreal experience
R01321,2016,guides,surreal experience,contrast,guides are friendly but expect payment
R01321,2016,earthquake damage,surreal experience,contrast,earthquake damage contrasts with surreal experience
R01321,2016,non-Hindu entry ban,surreal experience,contrast,entry ban contrasts with surreal experience
R00385,2013,public cremation,Bagmati River,co_occurrence,cremation near the river
R00385,2013,children swimming,Bagmati River,co_occurrence,children swimming in the river
R00385,2013,monkeys,food scraps,causal,monkeys attracted by food scraps
R00385,2013,four cremations,religious rituals,co_occurrence,cremations involve religious rituals
R00385,2013,smoke,odours,co_occurrence,smoke and odours present together
R01548,2017,main shrine,non-Hindu entry ban,cultural_rule,Access restriction for non-Hindus
R01548,2017,cremation grounds,prepared to see death,co_occurrence,Cremation grounds and emotional impact
R02027,2018,iconic Hindu temple,positive vibes,causal,temple creates positive vibes
R02027,2018,rituals,Foreigners and other sect believers,contrast,rituals can be watched from outside by foreigners
R02271,2019,huge crowd,poor queue arrangement,causal,crowd causes poor queue arrangement
R02271,2019,sanctum,abhisheka,description,sanctum doors open during abhisheka
R01260,2016,Shiva temple,darshan,description,darshan at the Shiva temple
R01260,2016,crowd,Shiva temple,contrast,less crowd at the temple
R01108,2016,Non Hindu entry ban,Bagmati River,contrast,Non-Hindus can view from across the river
R01108,2016,Maha Shivaratri,1 Million devotees,co_occurrence,Festival attracts many devotees
R01108,2016,cremation,Bagmati River,description,Cremation occurs near the river
R02369,2020,open cremations,open sewage in the river,co_occurrence,Both are part of the sensory experience
R02369,2020,holy men,beggars and solicitors,description,Holy men described as beggars
R02369,2020,sensory overload,contrast of filth and beauty,causal,Sensory overload caused by contrast of filth and beauty
R00468,2014,Temple gate,long queue,causal,gate opening causes queue
R00468,2014,local Panda (Pundits),Havan and Pooja,co_occurrence,Pundits perform rituals
R00468,2014,Havan and Pooja,long queue,causal,ritual helps avoid queue
R00468,2014,Shankara Bhaktas,Temple gate,description,place worth visiting for devotees
R01188,2016,holy places of Hinduism,satisfaction,causal,satisfaction from visiting holy places
R01188,2016,temple premises,well maintained,description,temple premises are well maintained
R01814,2018,Shivaratri,shivalinga,causal,Shivaratri makes it tough to see the shivalinga
R01814,2018,sadhus,Bagmati riverside,co_occurrence,sadhus are sitting on the Bagmati riverside
R01814,2018,sadhus,peaceful,description,sadhus are described as peaceful
R01848,2018,cremation main center,hindus people,co_occurrence,Hindus visit the cremation center
R01848,2018,hindus people,praying,causal,Hindus visit for praying
R01315,2016,Hindu temple,tourist scams,contrast,cultural rule contrasted with problems
R01315,2016,guides,tourist scams,co_occurrence,guides mentioned alongside scams
R01451,2017,sadhus,cremations,co_occurrence,sadhus and cremations occur together
R01451,2017,cremations,funerals,co_occurrence,cremations and funerals occur together
R02440,2023,main temple,photography prohibition,description,Photography is prohibited inside the main temple
R02440,2023,Shiva (Pashupatinath) temple,amazing vibes,description,Shiva temple has amazing vibes
R00856,2015,old heritage,Hindu Culture,description,heritage as a symbol of Hindu Culture
R00856,2015,high inflow of tourists and worshippers,clean and well maintained,contrast,high inflow contrasted with cleanliness
R01037,2016,Entrance fees,non-Hindu entry ban,causal,High fees related to entry restrictions
R00947,2015,creation,happiness,co_occurrence,creation is linked with happiness
R00947,2015,creation,sadness,co_occurrence,creation is linked with sadness
R00947,2015,creation,spiritual,co_occurrence,creation is linked with spiritual
R02146,2019,center of Hinduism,"lights, sound and smells",description,describes the atmosphere
R02125,2019,Bagmati River,mile long cue of believers,co_occurrence,location and crowd issue
R02125,2019,intricate woodwork lattices,sacred interior,description,architectural feature inside sacred space
R02125,2019,enchanted devotees,jostling for view,causal,devotees causing jostling
R01371,2016,crowded with people,darshan,co_occurrence,crowded with people pushing for darshan
R01371,2016,places of destruction,earthquake,causal,destruction caused by earthquake
R01371,2016,site of God in His form,heart warming,causal,site of God causes heart warming
R01371,2016,no proper road,chaos at the entrance,co_occurrence,no proper road and chaos at entrance
R00979,2015,dead body cremation,bad smell and smokey environment,causal,cremation causes bad smell and smoke
R01089,2016,extensive grounds,old and important temples,description,grounds include temples
R01089,2016,old and important temples,shrines,co_occurrence,"temples, shrines, and statues mentioned together"
R01089,2016,old and important temples,statues,co_occurrence,"temples, shrines, and statues mentioned together"
R00984,2015,Hindu,culture,description,Hindu culture is surprising
R00250,2013,numerous of god and goddess,environment is itself devoted,description,The presence of gods and goddesses contributes to the devoted environment
R00781,2015,different world,cremation,co_occurrence,feeling of different world linked to cremation
R00781,2015,terrace,main temple gate,description,view from terrace to main temple gate
R01677,2017,bodies of deceased family members,religious river,causal,ashes scattered in their religious river
R01677,2017,cremation ceremony,sense of mortality,causal,cremation ceremony evokes a sense of mortality
R01677,2017,Holy Men,monkeys,contrast,Holy Men charging vs. monkeys stealing
R00693,2014,1000rs entrance fee,non-Hindu entry ban,contrast,high fee but restricted access
R00693,2014,cremation ceremony,moving and sincere,causal,cremation ceremony caused moving experience
R01241,2016,largest Shiva temple,historically,description,temple is historically significant
R01241,2016,largest Shiva temple,centre location,description,temple is centrally located
R02082,2018,darshan of lord Shiva,divine feeling,causal,darshan leads to divine feeling
R02082,2018,shrine,river side view,description,shrine offers river side view
R02082,2018,construction work,heavy crowd,co_occurrence,construction and crowd occur together
R00563,2014,light ceremony,local priests,co_occurrence,priests perform the light ceremony
R00563,2014,flowers,Bagmati river,causal,flowers are thrown into the Bagmati river
R01846,2018,ceremonial burning pyres,overcome with emotion,causal,ceremonial burning pyres caused emotional reaction
R01593,2017,poorly signed,dirty place,co_occurrence,Both problems are mentioned together
R01593,2017,non Hindus entry ban,temple proper,description,Entry restriction applies to the temple proper
R00900,2015,evening Aarti,architecture,co_occurrence,Aarti and architecture mentioned together
R00900,2015,campus,sculptural elements,description,campus includes sculptural elements
R02430,2023,cremation ceremony,body after death,description,cremation ceremony involves the body after death
R02430,2023,guide,cremation ceremony,co_occurrence,guide explained the cremation ceremony
R00134,2012,cremation,no pictures,cultural_rule,No pictures allowed of the cremation
R00134,2012,the river,filthy,description,The river is described as filthy
R00134,2012,no entry inside the Temple,cremation,cultural_rule,Non-Hindus cannot enter the cremation area
R02038,2018,guide,authentic holy men,causal,guide tries to get you to pay for photos of holy men
R02038,2018,tacky jewellery,expensive entry fee,contrast,tacky jewellery sales contrast with expensive entry fee
R01984,2018,Darshana,evening Aarati,co_occurrence,Both rituals experienced during the visit
R01984,2018,evening Aarati,enthralling,causal,Aarati caused the feeling of being enthralled
R02192,2019,beautiful temple,good vibrations,description,temple described as having good vibrations
R02192,2019,evening Arti,good vibrations,description,Arti described as divine
R00849,2015,Nepal old architecture building,big park,co_occurrence,architecture building surrounded by park
R00849,2015,Nepal old architecture building,big lake,co_occurrence,architecture building near lake
R00849,2015,only Hindu to visit inside,Nepal old architecture building,description,cultural rule about entry to the temple
R00746,2015,workship,mind become so peacefull,causal,workship leads to peace
R01157,2016,king,replica of the main Pasupatinath temple,causal,king made the temple
R01157,2016,transportation was rarely available,king,causal,transportation issues led to temple creation
R01012,2016,entrance fee,local tour guide,causal,fee used for maintenance
R01012,2016,cremation ceremony,narupa cave,co_occurrence,located near each other
R01012,2016,open field,monuments,contrast,different atmosphere from monuments
R00515,2014,bodies being cremated,cremation ceremony,description,cremation ceremony involves bodies being cremated
R00515,2014,cremation ceremony,sense of mortality,causal,cremation ceremony evokes a sense of mortality
R02143,2019,pilgrims,reverent,description,pilgrims are described as reverent
R02143,2019,2015 earthquake,flock to Pashupatinath,contrast,"despite the earthquake, pilgrims continue to visit"
R01363,2016,River Bagmati,final death rituals,co_occurrence,death rituals conducted on the river bank
R01363,2016,pagoda styled roof,Jyotir Linga,description,main temple houses the Jyotir Linga
R01363,2016,morning and evening aarati,priests,causal,priests perform aarati and give blessings
R00130,2012,main Temple,non-Hindu entry ban,causal,entry restriction for Westerners
R00130,2012,Sadhu,elderly peoples home,co_occurrence,both are notable experiences
R00130,2012,guide,elderly peoples home,description,guides are knowledgeable and friendly
R00831,2015,devotee of lord shiva,soul,causal,devotion leads to spiritual connection
R00831,2015,meditating,name of lord,description,meditating involves the name of lord
R01949,2018,poor signage,absence of guides,co_occurrence,Both issues made it difficult for tourists
R00240,2013,temple complex,non Hindus,contrast,temple complex not fully accessible to non Hindus
R00240,2013,cremations,sadhus,co_occurrence,sadhus present during cremations
R00240,2013,entrance fee,temple complex,contrast,entrance fee is steep but worth it for the temple complex
R02219,2019,Pashupathinath Shivaling,shivas face,description,Shivaling has Shiva's face on all sides
R02219,2019,Darshan,peace and tranquility,causal,Darshan leads to peace and tranquility
R02219,2019,Baghmati river,very filthy,contrast,Baghmati river is holy but filthy
R00304,2013,sadhus,kids on drugs,co_occurrence,Both mentioned as negative aspects
R00304,2013,river,Varanasi,contrast,River compared to Varanasi
R00304,2013,guides,Varanasi,contrast,Guides' tours contrasted with Varanasi experience
R01264,2016,sense of peace,lack of commercialization,contrast,peace contrasted with lack of commercialization
R01264,2016,devotees,sense of peace,co_occurrence,devotees contribute to sense of peace
R01264,2016,monkeys,beautiful sight,causal,animals contribute to beautiful sight
R01264,2016,cleanliness,sense of peace,contrast,cleanliness issue contrasts with peace
R01805,2018,hindu rites,river,co_occurrence,hindu rites occur along the river
R01992,2018,morning time,local people,co_occurrence,local people gather during morning time
R01992,2018,local people,exercise,co_occurrence,local people exercise
R01992,2018,local people,playing the games,co_occurrence,local people play games
R00337,2013,Shivaratri,sadhus,co_occurrence,Sadhus present during Shivaratri
R00337,2013,Shivaratri,pilgrimage tourists,co_occurrence,Pilgrimage tourists visit during Shivaratri
R00337,2013,bhakta,Shivaratri,description,Bhaktas participate in Shivaratri rituals
R01302,2016,Bagmati River,cremation pyres,co_occurrence,cremation observed across the river
R01302,2016,cremation pyres,grief,causal,cremation evokes grief
R01302,2016,ghats,sadhus,description,ghats serve as housing for sadhus
R01302,2016,non-Hindu entry ban,Bagmati River,contrast,non-Hindus cannot enter the temple
R00708,2014,cremations,cremation site,co_occurrence,Cremations occur at the cremation site
R00708,2014,cremation site,Bagmati River,description,Cremation site is located on the Bagmati River
R00708,2014,cremations,weeping family and friends,co_occurrence,Cremations witnessed by family and friends
R00708,2014,smaller temples,monkeys,co_occurrence,Smaller temples and monkeys are both seen on the hike
R01308,2016,Hindu rituals,culture,co_occurrence,rituals and culture are mentioned together
R00917,2015,maintenance team,positive vibrations,causal,maintenance contributes to positive atmosphere
R00917,2015,Bagmati River,positive vibrations,co_occurrence,Bagmati River enhances positive vibrations
R00539,2014,tour guide problem,entry fee for foreigners,co_occurrence,Both relate to challenges faced by western tourists
R00539,2014,non-Hindu entry ban,rest of the complex,contrast,Could not enter temple but saw the rest of the complex
R02364,2020,4 different spots along the river,cremation,co_occurrence,Cremation occurs at the spots along the river
R02364,2020,cremation,peace,contrast,Cremation is contrasted with a sense of peace
R01704,2017,inside of the temple,restricted to Hindus only,description,Access restriction described
R01704,2017,God Shiva temple,inside of the temple,description,Describes the temple as sacred space
R02294,2019,holy men dressed in orange,Hindu cremation,co_occurrence,holy men present during cremation
R02294,2019,Hindu cremation,cremation alter,description,cremation takes place at the alter
R02294,2019,man who offered to purchase my teenage daughter,not allowed to access the temple,contrast,problematic encounter contrasted with cultural rule
R00238,2013,cremation ceremony,holy river,co_occurrence,cremation ceremony occurs at the holy river
R00238,2013,disturbing,fascinating,contrast,simultaneous feelings of disturbance and fascination
R00805,2015,entrance,1000NPR entrance,causal,entrance fee required
R00805,2015,guide,interesting tour,description,guide provided an interesting tour
R00805,2015,guide,sneaky friendly guides,contrast,guide was both helpful and sneaky
R00332,2013,cleanliness,divine,contrast,cleanliness issue contrasted with divine location
R00390,2013,darshan,peace,co_occurrence,darshan associated with peace
R00390,2013,pleasant weather,peace,causal,pleasant weather contributes to peace
R00390,2013,non-Hindu entry ban,darshan,contrast,entry restriction contrasts with darshan experience
R00991,2015,processions,ceremony,co_occurrence,processions and ceremony are mentioned together
R01646,2017,tour guide,cremation,description,guide explains cremation
R01646,2017,tour guide,shrines,description,guide explains shrines
R01646,2017,tour guide,holy babas,description,guide explains holy babas
R01646,2017,humbling and yet awkward,cremation,co_occurrence,emotions felt during cremation
R01646,2017,grounds,vendors,contrast,lovely grounds but harassed by vendors
R01512,2017,four faces of shiva,ancient people architecture,description,four faces of shiva are part of the architecture
R01512,2017,thousands of shiva linga,ancient people architecture,description,shiva linga are part of the architecture
R01512,2017,people also really nice,shiva devotees,co_occurrence,nice people explain to devotees
R02457,2024,profound spiritual significance,architectural beauty,co_occurrence,spiritual significance and beauty mentioned together
R02457,2024,Bagmati River,sanctuary of peace and tranquility,causal,location contributes to peace and tranquility
R01222,2016,Bagmati River,cremations,co_occurrence,cremations happen along the river
R01222,2016,Sadus,vendors,contrast,Sadus offer blessings while vendors are annoying
R01222,2016,"temples devoted to Shiva, Hanuman",non-Hindu entry ban,contrast,temples are visible but main temple has entry restrictions
R01222,2016,tour guide,sense of mortality,causal,guide explains rituals leading to sense of mortality
R02130,2019,Hindu people,queue for pooja,co_occurrence,Hindu people participate in pooja
R02130,2019,monkeys,food in safe place,causal,Monkeys cause need to keep food safe
R02212,2019,non-Hindu entry ban,Bagmati River,contrast,non-Hindus can't enter but can view river events
R02212,2019,Bagmati River,sense of mortality,causal,events at the river evoke a sense of mortality
R02212,2019,Bagmati River,local 'spectators',co_occurrence,spectators present at river events
R01474,2017,Bagmati River,funeral ritual,co_occurrence,funeral ritual takes place near Bagmati River
R01474,2017,heartbreaking fact,beauty of temple premises,contrast,beauty of temple premises contrasted with heartbreaking fact
R01474,2017,sadness and cryness of relatives,funeral ritual,description,sadness and cryness describe the funeral ritual
R01337,2016,guard,steps,co_occurrence,guard challenged on the steps
R01337,2016,group,guard,contrast,entered with a group but challenged by guard
R00184,2012,cremation ceremony,holy men,contrast,mixed feelings about the authenticity of holy men
R00184,2012,holy men,picture taken with them,causal,holy men offer photo opportunities for payment
R02104,2018,Hindu funeral ceremony,burn the bodies by the river,co_occurrence,The funeral ceremony takes place by the river
R00703,2014,cremation,water,co_occurrence,cremation happening by the water
R00703,2014,local character,painted body,description,local character with painted body
R00703,2014,local character,head adornment,description,local character with head adornment
R00703,2014,Varanasi,water,contrast,comparison to Varanasi
R00674,2014,guides,guide fee,causal,guides charge expensive fees
R00674,2014,entrance fee,left the place,causal,high entrance fee contributed to leaving
R01352,2016,sadhus,matted hair & interesting clothing,description,sadhus have matted hair & interesting clothing
R01352,2016,Bagmati river,crematoria,co_occurrence,Bagmati river and crematoria are viewed together
R02449,2023,Bagmati River,traditional cremations,co_occurrence,cremations occur on the bank of the river
R02449,2023,Nepalese pagoda,gold-plated roof,description,pagoda has a gold-plated roof
R02449,2023,ticket,non-Hindu entry ban,contrast,ticket for tourists contrasts with entry ban for non-Hindus
R01040,2016,smoke,active cremation grounds,contrast,smoke is a problem but the cremation grounds are fascinating
R01040,2016,active cremation grounds,culturally fascinating,description,cremation grounds are culturally fascinating
R01040,2016,guide,culturally fascinating,causal,guide helps in understanding cultural aspects
R01899,2018,footwear collection,Nandi,co_occurrence,Both mentioned as part of the temple experience
R01899,2018,Nepali architecture building,Panchmukhi Shivling,description,Panchmukhi Shivling is inside the Nepali architecture building
R01874,2018,tourists have to pay,Indians and Locals go free,contrast,Different entry fees for tourists vs locals
R01874,2018,priest,con,causal,Priest involved in the con
R01874,2018,more than one entrance,cremations,co_occurrence,Cremations seen during walk from entrance
R02021,2018,Shivaratri,Hindu devotees,co_occurrence,Shivaratri is a major festival for Hindu devotees
R02021,2018,funeral spot,ancient inscriptions,description,ancient inscriptions are part of the temple's traditional arts
R00164,2012,cremate bodies,camera nearly end up in the river,contrast,cremation ritual contrasted with tourist behavior
R00164,2012,game people play,monkeys,co_occurrence,game and monkeys mentioned together
R01845,2018,Mahashivratri festival,Lord Shiva,description,festival associated with Lord Shiva
R01845,2018,prayers,Lord Shiva,description,prayers offered to Lord Shiva
R01845,2018,Hindus,Mahashivratri festival,co_occurrence,Hindus visit during the festival
R00801,2015,different culture,guide,contrast,contemplation without a guide
R00529,2014,cremation areas,cremation formalities and rituals,description,cremation areas involve formalities and rituals
R00529,2014,basic platforms,cremation areas,description,basic platforms are part of cremation areas
R00529,2014,enhanced understanding of local culture,sense of life's cycle,causal,understanding culture leads to sense of life's cycle
R00079,2012,end of life processes,sense of mortality,causal,end of life processes evoke a sense of mortality
R00079,2012,death,the west,contrast,death treatment differs from the west
R00983,2015,amazing architecture,spirituality,co_occurrence,architecture and spirituality admired together
R00983,2015,poverty of people,spirituality,contrast,contrast between spirituality and poverty
R00983,2015,Babas,simplicity of life,description,Babas talk about simplicity of life
R01069,2016,open cremations,burning ghats,co_occurrence,Cremations occur on the burning ghats
R01069,2016,frolicking monkeys,open cremations,contrast,Monkeys contrast with the solemnity of cremations
R01818,2018,tour guide,areas off limits to foreigners,contrast,tour guide helps navigate cultural rules
R01818,2018,Hindu Myth,main temple gate,description,Hindu Myth related to main temple gate
R02300,2019,complex religious significance,guide,causal,Guide helps understand religious significance
R02300,2019,Hindu aspects,Buddhist aspects,co_occurrence,Both Hindu and Buddhist aspects present
R00997,2016,beautiful place,most sacred Hindu temple,description,describes the temple as beautiful
R00997,2016,guide,most sacred Hindu temple,description,guide provides information about the temple
R00997,2016,dirty and crowded,most sacred Hindu temple,contrast,contrast between sacredness and cleanliness
R00886,2015,lots of people,worshipping,co_occurrence,People were engaged in worshipping
R00886,2015,lord Shiva,worshipping,description,Worshipping is directed towards lord Shiva
R02096,2018,cremation ghats,gallery with vendors,co_occurrence,vendors are present at the ghats
R02096,2018,cremation ghats,families grieve,co_occurrence,grieving occurs at the ghats
R02096,2018,Non Hindus are not allowed,hefty entry price,contrast,entry restriction contrasts with the fee
R00310,2013,locals as a guide,1-armed man,description,guide was a 1-armed man
R00310,2013,extremely large site,comfortable shoes,causal,large site requires comfortable shoes
R00310,2013,extremely large site,clean water,causal,large site requires bringing clean water
R02168,2019,darshan,evening prayer,co_occurrence,darshan and evening prayer occur together
R02168,2019,Bagmati River,bodies are burnt,description,Bagmati River banks are where bodies are burnt
R02168,2019,bodies are burnt,sense of mortality,causal,burning bodies evoke a sense of mortality
R02273,2019,main temple,non-Hindu entry ban,description,Entry restriction for non-Hindus
R02273,2019,crematoria,main temple,co_occurrence,Both are significant locations
R02273,2019,local guide,main temple,causal,Guide helps explore the main temple
R00743,2015,monkeys,temple,contrast,"monkeys are a problem, but the temple stands out"
R00743,2015,temple,golden cow,co_occurrence,temple and golden cow mentioned together
R00743,2015,cremation area,temple,description,cremation area is behind the temple
R02325,2019,rebuild after earthquake,many parts of temple,causal,rebuilding affects parts of temple
R01283,2016,cremation in the Hindu custom,"history, culture and customs",co_occurrence,Cremation is part of the customs
R01283,2016,guide,"history, culture and customs",description,Guide enhances understanding of history and customs
R02172,2019,main temple precinct,nandi (holy bull),description,main temple precinct houses the nandi
R02172,2019,burning ghat,Bagmati River,description,burning ghat is located by the Bagmati River
R02172,2019,sadhus,non-Hindu entry ban,contrast,sadhus interact with foreigners despite non-Hindu entry ban
R02172,2019,temple architecture,sense of respect,causal,fascinating architecture evokes a sense of respect
R00966,2015,Pagoda style temple,great architecture,description,temple has great architecture
R00966,2015,Pagoda style temple,wonderful metal doors,description,temple has wonderful metal doors
R00966,2015,cremation,Shelshmantak Jungle,co_occurrence,cremation occurs near Shelshmantak Jungle
R01700,2017,inside of the temple,restricted to Hindus only,description,Access restriction for Hindus only
R01700,2017,temple complex,open to all,description,General access policy
R02078,2018,HIMALAYAN SANCTUARY ADVENTURE ltd.,guide,causal,HIMALAYAN SANCTUARY ADVENTURE provided the guide
R02078,2018,guide,temple,description,guide explained the temple
R02078,2018,wonderful stop,temple,description,temple visit was a wonderful stop
R00681,2014,rudrakash mala shops,sadhus,co_occurrence,Both were present in the past
R00681,2014,sadhus,beggers,co_occurrence,Both were present in the past
R00681,2014,Nandi,darshan,description,Nandi is part of the darshan experience
R00681,2014,non-Hindu entry ban,darshan,contrast,Non-Hindus cannot participate in darshan
R00681,2014,pind-dan,cremation place,description,Pind-dan is performed at the cremation place
R01725,2017,beautiful architecture,interesting traditions,co_occurrence,Architecture and traditions mentioned together
R00205,2012,main temple,Bagmati river,co_occurrence,main temple is located by the Bagmati river
R00205,2012,funeral ceremonies,ghats,description,funeral ceremonies occur in the ghats
R00205,2012,Respect to the families,ghats,causal,standing in front of the ghats shows respect
R00486,2014,non-Hindu entry ban,hindu cremation ceremony,contrast,entry restriction contrasts with witnessing the ceremony
R00486,2014,hindu cremation ceremony,sense of peace,causal,cremation ceremony contributes to sense of peace
R00486,2014,dirty river,small white temple,contrast,dirty river contrasts with discovery of temple
R00198,2012,cremations,extraordinary,co_occurrence,Cremations contribute to the extraordinary feeling
R00198,2012,Hindu religion,unusual and interesting places,description,Hindu religion interest makes it an unusual place
R01447,2017,open air cremations,river,co_occurrence,Cremations occur by the river
R01447,2017,entry fee,cultural standpoint,contrast,Entry fee contrasts with cultural interest
R00433,2013,wonderful architecture,sacred river,co_occurrence,architecture and river mentioned together
R00433,2013,sacred river,cremations,causal,sacred river is where cremations happen
R00433,2013,1000 NPR for foreigners,holy site honoring Shiva,contrast,entry fee contrasts with sacredness
R00922,2015,funeral services,Baghmati River,causal,funeral services use water from Baghmati River
R00922,2015,non-Hindu entry ban,small temples,contrast,non-Hindus can see small temples but not enter main temple
R00552,2014,Rudraksh,shops,co_occurrence,Rudraksh sold in shops
R00552,2014,Idols,shops,co_occurrence,Idols sold in shops
R02197,2019,darshan,architecture,co_occurrence,darshan and architecture experienced together
R02197,2019,monkeys,camera restriction,contrast,"monkeys are a problem, while camera restriction is a rule"
R01017,2016,guide,entry fee,contrast,guide fee not disclosed upfront
R01017,2016,14th-17th century Hindu architecture,current culture,co_occurrence,architecture and culture seen together
R02485,2025,serene yet powerful atmosphere,chants of priests,co_occurrence,atmosphere enhanced by chants
R02485,2025,serene yet powerful atmosphere,devotees offering prayers,co_occurrence,atmosphere enhanced by prayers
R02485,2025,Bagmati River,sacred rituals and ceremonies,description,rituals performed along the river
R02485,2025,intricate architecture,ashrams,co_occurrence,architecture and ashrams enhance visit
R02148,2019,areas to walk around,reconstructed after the earthquake,contrast,interesting despite reconstruction
R00298,2013,burning ghats,hindoeist people,description,hindoeist people perform cremations at the burning ghats
R00298,2013,burning ghats,confronting,causal,visiting the burning ghats can be confronting
R01913,2018,decent dress code,remove shoes,co_occurrence,Both are cultural rules for visiting the temple
R00700,2014,Bagmati River,Ghats,co_occurrence,Ghats are located at the river bank
R00700,2014,puja,Linga stones,description,puja performed on Linga stones
R00700,2014,holy men,Ghats,co_occurrence,holy men resting on the Ghats
R00700,2014,cremations,Ghats,co_occurrence,cremations occur on the Ghats
R00700,2014,non-Hindu entry ban,golden roofs,contrast,non-Hindu entry ban contrasts with visible golden roofs
R00356,2013,non-Hindu entry ban,1000 NR entrance for non-Asians,co_occurrence,Both relate to access restrictions for non-Hindus
R00356,2013,pictures of cremations,grief,causal,Taking pictures intrudes into others' grief
R01044,2016,statue of Nandi,statue of Hanuman ji,co_occurrence,Both statues are mentioned together
R01044,2016,monkeys,Prasad,causal,Monkeys are looking for Prasad
R01044,2016,photography not allowed,small market,contrast,Restriction inside vs. market outside
R02247,2019,Mondays,overwhelming,causal,Mondays cause overwhelming crowd
R02247,2019,special days,overwhelming,causal,special days cause overwhelming crowd
R01178,2016,cremation pyres,very spiritual place,co_occurrence,cremation pyres contribute to spiritual atmosphere
R01178,2016,non-Hindu entry ban,photos were frowned upon,co_occurrence,both are cultural rules observed during visit
R01889,2018,beautiful temple,sacred river Bagmati,co_occurrence,temple located on the banks of the river
R01889,2018,cremation,sacred river Bagmati,causal,cremation takes place by the river
R01889,2018,non-Hindu entry ban,beautiful temple,description,entry restriction for non-Hindus
R00352,2013,different culture and beliefs,shock,causal,Different culture and beliefs caused shock
R00352,2013,guide,crematorium area,description,Guide explained the crematorium area
R00711,2014,Hindus devotees,holiest spot,description,Hindus devotees consider it the holiest spot
R00711,2014,open for all,appreciated by tourists,causal,opening for all would allow appreciation by tourists
R02262,2019,1000 npr entrance fee,westerners,causal,fee is insulting for westerners
R02262,2019,viewing platform,westerners,contrast,lack of viewing platform for westerners
R02262,2019,ghats,minor temples,co_occurrence,ghats and minor temples mentioned together
R00381,2013,not hindu,pay more,causal,Non-Hindus have to pay more
R00388,2013,local guide,guides service,description,guide provides a service
R00388,2013,tradition of Nepal,emotional,causal,tradition evokes emotion
R00677,2014,guided tour,too many people,co_occurrence,Guided tours are associated with too many people
R00677,2014,Buddhist temples,explore on your own,contrast,Buddhist temples allow exploration on your own
R00419,2013,Crematoria,atmosphere of peace,co_occurrence,Crematoria is part of peaceful atmosphere
R00419,2013,someone show you around,sharing Temples amongst religions,contrast,guided tours contrast with shared religious space
R00314,2013,artistry and the architecture,awe-inspiring,description,The artistry and architecture are described as awe-inspiring
R00314,2013,bathing area,feel of the culture,co_occurrence,The bathing area contributes to the cultural feel
R02393,2020,peace of mind,relief,co_occurrence,peace of mind and relief felt together
R02393,2020,blessed,energy,co_occurrence,feeling blessed and energized together
R00162,2012,beautifully made temple,great atmosphere,contrast,beautiful temple but negative experience
R00162,2012,unwanted fakirs,no cleanliness,co_occurrence,both are issues mentioned
R00162,2012,no cleanliness,no sense of peace,causal,lack of cleanliness affects peace
R01348,2016,poorly maintained,cleanliness,co_occurrence,Both relate to maintenance issues
R01348,2016,over crowded,devotion,contrast,Crowding does not affect devotion
R02238,2019,priest,Pooja,causal,priest arranges Pooja
R00500,2014,law of nature,culture of the Indian people,co_occurrence,Both are aspects to see at the site
R00500,2014,Varanasi,smaller scale,contrast,Comparison between Varanasi and the site
R02103,2018,Hindu cremation place,final goodbye,causal,cremation place for saying goodbye
R02103,2018,ceremony,concert of singing and dancing,description,ceremony includes concert
R01468,2017,holy site,the dead pass on,description,holy site is where the dead pass on
R01468,2017,other worldliness,Leave the camera behind,contrast,other worldliness contrasted with leaving camera behind
R02408,2022,walk up the hill,view from up there,causal,The walk up the hill leads to the view
R01051,2016,1000 rupees entrance fee,non-Hindu entry ban,co_occurrence,Both relate to foreigner restrictions
R01721,2017,live cremations,intense,description,Cremations described as intense
R01721,2017,live cremations,interesting,description,Cremations described as interesting
R00735,2014,great history,not kept clean,contrast,great history but not kept clean
R00735,2014,non-hindus are not allowed,photography is prohibited,co_occurrence,both are access restrictions
R01819,2018,glimpse of the past,architecture,co_occurrence,both are aspects of the site
R01819,2018,government,maintenance,causal,government's lack of action causes maintenance issues
R00778,2015,guide,money,description,guide was only interested in money
R00778,2015,funerary customs,families paying their last respects,co_occurrence,funerary customs involve families paying respects
R01271,2016,funeral process,river,co_occurrence,funeral process occurs near the river
R01271,2016,hill,woods,co_occurrence,hill and woods are part of the walk
R01271,2016,woods,multiple shrines,co_occurrence,woods and shrines are along the walk
R01254,2016,statue of a giant Nandi,main deity of Pashupatinath,description,Nandi facing the main deity
R02110,2018,world heritage site,extremely filthy,contrast,Heritage status contrasted with poor condition
R02110,2018,cow urine,extremely filthy,co_occurrence,Cow urine contributes to filthiness
R02110,2018,pickpocketers,flowers,co_occurrence,Pickpocketers near flower selling area
R00604,2014,spiritual feeling,time to feel,causal,spending time leads to spiritual feeling
R01237,2016,ancient temple,Lord Shiva,description,temple where Lord Shiva is worshiped
R01237,2016,ancient temple,UNESCO declared World Heritage Site,description,temple is a UNESCO World Heritage Site
R02014,2018,Hindu cremation,family saying goodbye,co_occurrence,cremation and family goodbye occur together
R02014,2018,guides,holy men,co_occurrence,guides and holy men seen in the same area
R02014,2018,entry fee for foreigners,Hindu cremation,contrast,high entry fee contrasted with cremation experience
R00841,2015,Bagmati river,cremation,co_occurrence,Cremation observed by the Bagmati river
R01370,2016,main temple,idol,co_occurrence,idol is located in the main temple
R01370,2016,no kind of photography,main temple,description,photography rule applies to the main temple
R01370,2016,Prayer ceremony,idol,co_occurrence,prayer ceremony involves the idol
R00401,2013,burning their dead,filthy river,co_occurrence,Both observed during the visit
R00401,2013,blood-drawn circle,paralysed monkey,co_occurrence,Both observed during the visit
R00401,2013,burning their dead,disturbing,causal,Cremation ceremony caused disturbance
R02386,2020,architecture,woodwork,co_occurrence,architecture and woodwork mentioned together
R01152,2016,religious festival,river,contrast,could not enter due to festival but enjoyed the river
R01152,2016,river,atmosphere,causal,sitting by the river enhanced the atmosphere
R00551,2008,guide,cremation ceremony,co_occurrence,guide helps understand rituals
R00551,2008,cremation ceremony,ashes tossed in the river,causal,ashes are result of cremation
R00551,2008,hospice,cremation ceremony,description,hospice is part of the ritual process
R01430,2017,Kathmandu Valley sightseeing,rich art and architecture,co_occurrence,Both are part of the sightseeing experience
R00733,2014,Bagmati river,AArti,co_occurrence,AArti takes place at the Ghats on the Bagmati river
R00733,2014,scattered temples of gods,design and architecture,description,temples provide insight into historical design and architecture
R02420,2022,4 men,bag theft,causal,4 men following led to fear of theft
R02420,2022,Hindu ladies,distressed,co_occurrence,Hindu ladies helped when distressed
R02053,2018,inner part of the temple,non-Hindu entry ban,causal,Non-Hindus cannot enter the inner part
R02053,2018,Cremation Ghats,Bagmati river,description,Cremation Ghats are located on the banks of Bagmati river
R02053,2018,smaller temples,Lord Shiva,description,Smaller temples are dedicated to Lord Shiva
R01565,2017,Kal bhairav,kaliyuga temples,co_occurrence,Both are nearby temples
R00559,2014,monkeys,sandals,causal,monkeys caused the problem with sandals
R00559,2014,monkeys,docile,contrast,monkeys are both a problem and described as docile
R00180,2012,cremation ghat,cremation ceremony,co_occurrence,cremation ceremony takes place at the ghat
R00180,2012,restricted to Hindus only,paid a lot as tourists,contrast,restriction contrasts with high entry fee
R00910,2015,non-Hindu entry ban,old architecture,contrast,cultural restriction contrasts with appreciation of architecture
R00910,2015,pooja,NCR 1100,description,cost associated with booking pooja
R00636,2014,cremation,traditional songs/chants,co_occurrence,cremation and songs/chants happening together
R00636,2014,holy men,cremation,contrast,holy men deep in meditation contrasted with cremation scene
R01529,2017,river,cremation,co_occurrence,river and cremation observed together
R01529,2017,cremation,holy place,description,cremation as part of holy place activities
R02398,2020,tourist,spiritual purpose,causal,tourists came for spiritual purpose
R01148,2016,Aarti ceremony,authentic experience,description,Aarti ceremony described as authentic experience
R01148,2016,burning ghats,intrusive feeling,description,burning ghats felt intrusive
R01148,2016,temple guides,Mother Theresa homes,co_occurrence,Mother Theresa homes part of guided tour
R01148,2016,taxis in Nepal,temple guides,contrast,"taxis are problematic, guides are hit or miss"
R01364,2016,guide,Hindu culture,causal,guide needed to explain Hindu culture
R01364,2016,Hindu culture,cremation ceremony,description,Hindu culture explains significance of cremation ceremony
R01364,2016,stairs,deer park,co_occurrence,stairs lead to deer park
R00448,2013,Bagmati river,Hindu cremation ground,co_occurrence,Bagmati river is the location of the cremation ground
R00448,2013,priests,customized prayer menu,causal,Priests offer customized prayer menu
R00448,2013,entry inside the temple premises,dirty and chaotic premises,contrast,Cultural rule contrasts with the dirty and chaotic premises
R01242,2016,lord Shiva,Shiva arati function,description,arati is a ritual dedicated to lord Shiva
R00757,2015,building,aura,causal,building's aura felt upon entry
R00757,2015,cremating of the bodies,river,co_occurrence,cremation occurs by the river
R00757,2015,priests,security,contrast,"priests are not intrusive, but security limits viewing time"
R01697,2017,gift and prasad shops,fraud stone shops,contrast,shops available but beware of fraud
R01697,2017,early morning,rush,causal,visiting early morning helps avoid rush
R00133,2012,cremation ceremony,funerals,co_occurrence,Cremation and funerals happening together
R00133,2012,grief,funerals,causal,Funerals causing grief
R00133,2012,cows,food for the animals,description,Cows being fed by locals
R00133,2012,monkeys,food for the animals,description,Monkeys being fed by locals
R00133,2012,small birds,food for the animals,description,Birds being fed by locals
R00202,2012,funeral ceremonies,holy river,co_occurrence,funeral ceremonies involve the holy river
R00202,2012,monkeys,old shrines,co_occurrence,monkeys are present around the shrines
R00202,2012,humbling experience,funeral ceremonies,causal,funeral ceremonies cause a humbling experience
R01900,2018,cremations,local approach to death,description,cremations are part of the local approach to death
R01900,2018,impressive,unique,contrast,impressive site contrasted with unique cultural practices
R01121,2016,carnation place,answers to a lot of your unanswered questions,causal,carnation place provides answers
R00889,2015,Cremation Ghats,fascinating place,contrast,contrast between discomfort and fascination
R01402,2017,open-air cremations,Nepali Hindu culture,description,cremations are part of Nepali Hindu culture
R01402,2017,open-air cremations,Westerners,contrast,unusual for Westerners
R02127,2019,spiritual experiences,rich culture,co_occurrence,spiritual experiences and rich culture are mentioned together
R01464,2017,architecture,monuments,co_occurrence,Both are part of the temple's physical features
R01464,2017,holy river Bagmati,tranquil feeling,causal,Being by the river induces a tranquil feeling
R01464,2017,holy river Bagmati,peace with their inner self,causal,Being by the river leads to peace with inner self
R01464,2017,holy river Bagmati,eerie cry of the families of the deceased,contrast,The peace of the river contrasts with the eerie cry
R00473,2014,older guys in costumes,photos and videos,co_occurrence,Photos taken with older guys in costumes
R00473,2014,cultural shock,not cheap fee,contrast,Cultural shock contrasted with not cheap fee
R00021,2026,non-Hindu entry ban,1000Rps. Pay entrance fee,causal,entry fee due to non-Hindu status
R00021,2026,1000Rps. Pay entrance fee,inner part of the temple,contrast,fee does not allow access to inner part
R00021,2026,inner part of the temple,burns for free in Varanassi,contrast,comparison with free access in Varanassi
R00294,2013,"Rs1,000 each",expensive,causal,High entry fee causing expense issue
R00294,2013,"Rs1,000 each",restore and maintain,causal,Entry fee used for restoration
R00828,2015,Shivarthiri,special poojas,causal,Shivarthiri is the occasion for special poojas
R00828,2015,Shivarthiri,Lord Shiva,description,Shivarthiri is a significant day for Lord Shiva
R00161,2012,cremation ceremony,tourists,co_occurrence,cremation ceremony and tourists mentioned together
R00161,2012,500 rupees,tourists,contrast,ticket price contrasted with tourists avoiding it
R00161,2012,guides,tourists,co_occurrence,guides and tourists mentioned together
R01764,2017,12th Jyotir linga Temple,Darshan,description,Jyotir linga Temple is a place for Darshan
R01764,2017,Darshan,temple gate,causal,Darshan timing affected by temple gate closure
R01764,2017,12th Jyotir linga Temple,mythological background,description,Temple has a mythological background
R01245,2016,cremation ceremonies,sadhus,co_occurrence,both can be seen early
R01245,2016,biggest temple,non-Hindu entry ban,causal,access restricted due to non-Hindu entry ban
R01245,2016,entry fee for foreigners,biggest temple,contrast,entry fee for foreigners contrasts with restricted access
R00995,2016,shrines,cremation spots,co_occurrence,shrines and cremation spots mentioned together
R00995,2016,cremation procedure,guide,causal,guide explains the cremation procedure
R00995,2016,cremation procedure,truly moving,causal,cremation procedure was moving
R02248,2019,devotees and worshiper,flower garlands,co_occurrence,devotees carrying flower garlands
R02248,2019,devotees and worshiper,purified mind and heart,co_occurrence,devotees with purified mind and heart
R02248,2019,devotees and worshiper,Monday morning,co_occurrence,devotees visiting on Monday morning
R02194,2019,sunset time,peaceful,causal,sunset time contributed to feeling peaceful
R02194,2019,night lightening,sacred place,description,night lightening adds charm to sacred place
R02005,2018,divine vibration,evening aarti,co_occurrence,divine vibration associated with evening aarti
R02005,2018,evening aarti,temple complex,description,evening aarti takes place in the temple complex
R00579,2014,evening Aarti,world heritage sites,co_occurrence,Aarti is part of the heritage site experience
R01617,2017,12 Jyotirlinga,Puja,description,Jyotirlinga is a revered Shiva temple
R01617,2017,temple complex,earthquake,contrast,temple complex has both intact and damaged structures
R01617,2017,Bagmati River,cremation ghat,co_occurrence,cremation ghat is beside the river
R01617,2017,temple complex,Sadhus,description,some temples are populated by Sadhus
R00494,2014,cremation ceremony,Bagmati River,co_occurrence,cremation ceremony happens along the river
R00494,2014,amusement park,cremation ceremony,contrast,amusement park contrasts with the solemnity of cremation
R00494,2014,sadhus,sense of peace,co_occurrence,sadhus contribute to the sense of peace
R00494,2014,grieving relatives,sense of peace,contrast,grieving relatives contrast with the sense of peace
R02242,2019,cremation rituals,river,co_occurrence,cremation rituals occur on the river
R02242,2019,serenity,river,description,serenity is a quality of the area around the river
R01645,2017,monkeys,sweets,causal,monkeys might steal sweets
R02044,2018,public cremation site,cremation,description,cremation happens at the site
R02044,2018,river,polluted,description,river is described as polluted
R02044,2018,native guide,interesting and informative,causal,guide made the experience interesting and informative
R00318,2013,guides,no need of guide,contrast,guides are present but not needed
R01175,2016,Maha Shivaratri,many people,co_occurrence,festival attracts many people
R01175,2016,pray,power of god Shiva,causal,prayer is linked to the power of god Shiva
R00270,2013,cheeky monkeys,emotion of life and death,contrast,monkeys contrast with life and death emotions
R00270,2013,rituals involved around death,moving,causal,rituals cause a moving feeling
R01360,2016,cremation ceremony,sense of mortality,causal,cremation ceremony evokes sense of mortality
R02170,2019,guide,entire process,causal,Guide explained the process
R02170,2019,1000 rupees,guide,description,Cost of hiring a guide
R01620,2017,cleansing and cremation rituals,holy river,causal,ashes are swept into the holy river after cremation
R01620,2017,small temples and stupas,cleansing and cremation rituals,co_occurrence,small temples and stupas are part of the domain with rituals
R01620,2017,guide,cleansing and cremation rituals,description,guide explains the rituals
R00307,2013,magical feeling,ancient temples,co_occurrence,magical feeling associated with ancient temples
R00307,2013,burning bodies,different burial ceremonies,co_occurrence,burning bodies as part of burial ceremonies
R00601,2014,spiritual feeling,immense confident,co_occurrence,Both emotions felt during visit
R00267,2013,ancient sights,cremations,co_occurrence,ancient sights and cremations mentioned together
R00267,2013,guide,disappointment,causal,guide expressed disappointment due to tip size
R02081,2018,evening aarati,special occasion,co_occurrence,aarati occurs during special occasions
R02081,2018,special occasion,crowded,causal,special occasions cause crowding
R01534,2017,statue,not well maintained,contrast,statue visibility contrasted with maintenance issues
R01534,2017,not well maintained,not organized,co_occurrence,maintenance and organization issues mentioned together
R00705,2014,cremation ceremony,Ghats,co_occurrence,Cremation ceremony occurs on the Ghats
R00705,2014,Ghats,Bagmati River,description,Ghats are located on the Bagmati River
R00705,2014,cremation ceremony,funeral pyres,co_occurrence,Cremation ceremony involves funeral pyres
R00705,2014,uneasy,cremation ceremony,causal,Uneasy feeling caused by witnessing the cremation ceremony
R00480,2014,touts,poojas,causal,touts try to involve visitors in poojas
R00480,2014,touts,regret,causal,touts cause regret
R01791,2018,cremations at the river,respectful and mournful,description,Cremation described as respectful and mournful
R01791,2018,Only Hindu inside temple,cremations at the river,contrast,Cultural rule contrasted with open observation of cremations
R00446,2013,cremation,life and death,co_occurrence,cremation involves life and death
R00446,2013,children playing,life and death,contrast,children playing contrasts with death
R00926,2015,Bagmati River,cremation,causal,bodies are dipped in the river before cremation
R00926,2015,priests,ceremony,description,priests handle lights during the ceremony
R00456,2014,impressive from across the river,non Hindus are not allowed inside,contrast,impressive view contrasted with access restriction
R00456,2014,live cremations,fantastic experience,causal,live cremations caused fantastic experience
R01583,2017,sadhus,Lord Shiva,description,sadhus are main believers of Lord Shiva
R01205,2016,golden Nandi,crowded,contrast,beauty of Nandi contrasts with crowd
R01205,2016,original view,main temple,description,original view includes main temple
R01205,2016,main temple,Idols,co_occurrence,main temple and Idols mentioned together
R01038,2016,devotes,religious rituals,co_occurrence,devotes present during rituals
R01549,2017,funeral pyre,Aarti,co_occurrence,Both observed during the visit
R01549,2017,river,polluted,description,River is described as polluted
R00943,2015,ceremony of death,preparation,description,preparation is part of the ceremony
R01413,2017,bathing pool,historical buildings,co_occurrence,Both are mentioned as part of the experience
R01413,2017,restaurants,shops,co_occurrence,Both are mentioned together as part of the city exploration
R00536,2014,10usd,pictures,contrast,cost and picture policy differ
R00536,2014,GANGES river,cremation,co_occurrence,cremation occurs at Ganges
R02267,2019,evening aarti,World UNESCO site,co_occurrence,Both mentioned as attractions
R02267,2019,entry across river for foreigners,World UNESCO site,contrast,Cultural rule contrasts with UNESCO status
R00179,2012,funeral pyres,ritual walking around the body,description,funeral pyres involve ritual walking around the body
R00179,2012,bizarrely made up Holi men,monkeys,contrast,Holi men posing for photos contrasted with monkeys stealing offerings
R00179,2012,guide,funeral pyres,causal,guide shows the funeral pyres
R01064,2016,burning cremation,river,co_occurrence,Cremation occurs near the river
R01064,2016,burning cremation,small shiva stupa temples,co_occurrence,Cremation observed near stupa temples
R01064,2016,spiritual blessing,"clean, peaceful, calm",description,Spiritual blessing described as peaceful
R00499,2014,sunset visit,mystery,causal,sunset visit added to the mystery
R00499,2014,hospice,ghats,description,hospice located above the ghats
R00499,2014,student guide,sunset visit,co_occurrence,student guide enhanced the sunset visit
R00355,2013,care and upkeep,1000 rupee entrance fee,contrast,surprising considering entrance fee
R00355,2013,yogis,colorful outfits,description,yogis wearing colorful outfits
R02225,2019,foreign tourist,non-Hindu entry ban,causal,foreign tourists cannot enter due to non-Hindu entry ban
R02225,2019,no clear sign,guard at the gate,causal,lack of signs leads to confusion at the gate
R02225,2019,dog feaces,Pashupatinath committee,contrast,filth contrasts with expected upkeep by committee
R00594,2014,two level structure,non-Hindu entry ban,contrast,beautiful structure but restricted access
R00594,2014,cremation area,monkeys,co_occurrence,both mentioned in context of visit
R01268,2016,main temple,feel of the lord,description,main temple gives spiritual satisfaction
R01268,2016,ghats,river,co_occurrence,ghats and river mentioned together
R02173,2019,cremation,fire building,description,part of the cremation process
R02173,2019,cremation,washing the embers into the river,description,part of the cremation process
R02173,2019,washing the embers into the river,Bagmati River,causal,embers washed into the river
R01665,2017,hindu temple,renovation,description,temple is under renovation
R00372,2013,great Hindu festival Shivaratri,sadhus,co_occurrence,Sadhus are present during Shivaratri
R00372,2013,Peoples around the world,enjoy,causal,People gather to enjoy
R00091,2012,Bagmati River,Devpatan,description,Bagmati River is located in Devpatan
R00091,2012,Pashupatinath,Lord Shiva,description,Pashupatinath is a manifestation of Lord Shiva
R01185,2016,temple outer area,earthquake,causal,temple outer area was destroyed due to the earthquake
R01783,2018,"1,000 rupees to enter",access to the temple is restricted,co_occurrence,Both relate to access and cost issues
R01783,2018,"scammed out of 1,000 rupees",shifty tour guide,causal,Scam was caused by the tour guide
R01783,2018,Hindu priest,shifty tour guide,description,Tour guide suggested interaction with priest
R01783,2018,crematorium,burning bodies,description,Crematorium is where bodies are burned
R01543,2017,shiv lingas,spiritually satisfying,co_occurrence,shiv lingas contribute to spiritual satisfaction
R01543,2017,giant statue of Nandi,spiritually satisfying,co_occurrence,Nandi statue contributes to spiritual satisfaction
R01543,2017,darshan,spiritually satisfying,co_occurrence,darshan contributes to spiritual satisfaction
R01195,2016,Sumit,history of Pashupatinath,description,Sumit shares the history of Pashupatinath
R01195,2016,Sumit,narration from the guide,description,Sumit provides narration
R01902,2018,pagoda style,Nandi,description,Nandi is part of the pagoda style structure
R01902,2018,Mukhalinga,silver yoni base,description,Mukhalinga is bound with the silver yoni base
R01902,2018,rudraksha mala,kamandalu,co_occurrence,rudraksha mala and kamandalu are held by the lingam
R02368,2020,largest famous Hindu shiva temple,nice organization,description,organization of the temple
R02368,2020,largest famous Hindu shiva temple,very good condition,description,condition of the temple
R02368,2020,largest famous Hindu shiva temple,clean,description,cleanliness of the temple
R00376,2013,pandits,Shiva temple,co_occurrence,pandits are performing prayers at the Shiva temple
R00376,2013,dead bodies,foul smell,causal,burning bodies cause foul smell
R00376,2013,non-Hindu entry ban,camera ban,co_occurrence,both non-Hindus and cameras are not allowed
R01613,2017,outer buildings,cremation,contrast,damage contrasts with spiritual significance
R01613,2017,guide,cash machines,co_occurrence,both are services available at the site
R01613,2017,Sadhus,monkeys,contrast,religious actors contrast with animal presence
R01613,2017,sense of occasion,moving experience,contrast,lack of occasion contrasts with moving experience
R02417,2022,Shandya Aarati,spiritual feelings,causal,Shandya Aarati evoked spiritual feelings
R00848,2015,pagado style temple,great carvings,co_occurrence,Both are features of the temple
R00848,2015,smell of burning flesh,not so clean surrounding,co_occurrence,Both are negative aspects of the environment
R00848,2015,aarti,sadhus and sadhvis,co_occurrence,Both are part of the evening experience
R00187,2012,environment,wonderful architecture,co_occurrence,Both are aspects of the site to enjoy
R00599,2014,walkway,spiritual experience of lifetime,causal,walkway contributes to spiritual experience
R00599,2014,Parikrama,statues of Adi Shankara,co_occurrence,statues seen during Parikrama
R00599,2014,devotees,spiritual experience of lifetime,co_occurrence,devotees contribute to spiritual experience
R01124,2016,not being Hindu,large bronze statue,contrast,Non-Hindus can't enter but can see the statue
R01124,2016,Hindi's visiting,importance,causal,Hindi's visiting due to importance
R01027,2016,Cremation Area,Religious Importance,co_occurrence,Cremation Area and Religious Importance mentioned together
R01027,2016,Quite Peaceful,Presence of God,causal,Feeling of peace linked to sense of God's presence
R00427,2013,sheer size,rituals,co_occurrence,size and rituals mentioned together
R00427,2013,non Hindus are not allowed,fee to enter,co_occurrence,entry restrictions and fee mentioned together
R00840,2015,cremation ground,cremation,co_occurrence,cremation takes place at the cremation ground
R00840,2015,Bagmati River,cremation ground,co_occurrence,Bagmati River is near the cremation ground
R00840,2015,mix feeling,cremation,causal,mix feeling caused by witnessing cremation
R00783,2015,burning in Ghats,Saint Rivier,causal,ashes are taken from the Ghats to the river
R00783,2015,Saint Rivier,ashes,description,Saint Rivier carries ashes
R00163,2012,Hindu traditions,interesting,description,Hindu traditions described as interesting
R00163,2012,non-Hindu entry ban,tired,contrast,entry ban contrasted with tiredness
R00342,2013,darshan,thiefs,contrast,difficulty in darshan due to thieves
R00342,2013,Shiva lingam,ghats on Bagmati River,co_occurrence,both are sacred elements mentioned together
R01475,2017,big temple,ancient period,description,temple is from ancient period
R01475,2017,small river Bagmati,many small temples,co_occurrence,small river and temples are in the same area
R02377,2020,largest Hindu temple,crematorium,description,temple includes the crematorium
R02377,2020,Shivaratri,sense of faith,causal,festival reinforces faith
R02377,2020,dirty Pashupati,monkeys with HIV,contrast,dirty environment contrasted with health risk
R02220,2019,people trying to sell you things,cultural experiences,contrast,negative experience contrasted with cultural value
R02220,2019,monkeys,mourners,contrast,aggressive monkeys contrasted with respectful behavior towards mourners
R00795,2015,burning place,non-Hindu entry ban,contrast,burning place is sacred but entry is restricted
R00795,2015,non-Hindu entry ban,entry fee for foreigners,co_occurrence,entry restrictions and fees mentioned together
R00188,2012,cremation ritual,dead bodies,description,cremation involves burning dead bodies
R00188,2012,dead bodies,river,co_occurrence,cremation occurs by the river
R00188,2012,monkeys,river,co_occurrence,monkeys are present near the river
R01850,2018,cremation ground,fierce barking dogs,co_occurrence,Both are present at the site
R01850,2018,saints,non-Hindu entry ban,description,Saints and locals observe the entry rule
R00276,2013,public Hindu cremations,sad yet fascinating place,description,cremations described as sad yet fascinating
R00276,2013,guide,negotiate first,causal,negotiation needed for guide service
R00571,2014,gang of robbers,priest,co_occurrence,Both involve deception and money
R00571,2014,priest,shrine,causal,Priest offers faster access to shrine
R00571,2014,crowded,not so clean,co_occurrence,Both describe negative aspects of the area
R01653,2017,guide,burial rituals,causal,guide explains burial rituals
R01653,2017,chaotic and dirty,banks of the river,contrast,chaotic temple contrasted with sacred river banks
R01653,2017,burial rituals,funeral pyres,description,funeral pyres are part of burial rituals
R01653,2017,funeral pyres,sense of mortality,causal,funeral pyres evoke sense of mortality
R00896,2015,Bholenath,very religious place,description,Bholenath associated with religious place
R00896,2015,"relax your mind, body & soul",feeling lucky,co_occurrence,Feeling relaxed and lucky co-occur
R02230,2019,main temple complex,frustrated,causal,frustration due to entry restriction
R02230,2019,Bagmati River,cremation ghats,description,cremation ghats are along the Bagmati
R02230,2019,cremation,interesting and weird,description,cremation described as interesting and weird
R01143,2016,lovely grounds,only Hindus are allowed,contrast,beautiful grounds but restricted access
R01143,2016,scammers,shamans,description,scammers described as shamans
R01143,2016,shamans,demand money,causal,shamans demand money
R01143,2016,demand money,swords to your throat,co_occurrence,threatening behavior with swords
R01836,2018,sacred temple,prayers,co_occurrence,Prayers occur at the sacred temple
R01836,2018,demised bodies,burning ceremony,causal,Demised bodies are managed through the burning ceremony
R01650,2017,imposing structure,evening arti,co_occurrence,structure and practices observed together
R01650,2017,evening arti,elated,causal,arti caused elation
R01650,2017,Bagmati River,cremation,description,cremation occurs on the river banks
R01650,2017,Suryanarayan temple,Kal Bhairav temple,co_occurrence,temples seen together
R00833,2015,non Hindu tourist,Hindu community peoples rituals,contrast,Non-Hindu entry ban contrasted with observing rituals
R00833,2015,Hindu community peoples rituals,burning the dead,description,Rituals include burning the dead
R00154,2012,approach,non-Hindu entry ban,contrast,dirty approach contrasts with entry restriction
R00154,2012,non-Hindu entry ban,cultural significance,causal,entry restriction due to cultural significance
R02288,2019,main temple,interesting building,contrast,main temple restricted but other buildings available
R02288,2019,burial ceremoneys,shock,causal,burial ceremonies can cause shock
R00804,2015,1000 rupees or 10 U$,service of third world,contrast,high price contrasted with poor service
R00804,2015,Golden Temple,Hindu People,description,access restricted to Hindu People
R01295,2016,earthquake,repair work,causal,earthquake caused need for repair work
R01295,2016,centre of the temple,Only Hindu are allowed,description,cultural rule about access to sacred space
R01092,2016,important pilgrimage site,faithful,co_occurrence,site draws the faithful
R01092,2016,important pilgrimage site,Kathmandu Valley,description,location context
R01638,2017,pious place,positive energy,co_occurrence,pious place and positive energy felt together
R01638,2017,being a hindu,visit in your life time,causal,being a Hindu implies visiting at least once
R02428,2023,impressive architecture structure,pagoda style,description,architecture described as pagoda style
R02428,2023,cremation,Bagmati river,co_occurrence,cremation occurs at the bank of Bagmati river
R02428,2023,cremation,emotional,causal,cremation causes emotional response
R02320,2019,mandir,beautifully maintained,description,mandir is beautifully maintained
R02320,2019,puja,animals,co_occurrence,puja and animals allowed coexist
R00415,2013,spiritual atmosphere,dominants of Kathmandu,description,spiritual atmosphere described as dominant
R00415,2013,visitor,sitting,co_occurrence,visitors engage in sitting
R01465,2017,ancient temple,lord Shiva,description,temple dedicated to lord Shiva
R01465,2017,holy place,huge statue made of bronze,co_occurrence,statue located in the holy place
R02344,2019,cremations,burning of the bodies,co_occurrence,cremations and burning of the bodies are part of the same ritual
R02344,2019,temple grounds,burning of the bodies,contrast,interesting temple grounds contrasted with the emotional impact of the cremation
R00216,2012,camera,non-Hindu entry ban,causal,camera restriction due to cultural rule
R00738,2014,metal Nandi,4 faced shivlings,description,Nandi guards the shivlings
R00738,2014,sanctum,darshan,causal,sanctum opening allows darshan
R00357,2013,non-Hindu entry ban,outside perimeter,contrast,allowed to walk outside but not enter
R00357,2013,tourists taking pictures,cremations,co_occurrence,tourists taking pictures of the ritual
R01839,2018,cremation of the dead,grieving families,co_occurrence,cremation performed by grieving families
R01839,2018,cremation of the dead,river that Hindus revere,co_occurrence,cremation occurs beside the river
R01839,2018,crowded place,sense of intrusion,contrast,crowded place contrasts with personal sense of intrusion
R01839,2018,non Hindus are not allowed,cremation of the dead,contrast,non-Hindu entry ban contrasts with witnessing cremation
R00028,2011,coins and statues,water full of human ashes,co_occurrence,coins and statues are thrown into the water
R00028,2011,kids,water full of human ashes,co_occurrence,kids sift through the water
R00028,2011,disrespectful,water full of human ashes,contrast,expected disrespect but no one minds
R01431,2017,ancient,dirt,contrast,ancient appearance contrasted with dirtiness
R01431,2017,Entrance fee,non-Hindu entry ban,causal,high entrance fee because tourists cannot enter
R01946,2018,cremation process,speechless,causal,cremation process caused speechless feeling
R01301,2016,temples,monkeys,co_occurrence,temples and monkeys mentioned together
R01301,2016,public cremation,moving experience,causal,cremation caused moving experience
R01374,2016,Bagmati river,burning fire,co_occurrence,Cremation occurs near the Bagmati river
R01374,2016,Hindus temple,Hindu people,description,Temple is significant for Hindu people
R01789,2018,Hindu temple,favorite of all the temples,description,temple is favorite
R01789,2018,Hindu temple,foreign,description,temple is foreign
R01789,2018,Hindu temple,worthy of a bucket list,description,temple is bucket list worthy
R02455,2024,temple management,Shoes deposits,description,management provides good arrangements for shoes deposits
R02455,2024,temple management,parking,description,management provides good arrangements for parking
R01252,2016,devotees,sacred temple,co_occurrence,devotees visit the sacred temple
R01252,2016,sacred temple,Bagmati River,description,temple is located by Bagmati River
R01252,2016,holy field,sacred temple,description,holy field associated with the temple
R01126,2016,main temple structure,clean,description,temple is clean
R01126,2016,main temple structure,less crowded,description,less crowded
R00135,2012,Hindu holymen (baba),cremation ceremony,co_occurrence,Both are part of the local scene
R00135,2012,cremation ceremony,sense of the local,causal,Cremation ceremony contributes to the sense of the local
R00135,2012,deer park,architecture,co_occurrence,Both are attractions at the site
R00135,2012,architecture,steps,contrast,Great architecture but accessibility issue with steps
R02426,2022,pandit,darshan,co_occurrence,pandit offered darshan
R02426,2022,pandit,puja,co_occurrence,pandit offered puja
R02426,2022,pandit,guide,description,pandit acted like a guide
R02426,2022,sanctum Sanctorum,immense energy,causal,energy felt from sanctum Sanctorum
R02117,2019,Approach,Temple,co_occurrence,Both Approach and Temple were mentioned as clean
R02117,2019,Darshan,parikarama,co_occurrence,Darshan and parikarama were experienced together
R02117,2019,parikarama,Aarti,co_occurrence,Parikarama occurred during the Aarti
R00534,2014,temple complex,shoe collection point,contrast,temple complex is well maintained but shoe collection point needs better management
R00534,2014,priests,devotees,causal,priests hounding devotees
R00534,2014,priests,puja,description,priests hounding devotees to perform puja
R00796,2015,picturesque temple complex,peaceful atmosphere,description,The temple complex contributes to the peaceful atmosphere.
R00796,2015,fee,picturesque temple complex,contrast,The fee is expensive but the temple complex is worth it.
R00796,2015,sadhus,peaceful atmosphere,co_occurrence,Sadhus are part of the peaceful atmosphere.
R00796,2015,views of Kathmandu,picturesque temple complex,description,The temple complex offers nice views.
R01591,2017,entrance for hindus,fee of 1000 rupees,causal,fee charged at Hindu entrance
R01591,2017,fake 'official' guide,fee of 1000 rupees,causal,guide charged fee without ticket
R01591,2017,fake 'official' guide,bridge,description,guide advised not to cross bridge
R02179,2019,great new experience,totally new for the western world,description,The experience is described as new for the western world
R00761,2015,Very Ancient temple,Kathmandu city,description,temple located in Kathmandu city
R00761,2015,Very Ancient temple,Thamel market,description,temple 4KM from Thamel market
R02379,2020,opening from all four directions,View of Deity,description,The temple has openings from all directions allowing view of the deity
R02379,2020,long queue of devotees,exclusive Darshan,contrast,Long queues contrast with the option for exclusive Darshan
R00050,2011,attitude of other tourist,taking movies/shots,causal,tourists' attitude leads to inappropriate filming
R00050,2011,crying relatives,taking movies/shots,description,relatives being filmed
R00948,2015,sound of mantra,forget what am I,causal,sound of mantra causes spiritual emotion
R00948,2015,chanting of bells,feel the place,causal,chanting of bells causes spiritual emotion
R01522,2017,holiest place for Hindus,world heritage site,co_occurrence,Pashupatinath is both a sacred space and a world heritage site
R01522,2017,people from India,great faith,causal,People from India have great faith
R00516,2014,cremation site,Hindu tradition,causal,visiting the site led to respect for tradition
R00516,2014,hawkers,local people,contrast,hawkers contrasted with local people
R00516,2014,local people,atmosphere,co_occurrence,local people soaking up the atmosphere
R01456,2017,pandas/priests,steps to climb,contrast,absence of pestering priests contrasts with ease of access
R01456,2017,car park,steps to climb,description,short walk from car park to steps
R01456,2017,puja offerings,temple closes at 7 pm,co_occurrence,puja offerings and temple closing time mentioned together
R00664,2014,cremation ceremony,Bagmati River,co_occurrence,Cremations occur along the river
R00664,2014,cremation ceremony,moving site,causal,Cremation ceremony is moving
R00664,2014,sadhus,cremation ceremony,co_occurrence,Sadhus present during cremations
R00664,2014,marigolds,cremation ceremony,co_occurrence,Marigolds used in cremation
R00938,2015,cremations,families sitting eating and offering prayers,co_occurrence,Cremations and family rituals occur together
R00938,2015,families sitting eating and offering prayers,anniversary of their dead,causal,Prayers and offerings are due to the anniversary
R01953,2018,non Hindus are forbidden entry,sacred precinct,description,entry restriction for non Hindus
R01953,2018,non Hindus are forbidden entry,Racial Barrier,causal,entry rule causes racial barrier
R01953,2018,Indian Christians,non Hindus are forbidden entry,contrast,Indian Christians exception to entry rule
R00040,2011,non-Hindu entry ban,limited,causal,entry ban limits visit experience
R00040,2011,wonderful guide,limited,contrast,guide enhances visit despite limitations
R01498,2017,guard,only hindu people are allowed,causal,guard enforcing cultural rule
R01498,2017,guard,pushed me away,description,guard's aggressive behavior
R01662,2017,gate between live and death,public incinerations,co_occurrence,gate and incinerations occur together
R01662,2017,public incinerations,priests,co_occurrence,incinerations and priests occur together
R01662,2017,public incinerations,monks,co_occurrence,incinerations and monks occur together
R01662,2017,burning dead bodies,smoke,co_occurrence,burning bodies produce smoke
R01662,2017,sorrow,misery,co_occurrence,sorrow and misery felt together
R00466,2014,Lukla flight cancellation,monastery style architecture,causal,Flight cancellation led to temple visit
R00466,2014,monastery style architecture,photography prohibition,contrast,Beautiful architecture but no photography allowed
R01995,2018,Bagmati River,cremation,co_occurrence,cremation occurs beside the Bagmati River
R01995,2018,non-Hindu entry ban,devote people,contrast,"non-Hindus are restricted, but devotees find it powerful"
R01062,2016,local nepali friend,different way of hindu religious,causal,friend helped navigate religious experience
R01062,2016,pollution,cute small monkeys,contrast,pollution contrasted with seeing monkeys
R00526,2014,aarti darshan,puja,co_occurrence,aarti darshan includes puja
R00526,2014,puja,crowd chanting mantras,co_occurrence,puja involves crowd chanting mantras
R00526,2014,Hanuman statue,big bull statue,contrast,Hanuman statue is rare compared to bull statue
R01731,2017,evening arathi,amazing experience,causal,evening arathi caused amazing experience
R01731,2017,ceremony,cremations,co_occurrence,ceremony and cremations occurred together
R01731,2017,cremations,ghats,description,cremations occurred on the ghats
R02293,2019,river Bagmati,cremations,co_occurrence,ceremonies and cremations occur near the river
R02293,2019,four gates,Bhairav Ji,description,gates lead to statues including Bhairav Ji
R01080,2016,ceremonial activities,dead is being ceremonially cleaned,co_occurrence,Both are part of the ceremonial activities
R01080,2016,dead is being ceremonially cleaned,cremated using wood,co_occurrence,Cleaning and cremation are sequential rituals
R00858,2015,Bagmati River,peaceful,causal,sitting by the river caused peace
R00858,2015,worship,people from the world,co_occurrence,people come to worship
R00797,2015,clean and tidy,not properly managed,contrast,clean but not properly managed
R00797,2015,traditional Nepali dress,getting clicked,description,possibility of getting clicked in traditional dress
R01055,2016,management,rain,causal,rain causes management issues
R01055,2016,Darshan,management,contrast,Darshan is managed well despite poor management
R01521,2017,shivalinga,Pashupathinatha,description,shivalinga is known as Pashupathinatha
R01521,2017,Gautama Buddha,panchagni,causal,Buddha performed panchagni
R01521,2017,Bhagamati river,Guhyeshvari temple,co_occurrence,Bhagamati river flows behind Guhyeshvari temple
R00451,2013,too crowded,not properly maintained,co_occurrence,Both issues mentioned together as problems
R00451,2013,not properly maintained,world heritage site,contrast,Maintenance issue contrasted with heritage status
R01373,2016,walking season,photo opportunities,co_occurrence,walking season coincides with photo opportunities
R00590,2014,steps,rain,causal,rain makes steps slippery
R00590,2014,final rites,cremation,description,final rites include cremation
R02279,2019,ghats of Vanarasi,riverside,contrast,comparison with a smaller scale
R02279,2019,families saying goodbye,sad but very peaceful,co_occurrence,emotions felt during the ritual
R00065,2012,crematory,smell and the smoke,causal,crematory causes smell and smoke
R00065,2012,smell and the smoke,burning corpses,description,smell and smoke come from burning corpses
R00274,2013,cremation site,cremations,co_occurrence,Cremation site where cremations occur
R00274,2013,guide,Hindu customs,description,Guide explained Hindu customs
R00274,2013,Hindu customs,Non Hindus may not enter,contrast,Hindu customs contrasted with entry restriction
R01740,2017,cremation,river,co_occurrence,cremation takes place on a river
R01740,2017,ritual,cremation,description,ritual describes the cremation
R01740,2017,local friend,ritual,causal,friend asked about the ritual
R01316,2016,outdoor cremations,impressive,contrast,weird yet beautiful experience
R01316,2016,Sadhus,monkeys,co_occurrence,both provide lighter entertainment
R01399,2017,prayer area,blessings,causal,prayer area is where one seeks blessings
R01399,2017,attire,shoppers,contrast,cultural rules contrasted with commercial activity
R01558,2017,holy Temple,good atmosphere,description,holy Temple has a good atmosphere
R01558,2017,holy Temple,not quite clean,contrast,holy Temple is not quite clean
R01558,2017,holy Temple,wonderful place,description,holy Temple is a wonderful place
R00044,2011,environment,early form of Hinduism,description,environment reflects early Hinduism
R02461,2024,intricate wooden carvings,timeless reverence,description,carvings contribute to reverence
R02461,2024,golden spires,timeless reverence,description,spires contribute to reverence
R01063,2016,ambience,ancient/historical/divine/mixed architectural vibes,description,ambience described as architectural vibes
R02198,2019,huge complex,accommodation near,causal,accommodation near helps visit the complex easily
R02198,2019,4:00 AM,darshan,description,darshan is possible at specific times
R01843,2018,cremation of Hindus,raised platforms,co_occurrence,Cremation takes place on raised platforms
R01843,2018,cremation of Hindus,emotional,causal,Cremation evokes emotional response
R00715,2014,Hindus are only permitted,mass of people,contrast,cultural rule limits access but many people gather
R00715,2014,mass of people,sight to behold,co_occurrence,mass of people is a sight to behold
R00425,2013,wood carving,religious values,description,wood carving reflects religious values
R00425,2013,Bagmati River,UNESCO world heritage sites,co_occurrence,Bagmati River location part of heritage site
R02217,2019,darshan,spiritual flowering,co_occurrence,darshan associated with spiritual flowering
R02217,2019,Jyotirilingas,esoteric wisdom,co_occurrence,Jyotirilingas associated with esoteric wisdom
R02217,2019,huge rush,touts,causal,huge rush can lead to touts exploiting pilgrims
R00395,2013,renovation works,bad smells,co_occurrence,Renovation and bad smells occur together
R00395,2013,must visit place for Hindus,nothing to see,contrast,Must visit for Hindus contrasts with nothing to see
R02327,2019,little temple domes,main dome,description,domes are next to the main dome
R02327,2019,architecture,mystic,co_occurrence,architecture and mystic feeling mentioned together
R02416,2022,cremations,Indu religious holidays,co_occurrence,Cremations occur during religious holidays
R02416,2022,Indians from India,holy place,description,Indians visit the holy place
R02036,2018,rituals,Bagmati river,co_occurrence,rituals performed at the banks
R02036,2018,funeral pyres,Bagmati river,co_occurrence,funeral pyres near the river
R02036,2018,arti,Bagmati river,co_occurrence,arti takes place near the river
R00248,2013,entry fee of 500 R,guide,causal,entry fee is justified by guide's value
R00248,2013,holy men covered in ash,cows roaming around,co_occurrence,both are notable sights
R00248,2013,burning pyres,wrapped bodies,co_occurrence,both are part of the cremation process
R00248,2013,inflated souvenir prices,beautiful steps,contrast,inflated prices contrast with beautiful steps
R02099,2018,sadhus,Mahashivratri,co_occurrence,Sadhus seen during Mahashivratri
R01535,2017,age old temple,streamlined systems and procedures,causal,smooth visit due to streamlined systems
R01535,2017,riversides,parking facilities,contrast,"riversides need facelifts, parking needs attention"
R00465,2014,cremation place,cremation ritual,description,cremation place is where the ritual occurs
R00465,2014,architecture of the temples,sense of fascination,causal,beautiful architecture contributes to fascination
R00465,2014,entry fee for foreigners,cremation place,contrast,entry fee contrasts with access to sacred space
R01941,2018,cool temples,religious people,co_occurrence,temples and religious people are mentioned together
R01941,2018,funeral,special impression,causal,funeral caused a special impression
R00588,2014,strictly for Hindus,entrance fee,causal,Entrance fee required despite restriction
R00588,2014,entrance fee,1000 rupees,description,Fee amount specified
R02077,2018,Bagmati River,Aarati,co_occurrence,Aarati performed on the bank of Bagmati
R02077,2018,Aarati,priests,description,Aarati conducted by priests
R02077,2018,incense,Aarati,co_occurrence,incense used during Aarati
R02077,2018,cremation ceremony,sense of mortality,causal,cremation ceremony evoked sense of mortality
R02077,2018,women witnessing cremation,cremation ceremony,contrast,cultural difference in cremation customs
R01599,2017,Nepal government,maintenance,causal,Government responsible for maintenance
R01599,2017,local market,local artifacts,description,Market offers artifacts
R02280,2019,guide,funerals,causal,Guide helped avoid walking into funerals
R02280,2019,riverside,funerals,description,Riverside is where rituals take place
R02280,2019,guide,eye-opening experience,causal,Guide provided an eye-opening experience
R02280,2019,guides pounce on you,guide,contrast,Aggressive guide behavior contrasted with helpfulness
R01367,2016,Hindu pilgrims,UNESCO heritage site,co_occurrence,Pilgrims visit the UNESCO site
R01367,2016,UNESCO heritage site,Historical and Cultural place,description,UNESCO site is a historical and cultural place
R01367,2016,Shiva,Hindu pilgrims,description,Pilgrims visit for Shiva
R00058,2011,advanced architecture,modern day chaos,contrast,contrast between advanced architecture and modern chaos
R00058,2011,sacred place,running business model,causal,sacred place turned into a business model
R02437,2023,temple courtyard,non-Hindu entry ban,causal,entry restriction due to non-Hindu status
R02437,2023,cremation grounds,15.00 USD,contrast,cremation grounds visible without admission fee
R01345,2016,family preparations,cremation,co_occurrence,family preparations and cremation observed together
R01345,2016,river,offerings,co_occurrence,offerings given at the river
R01647,2017,preparation of a body for cremation,caste system,description,cremation related to Hindu cultural practices
R01647,2017,guides,shopkeepers,co_occurrence,both are persistent on the site
R01032,2016,priests,darshan,causal,priests wanted more money for darshan
R01032,2016,main part of the complex,only Hindus are allowed,description,access restriction to main part
R02407,2022,Aarati,Brahma,co_occurrence,Brahma performs Aarati
R02407,2022,bhajan,goosebumps,causal,bhajan caused goosebumps
R02407,2022,Aarati,crowded,contrast,Aarati time is crowded
R01150,2016,calm and peaceful,divine power,co_occurrence,calm and peaceful atmosphere relates to feeling divine power
R00400,2013,funeral pyres,sadhu,co_occurrence,Both seen during the visit
R00400,2013,guide,seeing it in real life,causal,Guide enhances the real-life experience
R00680,2014,Hindu cremations,the river,co_occurrence,Cremations occur near the river
R00680,2014,Sardu's,cremation area,description,Sardu's live above the cremation area
R00006,2025,Hindu Cremation site,chills down the spine,causal,Cremation site caused chills
R00006,2025,culture and tradition,living in ancient time,causal,Preserved culture caused ancient feeling
R01110,2016,cremations,temple areas,co_occurrence,Cremations happening in temple areas
R01110,2016,temple areas,busy,description,Temple areas described as busy
R00642,2014,priests,commercial,description,priests described as commercial
R00642,2014,pictures,money,causal,money required for taking pictures
R01618,2017,1000 rupees per foreigner,temples,contrast,entry fee but no temple access
R01618,2017,buildings,river,co_occurrence,enjoyed buildings and walked to river
R01618,2017,river,burning pits,description,burning pits located by the river
R01618,2017,1000 rupees per foreigner,ridiculous entry price,causal,high price seen as a problem
R00368,2013,hand Smith,natural historical place,co_occurrence,Both are mentioned as reasons to visit
R01908,2018,Bagmati River,forest,co_occurrence,Bagmati River and forest are mentioned together
R01908,2018,Hindus and Boudhist,Shiva Mandir,description,Hindus and Boudhist are fascinated by Shiva Mandir
R01908,2018,Prime Minister of India Mr. Modi,Hindu rituals,causal,Mr. Modi visited and performed Hindu rituals
R00297,2013,holiest Hindu temple,travelers,co_occurrence,Travelers visit the temple
R00297,2013,travelers,seasons,co_occurrence,Travelers visit during seasons
R00467,2014,temple grounds,UNESCO,description,restoration is ongoing under UNESCO
R00467,2014,cremation ghats,moving,causal,cremation ghats were moving
R01258,2016,Bagmati River,river,contrast,Bagmati River is sacred but not clean
R02054,2018,great vibration,calm and peace,co_occurrence,great vibration leads to calm and peace
R02054,2018,crowded,local guides,contrast,crowded but local guides help
R02054,2018,Hindu crematorium,touts and pick pocketers,contrast,sacred space contrasted with touts and pick pocketers
R01273,2016,divine blessings,Beautiful place,co_occurrence,divine blessings associated with beautiful place
R01015,2016,Golden Temple,non-Hindu entry ban,causal,Golden Temple access restricted due to non-Hindu entry ban
R01015,2016,entry fee,unjustice,causal,entry fee seen as unjust
R00397,2013,long bumpy trip,very dirty,co_occurrence,Both issues mentioned together
R00397,2013,very dirty,not inspiring,causal,Dirtiness contributes to lack of inspiration
R01489,2017,ticket,1000 Nrs (10 USD),description,ticket price is 1000 Nrs
R01489,2017,beautiful complex,terrace,description,terrace is part of the complex
R01489,2017,terrace,stunning views,description,terrace offers stunning views
R00208,2012,a lot of history,non-Hindu entry ban,contrast,historical significance contrasted with entry restriction
R02008,2018,ceremony of death,Monks,co_occurrence,Monks are part of the ceremony
R02008,2018,ceremony of death,sing and dance,co_occurrence,Singing and dancing occur during the ceremony
R02008,2018,ceremony of death,different experience,causal,The ceremony contributes to the different experience
R00772,2015,ceremony of cremation,humbling,co_occurrence,Cremation ceremony was part of the humbling experience
R00772,2015,guide,Sumit Kharel,description,Guide is identified as Sumit Kharel
R01690,2017,cremation site,cremations,co_occurrence,cremation site involves seeing cremations
R01690,2017,entry fee,interior of the temple,contrast,entry fee for tourists contrasts with restricted access
R02285,2019,guide,important Hindu temple,description,guide describes the temple as important
R02285,2019,main temple,non-Hindu entry ban,causal,entry restriction based on religion
R01670,2017,cremation ceremony,banks of the river,co_occurrence,cremation ceremonies occur at the river banks
R01670,2017,guide,cremation ceremony,causal,guide explains the cremation ceremony
R01670,2017,sense of mortality,cremation ceremony,description,cremation ceremony evokes a sense of mortality
R01680,2017,Cremation Ceremony,natural path of Life,causal,Cremation Ceremony evokes feeling of natural path of Life
R02392,2020,Bagmati River,cremation ceremony,co_occurrence,cremation ceremony takes place by the river
R02392,2020,cremation ceremony,stone slab,description,bodies are placed on a stone slab during the ceremony
R02392,2020,cremation ceremony,ashes and remains,causal,cremation results in ashes and remains
R01634,2017,rituals involved in preparing a body for cremation,placing the body on the pyre,co_occurrence,Both rituals are part of the cremation process
R01634,2017,river,rituals involved in preparing a body for cremation,description,Rituals take place at the river
R02175,2019,Garbha Gudi,Shiva lingam,description,Garbha Gudi contains Shiva lingam
R02175,2019,Shiva lingam,engraving of the face of Lord Shiva,description,Shiva lingam has engraving
R02175,2019,evening aarthi,Bhagamathi river,co_occurrence,evening aarthi held near Bhagamathi river
R01097,2016,peaceful and moving,dirtier than previous years,contrast,peaceful feeling contrasted with dirtiness
R01097,2016,charge of 1000Rs,dirtier than previous years,co_occurrence,entry charge and dirtiness mentioned together
R01097,2016,tourist disrespect,funeral rites,causal,disrespect caused interference in funeral rites
R01097,2016,tourist disrespect,intrusive photos,description,disrespect described by taking intrusive photos
R01667,2017,smell of burning flesh,must see,contrast,negative smell contrasted with positive must-see sentiment
R01976,2018,cremations,Bagmati riverbank,co_occurrence,cremations occur on the Bagmati riverbank
R01976,2018,cremations,confronting,causal,cremations are described as confronting
R00268,2013,incense sticks,mantras,co_occurrence,Both are part of the temple atmosphere
R00268,2013,4 doors,bells,description,The doors allow viewing the deity
R00268,2013,Rudraksha beads,Photography and wearing shoes/slippers,contrast,"Rudraksha beads are sold, but photography is restricted"
R00268,2013,cremating the dead,river banks,causal,River banks are used for cremation
R01943,2018,dhun,atmosphere,causal,dhun enhances the atmosphere
R01084,2016,17th century,moguls,causal,rebuilt after destruction by moguls
R01084,2016,main ghat area,non hindus,contrast,non hindus can see the ghat area
R01084,2016,ancient Shiva temple,main ghat area,description,part of the temple area
R00877,2015,guide,tour,causal,guide offered a tour
R00768,2015,Puja,darshan,co_occurrence,Puja and darshan are part of the experience
R00768,2015,Puja,Abhishek,co_occurrence,Puja and Abhishek are part of the experience
R00768,2015,book your puja beforehand,Puja,causal,Booking puja enhances the experience
R01493,2017,clean and peace environment,incredible place,co_occurrence,Both describe the atmosphere of the temple
R01493,2017,Hindu religious place,visitor,description,Visitors are described in the context of the religious place
R00108,2012,dead bodies,cultural icon,contrast,contrast between sacred space and cultural significance
R02119,2019,lord Shiva,Hindu temple,description,temple dedicated to lord Shiva
R02119,2019,Hindu temple,place of worship,description,temple as a place of worship
R00346,2013,tour guide,entrance fee,co_occurrence,guide met them after paying fee
R00346,2013,architecture,not allowed inside the Temple,contrast,can see architecture but not enter temple
R00148,2012,richly-ornamented pagoda,sacred linga,description,pagoda houses the sacred linga
R00148,2012,pilgrims,richly-ornamented pagoda,co_occurrence,pilgrims come to the pagoda
R00148,2012,sacred linga,Lord Shiva,description,linga is the symbol of Lord Shiva
R01132,2016,unregulated crowd,dirty surroundings,co_occurrence,crowd and dirtiness mentioned together
R01132,2016,unregulated crowd,monkeys,co_occurrence,crowd and monkeys mentioned together
R01132,2016,blessings of Lord Shiva,non-Hindu entry ban,contrast,importance for Hindus vs. avoidable for non-Hindus
R01931,2018,pandit's,rudraksh ki mala,causal,pandit's give rudraksh ki mala
R01931,2018,pandit's,con people for money,causal,pandit's con people for money
R01886,2018,nook and corner,holiness,description,holiness is described as present in every nook and corner
R01886,2018,crowd,Monday,co_occurrence,crowd behavior noted during Monday visit
R00925,2015,Bagmati River,cremations,co_occurrence,cremations occur at the Bagmati River
R00925,2015,smell of decaying flesh,cremations,co_occurrence,smell associated with cremations
R00925,2015,Sadhus,liberation from the cycle of death and rebirth,causal,Sadhus meditate for liberation
R00145,2012,cremation of a public official,"symbolic, religious, intricate",description,"The cremation process is described as symbolic, religious, intricate"
R00587,2014,roofs of the temple,gold,description,roofs embellished with gold
R00587,2014,four main doors,silver,description,doors adorned with silver
R01559,2017,Gret Vision & Treks & Expedition,Karma Travellor's Hotel,co_occurrence,Travel agency located in the hotel
R01559,2017,Shankar and his Team,Service Support,causal,Team provides fantastic service support
R02396,2020,powerful feeling,cremation ghats,co_occurrence,The powerful feeling is associated with the cremation ghats
R02396,2020,Hindus on pilgrimage,Hindus only have entry,description,Hindus on pilgrimage are described in the context of entry rules
R00565,2014,Hindu people,worshiping,co_occurrence,Hindu people performing worshiping
R00565,2014,Hindus gods stupa,guide,description,guide provided information about stupa
R00403,2013,Bagmati River,inner sanctum,description,location of the temple
R00403,2013,Shivalinga,four faces,description,Shivalinga has four faces
R00403,2013,devotees,inner sanctum,co_occurrence,devotees visit the sanctum
R00403,2013,Pandavas,Kedarnath,causal,Pandavas' actions led to Shiva's appearance at Kedarnath
R01923,2018,Bagmati River,aarti,co_occurrence,aarti is performed by the river
R01923,2018,statue of the huge bull (Nandi),four faces of Lord Pashupatinath,description,Nandi faces the Lord's shrine with four faces
R01923,2018,PADT (Pashupatinath Area Development Trust),structures damaged during the earthquake,causal,PADT is restoring earthquake-damaged structures
R01923,2018,structures damaged during the earthquake,Adi Shankaracharya Mandir,co_occurrence,both are under renovation
R00605,2014,family prepare the body,burn it,causal,preparation leads to burning
R00605,2014,burn it,ashes to the river,causal,burning leads to ashes
R00605,2014,ashes to the river,the river,description,ashes are put into the river
R00439,2013,1000 Rupees entrance fee,guides,causal,guides approach after entrance fee is paid
R00439,2013,guides,fee,causal,guides expect a fee
R01917,2018,different categories of pujas,huge temple premises,co_occurrence,pujas and temple premises mentioned together
R01917,2018,huge temple premises,NON hindus cannot enter,contrast,temple premises described but with entry restriction
R00122,2012,crowded temples,local citizens,co_occurrence,local citizens contribute to the crowd
R00122,2012,faith,blessings of Lord Shiva,causal,faith motivates seeking blessings
R01327,2016,smoke of burning bodies,burning bodies,description,smoke comes from burning bodies
R01327,2016,fake holy men,glad to leave,causal,fake holy men contributed to negative sentiment
R01589,2017,large pagoda structure,ancient Hindu temples,co_occurrence,Both are located near the main temple
R01589,2017,Pooja,large nandi idol,co_occurrence,Both are part of the temple's religious elements
R01589,2017,photography is strictly prohibited,large pagoda structure,description,Cultural rule applies to the temple area
R01007,2016,crowds,Shiva's birthday,co_occurrence,Crowds were present during Shiva's birthday
R01007,2016,crowds,nightmare,causal,Crowds caused a nightmare experience
R01710,2017,mandir,artwork,description,artwork is part of the mandir
R01710,2017,mandir,fire and earthquake,contrast,mandir is mesmerizing despite devastation
R01710,2017,mandir,well maintained and clean,description,mandir is well maintained
R00618,2014,Inner temple,Bagumati river,description,Inner temple is near the Bagumati river
R00618,2014,Shiva Ratri Festival,devotees,co_occurrence,Devotees visit during the Shiva Ratri Festival
R00618,2014,Hindu funeral rituals,Bagumati river,causal,Funeral rituals performed by the river
R00618,2014,Linga,non-Hindu entry ban,description,Linga is not accessible to non-Hindus
R02153,2019,pagoda-style Hindu Pashupatinath Temple,Bagmati river,co_occurrence,Temple is located along the river
R02153,2019,ghats,open-air cremations,causal,ghats allow ashes to be washed away
R02153,2019,unique spirit and energy,open-air cremations,description,spirit and energy related to rituals
R00379,2013,cremations of the bodies,new meaning of life,causal,cremations give a new meaning of life
R00379,2013,cremations of the bodies,smell of burning,contrast,cremations are amazing but have a smell of burning
R00817,2015,festival day,sadhus,co_occurrence,sadhus were present during the festival day
R00817,2015,cremations,Bagmati River,description,cremations took place at the Bagmati River
R02162,2019,sivaratri fastivals,funny sadu,co_occurrence,sivaratri fastivals with funny sadu
R02162,2019,sivaratri fastivals,many people,co_occurrence,sivaratri fastivals with many people
R02061,2018,rites of burning the dead,holy men,co_occurrence,rites occur amidst holy men
R02061,2018,rites of burning the dead,river,co_occurrence,rites occur near the river
R02061,2018,non-Hindu entry ban,"1,000 Rupees entrance fee",contrast,entry ban and fee are both criticized
R01343,2016,cremations,river,co_occurrence,cremations occur on the river
R01343,2016,cremations,confronting and humbling,description,cremations are described as confronting and humbling
R00426,2013,cremated in the open,dumped into the river,co_occurrence,Cremation and river dumping occur together
R00426,2013,celebrate the end of life,cremated in the open,description,Celebration of life described in context of cremation
R01400,2017,funerals,Bagmati River,co_occurrence,funerals occur near the Bagmati River
R02318,2019,5 faces of Shiva,entrances of Shiva's face,description,entrances are part of the 5 faces of Shiva
R00961,2015,locals trying to sell stuff,monkeys,co_occurrence,both are issues outside the temple
R00961,2015,ceremonies and cremations,sense of disturbance,contrast,ceremonies are interesting but disturbing
R00961,2015,sadhus,locals trying to sell stuff,co_occurrence,both involve interactions with locals
R01871,2018,unique in design,idol worshiped inside,description,The design of the temple is unique and includes the idol worshiped inside.
R01871,2018,view of the idol from all the 4 sides,idol worshiped inside,description,"The idol can be viewed from all sides, indicating its central placement."
R01871,2018,photography is not allowed,view of the idol from all the 4 sides,contrast,"While mobiles are allowed, photography is restricted."
R00503,2014,history,flags,co_occurrence,history and flags mentioned together
R00503,2014,flags,beauty,co_occurrence,flags and beauty mentioned together
R00503,2014,prayer,monkeys,contrast,prayer and photographing monkeys are contrasting activities
R00443,2013,traditional Hindu cremation site,funeral pyres,description,funeral pyres are part of the cremation site
R00443,2013,funeral pyres,confronting and beautiful,description,funeral pyres evoke mixed emotions
R01453,2017,place of cremations,non-Hindu entry ban,contrast,"cremation site is accessible, temple is not"
R01453,2017,additional building sites,small museum,co_occurrence,both are features on the grounds
R01269,2016,localite,darshan,causal,localite explained the darshan process
R01269,2016,darshan,four gates,description,darshan from all the four gates
R01269,2016,Banaras,four gates,contrast,comparison with Banaras
R01864,2018,informative signs in English,entrance fee,contrast,lack of signs despite entrance fee
R01864,2018,Bagmati River,bodies burn,co_occurrence,cremation happens next to the river
R01864,2018,cremation area,hospice,co_occurrence,hospice located next to cremation area
R02109,2018,main temple,non-Hindu entry ban,description,main temple access restriction
R02109,2018,Ghats,cremations,description,cremations occur at Ghats
R02109,2018,ticket fee,cremations,causal,ticket fee for viewing cremations
R00053,2011,culture of Nepal people,simplicity,co_occurrence,simplicity is part of the culture
R00053,2011,culture of Nepal people,belief on GOD,co_occurrence,belief on GOD is part of the culture
R01649,2017,Hindus from all around the world,worship,co_occurrence,Hindus come for worship
R01649,2017,live cremation,what happens after death,causal,cremation shows what happens after death
R00616,2014,crematory,guide,causal,guide helps understand the crematory
R00616,2014,spiritual place,Hindu Temples,description,spiritual place is near Hindu Temples
R02339,2019,cultural and ritual,people in Nepal,co_occurrence,cultural and ritual observed with people
R02339,2019,river,Holy Spirit river,description,river described as Holy Spirit river
R00514,2014,funeral ceremony,cremation,co_occurrence,funeral ceremony and cremation occur together
R00514,2014,cremation,river,description,cremation is next to the river
R01458,2017,burn their dead bodies,important experience,co_occurrence,Cremation ceremony described as important experience
R01458,2017,beautiful buildings,important experience,co_occurrence,Beautiful buildings contribute to the important experience
R01510,2017,monkey,temple,co_occurrence,both mentioned as part of the experience
R01510,2017,pray to god,nice place,description,praying described as a nice experience
R02447,2023,unique temple structure,non-Hindu entry ban,contrast,unique structure contrasted with entry restrictions
R02447,2023,Bagmati River,rituals for the demise,description,rituals are performed at the Bagmati River
R01444,2017,Hindu Crematory,Ancient Temple,co_occurrence,Both mentioned as part of the site
R01444,2017,Hindu culture,Shiva,description,Shiva as part of Hindu culture
R01730,2017,Bagmati river,sadhu's (baba),co_occurrence,Sadhu's are present near the Bagmati river
R01730,2017,sadhu's (baba),meditating,description,Sadhu's are meditating
R01730,2017,sadhu's (baba),daily rituals,co_occurrence,Sadhu's and people performing rituals
R00754,2015,Lord Shiva's birthday,millions are coming,causal,festival attracts large crowds
R00754,2015,locals,Lord Shiva's birthday,description,locals provide information about the festival
R01234,2016,old but historical,blessed from gad shiva,co_occurrence,historical site and spiritual blessing mentioned together
R00770,2015,open air crematorium,solemn and pensive moments,causal,crematorium evoked solemn and pensive moments
R00770,2015,foreigners not allowed into the sanctum sanctorum,crowded,contrast,cultural rule contrasted with crowd issue
R01556,2017,chief priest,Trust,description,chief priest is part of the Trust
R01556,2017,four doors,four faced Linga darshan,description,four doors show four faced Linga darshan
R01556,2017,Destruction of earthquake,cleanliness,co_occurrence,earthquake destruction and cleanliness issues coexist
R01626,2017,non-Hindu entry ban,entry fee for foreigners,contrast,entry restriction despite fee
R01803,2018,world heritage site,visitors wow,causal,heritage site causes visitors to feel wow
R01803,2018,historic temple,must visit place,description,historic nature makes it a must visit
R01788,2018,"Hindu religious, cultural and traditions","Place of silent, life of death",co_occurrence,Both mentioned as aspects of the visit
R01788,2018,start to finished,"Place of silent, life of death",description,Describes the dual nature of the experience
R00846,2015,two-tiered pagoda temple,gilt and silver-plated doors,description,The pagoda temple has gilt and silver-plated doors
R00707,2014,washing of the dead,cremating in the open,co_occurrence,washing of the dead and cremating in the open are part of the same ritual
R00707,2014,Arya Ghat,Ram Ghat,co_occurrence,Arya Ghat and Ram Ghat are both sacred spaces mentioned together
R00707,2014,Sadhus,huge very intact bull,contrast,Sadhus are contrasted with the bull as different aspects of the temple
R02329,2019,holiest place,emotionally charged,causal,holiest place made reviewer emotionally charged
R02329,2019,large number of people,darshan of lord Shiva,contrast,"despite crowd, had clear darshan"
R01639,2017,Hindus,worship,co_occurrence,Hindus visit to worship
R01639,2017,amazing feel,only Hindus are allowed,contrast,amazing feel contrasted with entry restriction
R01562,2017,improper management,poor habits of most devotees,co_occurrence,Both are reasons for the temple's bad condition
R01562,2017,main Shivling,ghat,description,The ghat is located behind the main temple
R01562,2017,ghat,cremated openly,description,Cremation ritual takes place at the ghat
R02275,2019,1000 rps fee,local Hindus,contrast,fee contrasted with observing locals
R02275,2019,beggar free zone,streets around the temple,description,streets described as beggar free
R01930,2018,Lord Shiva,calm,causal,blessings from Lord Shiva cause calm
R01930,2018,Lord Shiva,out of stress,causal,blessings from Lord Shiva cause stress relief
R01495,2017,cremation ceremony,Bagmati River,co_occurrence,cremation ceremony occurs by the river
R01495,2017,cremation ceremony,pyres,description,pyres are part of the cremation ceremony
R01495,2017,surreal,cremation ceremony,description,surreal feeling related to the cremation ceremony
R01495,2017,reflective,cremation ceremony,description,reflective feeling related to the cremation ceremony
R00739,2015,cremating areas,awe,contrast,initial discomfort contrasted with awe
R00739,2015,non-Hindu entry ban,sprawling site,contrast,entry restriction contrasted with site accessibility
R01965,2018,huge pashupatinath statue,basuki temple,co_occurrence,Both are religious sites mentioned together
R01965,2018,shiva linga,108 shiva linga,description,108 shiva linga is a specific type of shiva linga
R01780,2018,Lord Shiva,river Bagmati,co_occurrence,Temple location on river bank
R02135,2019,local person,pooja,causal,local person arranged pooja
R02135,2019,local person,charges me a lot,causal,local person charged a lot
R02250,2019,Aarti Puja,glad,causal,participating in Aarti Puja caused gladness
R00815,2015,sacrifice of the cattle,large statue of the lord,contrast,sacrifice does not happen at the statue
R00924,2015,funeral ceremonies,temple grounds,co_occurrence,funeral ceremonies occur on temple grounds
R00924,2015,rubbish,temple grounds,description,rubbish is present on temple grounds
R02083,2018,cremation rites,Crematorium site,co_occurrence,cremation rites occur at the Crematorium site
R02083,2018,Bagmati River,cremation rites,description,Bagmati River water is used in the cremation rites
R02083,2018,eldest son,cremation rites,description,eldest son performs key roles in the cremation rites
R02083,2018,non-Hindu entry ban,14th Century Temple,description,entry restriction to the temple
R01517,2017,Mahashivratri,darshan,co_occurrence,Mahashivratri and darshan mentioned together
R01517,2017,sadhus,spiritual atmosphere,description,sadhus contribute to the spiritual atmosphere
R01733,2017,air pollution,cremation fires,co_occurrence,pollution and cremation fires mentioned together
R00583,2014,UNESCO,world heritage site,causal,UNESCO designation as a world heritage site
R00583,2014,financial contributions from India,UNESCO,co_occurrence,financial contributions linked with UNESCO pressure
R00619,2014,premises,relieved from all the tensions,causal,Staying in the premises caused relief from tensions
R00660,2014,cremations,smells,co_occurrence,Cremations are associated with smells
R00660,2014,Temple precinct,1000 rupees,description,Entry fee for foreigners to Temple precinct
R01932,2018,crematorial sites,not feeling well,co_occurrence,crematorial sites and not feeling well mentioned together
R01932,2018,guide,good experience,contrast,guide payment issue contrasted with overall good experience
R01161,2016,mingling with the holy men,Hindu services,co_occurrence,Both entities are mentioned as aspects of the visit
R01800,2018,devotees,tourists,co_occurrence,Both devotees and tourists visit the temple
R00976,2015,main entrance,watercolour painter,co_occurrence,painter near entrance
R00976,2015,ghats,cremations,description,cremations occur at ghats
R00976,2015,cremations,humbling reminder of impermanence,causal,cremations evoke spiritual emotion
R00976,2015,sadhus,ghats,co_occurrence,sadhus near ghats
R00155,2012,relatives weeping,pyres,co_occurrence,relatives weeping near pyres
R00155,2012,legs sticking out of the pyres,pyres,description,legs sticking out of the pyres
R01536,2017,crematorium,Hindu way of cremation,co_occurrence,crematorium is where the Hindu way of cremation happens
R01536,2017,excellent guide,Hindu way of cremation,description,guide explained the Hindu way of cremation
R01536,2017,temple itself,only for Hindus,contrast,temple can only be seen from outside due to entry restriction
R00061,2011,entrance fee,non-Hindu entry ban,contrast,cost vs. access restriction
R00061,2011,Nepalese culture and rituals,knowledgeable guide,causal,guide enhances cultural understanding
R01557,2017,Aarti,crowded,causal,Aarti time causes crowding
R00879,2015,main shrine,photography is not allowed,description,photography restriction inside shrine
R00879,2015,Lord Shiva,main shrine,description,shrine dedicated to Lord Shiva
R02450,2023,1000 rupees,not allowed to visit,causal,Payment required but access denied
R02450,2023,not allowed to visit,Puja,description,Access restriction to ritual area
R02450,2023,churches and Buddhist temples,not allowed to visit,contrast,Different access rules compared to other religious sites
R00760,2015,cremation temple,rituals,description,rituals associated with the cremation temple
R00760,2015,Sadu's,contrast,contrast,contrast between the visit and morning flight
R00519,2014,cremation site,grieving families,co_occurrence,Cremation site is where grieving families are present
R00519,2014,Hindu customs,different stages of the process,description,Different stages of the process describe Hindu customs
R02474,2024,vibrant colors,unique and colorful atmosphere,description,colors contribute to atmosphere
R02474,2024,sadhus,vibrant colors,co_occurrence,sadhus' clothing adds to colors
R02474,2024,cremations,deep spiritual experience,causal,cremations contribute to spiritual experience
R00774,2015,guide,non Hindu entry ban,contrast,guide not needed due to entry ban
R00774,2015,burning ghats,sadhus,co_occurrence,sadhus present at burning ghats
R00774,2015,sadhus,fake ones,description,some sadhus are fake
R00712,2014,temple premises,dirty,description,temple premises described as dirty
R00763,2015,special puja,queue,causal,queue was for the special puja
R00763,2015,river,monkeys,co_occurrence,monkeys and river mentioned together
R00952,2015,cremation ceremony,Bagmati River,co_occurrence,cremations occur by the river
R00952,2015,funeral pyres,cremation ceremony,description,funeral pyres are part of the cremation ceremony
R00952,2015,sense of mortality,cremation ceremony,causal,sense of mortality felt during the cremation ceremony
R00952,2015,burning bodies,sense of mortality,contrast,burning bodies evoke both negative and positive emotions
R01405,2017,golden roof,silver doors,co_occurrence,Both are unique features of the temple
R01319,2016,cremation,Bagmati River,co_occurrence,cremation rituals occur by the river
R01319,2016,mourning rituals,Bagmati River,co_occurrence,mourning rituals occur by the river
R01319,2016,temple monkeys,jewelry vendors,contrast,"monkeys are a natural presence, vendors are intrusive"
R00404,2013,Hindus,non-Hindu entry ban,causal,Only Hindus can enter due to entry ban
R01203,2016,Bagmati river,Shiva,co_occurrence,Shiva's avatar is seen near Bagmati river
R01203,2016,rudraksh,fake rudraksh,contrast,rudraksh can be fake
R01779,2018,holy places,tourists,co_occurrence,tourists visiting holy places
R01779,2018,tourists,pilgrimage,co_occurrence,tourists combining fun with pilgrimage
R01797,2018,ancient temple,Mahadev temple,description,Mahadev temple is described as ancient
R01797,2018,Mahadev temple,Mahadev,description,Mahadev temple is associated with the god Mahadev
R00627,2014,cremation temple,cremation ceremonies,co_occurrence,Cremation ceremonies occur at the cremation temple
R00627,2014,guide,cremation ceremonies,causal,Guide can enhance the experience of watching cremation ceremonies
R00627,2014,non-Hindu entry ban,cremation temple,contrast,Non-Hindus are not allowed inside all Hindu shrines except the cremation temple
R00713,2014,family members saying goodbye,rituals before cremation,co_occurrence,Family members saying goodbye is part of the rituals before cremation
R00713,2014,monkeys,different from the Westernized world,contrast,Monkeys are a problem contrasting with the cultural difference
R00141,2012,guide,filthy,contrast,positive guide experience contrasted with negative cleanliness
R01573,2017,sacred place,experiencing death,co_occurrence,sacred place associated with experiencing death
R01573,2017,important part of Nepal's culture,sacred place,description,cultural importance linked to sacred place
R01581,2017,police,guidance and instructions,description,Police provide guidance and instructions
R01544,2017,cremation ceremony,peaceful place of worship,contrast,expectation of discomfort contrasted with peace
R01544,2017,music and lamps,guide,co_occurrence,both recommended for sunset visit
R02410,2022,guide,hospitality,co_occurrence,guide and hospitality experienced together
R02410,2022,hospitality,memories,causal,hospitality led to unforgettable memories
R02410,2022,memories,pariwar holidays team,description,memories associated with the team
R01825,2018,buddhist and hindu architecture,old temple,co_occurrence,architecture style and temple are mentioned together
R00167,2012,cremation ceremonies,public cremations,description,cremation ceremonies are part of public cremations
R00167,2012,rain,cremation ceremonies,contrast,rain made the ceremony more dismal
R00167,2012,old folks home,rain,co_occurrence,both were described as dismal
R01198,2016,funeral service,worshiping,co_occurrence,Both rituals observed during the visit
R01198,2016,spiritual atmosphere,beautiful place,description,The spiritual atmosphere contributes to the beauty of the place
R00373,2013,open air cremations,pyres,co_occurrence,cremations occur near the pyres
R00373,2013,ash covered holy men,spiritual feeling,co_occurrence,holy men contribute to the spiritual feeling
R00373,2013,small admission charge,spiritual feeling,causal,admission charge is justified by the spiritual experience
R01199,2016,young Nepali guide - Sumit Kharel,charming and intelligent guide,description,Sumit Kharel is described as charming and intelligent
R02113,2019,Shiva devotees,vibes,co_occurrence,Shiva devotees experience the vibes
R02113,2019,no photography,vibes,contrast,No photography contrasts with the vibes
R02113,2019,pooja,vibes,causal,Pooja enhances the vibes
R00479,2014,structure of the temple,faith of people,co_occurrence,People's faith is linked to the temple structure
R00479,2014,crowd,arrangement to leave your slipper/shoes,contrast,Crowd issues contrast with poor shoe arrangement
R00479,2014,hindu's final ritual for death,Shivaratri,co_occurrence,Final rituals and festival occur around the same time
R00974,2015,Holy temple of Lord Shiva,Kathmandu Airport,description,proximity to airport
R01372,2016,Lord Shiva Temple,Hindu People,co_occurrence,Hindu people visiting the temple
R01372,2016,Hindu People,visit this place,causal,Hindu people want to visit as a ritual
R01372,2016,visit this place,one time in their life,description,visiting once in a lifetime
R01123,2016,cremation,overwhelmed,causal,cremation caused the feeling of being overwhelmed
R01123,2016,bank of the river,cremation,description,location of the cremation
R01123,2016,non-Hindu entry ban,premium entry fee,contrast,contrast between paying a premium and entry restriction
R02291,2019,cremation,Bagmati River,co_occurrence,Cremation takes place on the Bagmati River
R02291,2019,main temple,guides,contrast,Main temple access contrasted with guide experience
R01238,2016,people,blessing of god shiva,causal,people go for blessing
R01238,2016,god shiva,blessing of god shiva,description,blessing from god shiva
R00685,2014,largest temple of Kathmandu,versatile sculptures and idols,description,temple features sculptures and idols
R00685,2014,majestic Nondi gavi,made of brass,description,Nondi gavi is made of brass
R00153,2012,guide,donation,causal,guides request donations
R00153,2012,donation,scam,description,donation request perceived as scam
R01991,2018,public cremation,river,co_occurrence,cremation occurs across the river
R00392,2013,stories and anecdotes,meditate,co_occurrence,Stories and meditation both mentioned as positive aspects
R00392,2013,antiques,bargaining,causal,Antiques available if good at bargaining
R00230,2012,Bagmati River,plunging or bathing into the holy river,causal,plunging into the river is a ritual
R00230,2012,astonishing architectural beauty,"sense of faith, religion, culture and tradition",description,architectural beauty embodies faith and tradition
R00230,2012,Shivaratri,Hindu devotee,co_occurrence,festival celebrated by devotees
R00420,2013,mortality,cremation,causal,cremation makes you think about mortality
R00420,2013,monkeys,sadhus,co_occurrence,monkeys and sadhus mentioned together
R00172,2012,beautiful old set of temples,cremations,co_occurrence,temples and cremations are both mentioned
R00172,2012,cremations,serene atmosphere,contrast,cremations are strange but atmosphere is serene
R00172,2012,sadu babas,Bagmati River,description,sadu babas are seen near the river
R00799,2015,temple management,POOJA,causal,Temple management offers POOJA
R00799,2015,Rudrabhishek,Mahamritunjay Jaap,co_occurrence,Both are rituals offered by temple management
R00799,2015,temple management,Pujari (Priest),contrast,No need to book from outside Pujari
R01304,2016,evening service,sundown,co_occurrence,evening service happens at sundown
R01304,2016,1500R,happy to pay,causal,price was acceptable due to positive experience
R02213,2019,"neat, clean and well organised temple",positive vibes,description,temple is described as having positive vibes
R02213,2019,walk around 500mtr from parking,crowd free visit,causal,walking distance affects crowd management
R02041,2018,ancient spot,spiritual charm,description,ancient spot has spiritual charm
R02041,2018,Hindu devotees,spiritual charm,co_occurrence,devotees experience spiritual charm
R00093,2012,river,sewage flowing drain,description,river described as sewage flowing drain
R00093,2012,authorities,world heritage site,causal,authorities' neglect affects heritage site
R01497,2017,non-Hindu entry ban,scream at you,causal,Non-Hindu entry ban leads to aggressive behavior
R00719,2014,vaidic chants,Aarati,co_occurrence,vaidic chants and Aarati are both rituals
R00719,2014,VishwaRupa,Guhyashwari,co_occurrence,VishwaRupa and Guhyashwari are both temples
R00719,2014,Bhattas,Linga,description,Bhattas are allowed to touch the Linga
R02199,2019,rain storm,interesting site,contrast,"Despite the rain storm, the site was interesting"
R02199,2019,interesting site,worth getting wet for,causal,The site's interest made it worth getting wet
R01278,2016,ancient Shiva temple,evening arathi,co_occurrence,Both are attractions of the temple
R01278,2016,bodies are cremated,river,description,Cremation occurs along the river
R02304,2019,guide,explanations of hindu and the ceremonies,co_occurrence,Guide provided explanations
R02304,2019,explanations of hindu and the ceremonies,cremation ceremonies,description,Explanations about the cremation ceremonies
R02304,2019,cremation ceremonies,sense,causal,Cremation ceremonies made sense with explanations
R02089,2018,bodies being burnt,river bank,co_occurrence,bodies being burnt occurs at the river bank
R02089,2018,huge temple,bare footed,contrast,huge temple is beautiful but difficult to cover bare footed
R00334,2013,cremating temple,cremating site,description,cremating site is part of the cremating temple
R00334,2013,cremating site,river that flows to the Ganges,description,cremating site is alongside the river
R00334,2013,guide,probin,description,guide is identified as probin
R00334,2013,cremating site,boys looking for gold,description,boys looking for gold at the cremating site
R01907,2018,UNESCO Heritage,Hindu cremation ground,co_occurrence,Both are part of the heritage site
R01907,2018,Hindu cremation ground,temple area,co_occurrence,Both are part of the temple complex
R01907,2018,Lord Shiva followers,temple area,description,Temple area is significant for followers
R02429,2023,Holy River Bagmati,Pagoda style Temples,co_occurrence,Both are features of the temple's environment
R02429,2023,non-Hindu entry ban,sense of devotion,contrast,"Despite entry restrictions, the reviewer feels devotion"
R02374,2020,prayers,priest,co_occurrence,prayers officiated by the priest
R02374,2020,arti,prayers,co_occurrence,tour of the temple and arti
R02374,2020,vegetation,beautiful,description,vegetation described as beautiful
R02009,2018,temple grounds,somber,description,temple grounds evoke somber emotion
R02009,2018,guide,temple grounds,description,guide provides knowledge about temple
R02009,2018,traditional cremation,respectful of the rituals,causal,ritual requires respect
R00869,2015,river,burning sites,co_occurrence,Both are visible from the same viewpoint
R00869,2015,steps,reflect on life and death,causal,Sitting on the steps leads to reflection
R00261,2013,Puja,Temple office,causal,Puja booking at Temple office
R00261,2013,Eternal Blessings,Puja,co_occurrence,Blessings associated with Puja
R00261,2013,Temple Priests,Temple office,contrast,No trouble from priests at the office
R00105,2012,crowded place,biggest temple for hindu religion,contrast,crowded but significant religious site
R00105,2012,aarati,burn,co_occurrence,both are religious rituals
R00751,2015,pigeon,atmosphere,co_occurrence,pigeon and atmosphere mentioned together
R00751,2015,monks,tourism activity,co_occurrence,monks and tourism activity mentioned together
R00759,2015,cremation ceremony,funeral pyre,description,funeral pyre is part of the cremation ceremony
R00759,2015,garlands and tumeric,cremation ceremony,description,garlands and tumeric are used in the cremation ceremony
R00759,2015,sadhus,lepers begging,co_occurrence,sadhus and lepers are both present in the alley way
R01584,2017,not hindu,important Hindu temple,description,non-Hindu entry restriction
R01584,2017,pushing people,guide service,co_occurrence,pushing people offering guide service
R00696,2014,Pinda Dana,Brahman,causal,Brahman performs the Pinda Dana ritual
R00696,2014,Nandi,Bagmati River,description,Nandi is located at the temple near the Bagmati River
R00696,2014,Aarti of River Baghmati,Bagmati River,description,Aarti is performed at the Bagmati River
R02098,2018,tour guides,cost,causal,tour guide demanded extra cost
R02098,2018,cremation site,smoke,co_occurrence,cremation site associated with smoke
R00037,2011,entrance fee of 500 rupees,non-Hindu entry ban,contrast,fee charged despite entry restrictions
R00037,2011,young Hindu guides,cremation ceremonies,description,guides provide information about ceremonies
R00037,2011,cremation ceremonies,river banks,co_occurrence,ceremonies occur at this location
R01172,2016,entry fees,inside the temple,description,entry fees rule applies to the temple
R01172,2016,mobile phone,inside the temple,description,mobile phone restriction applies to the temple
R00883,2015,peace,surrounding,description,peaceful surrounding
R00883,2015,over crowded,festivals,co_occurrence,overcrowding during festivals
R02272,2019,guide,Ananta,description,Ananta is the guide
R02272,2019,crematorium,bodies were burned in public,description,crematorium involves public body burning
R02272,2019,animal sacrifices,crematorium,co_occurrence,animal sacrifices mentioned with crematorium
R00477,2014,guides,complex,co_occurrence,Guides are present throughout the complex
R00477,2014,dressed up men in orange,photo ops,description,Dressed up men in orange provide good photo opportunities
R00295,2013,burning ghats,cremation site,description,burning ghats are described as the main cremation site
R00295,2013,funeral practices,non-Hindu entry ban,contrast,learning about funeral practices contrasts with non-Hindu entry ban
R02118,2019,large temple complex,cremations on the ghat,co_occurrence,Both are part of the temple experience
R02118,2019,non-Hindu entry ban,respectful with your cameras,contrast,Entry restriction contrasted with camera respect
R00326,2013,Temple and surrounding,Hindu,contrast,Hindu visitor contrasts expectations with cleanliness
R00706,2014,funeral ceremony,cremation ceremonies,co_occurrence,funeral ceremony and cremation ceremonies observed together
R00706,2014,holy men,funeral ceremony,co_occurrence,holy men present during funeral ceremony
R00078,2012,ancient form (animal face),wooden sloping stairs,description,stairs allow viewing of Shiva's form
R00078,2012,Bagmati river,heavily polluted,contrast,sacred river is polluted
R00078,2012,cremation,Bagmati river,co_occurrence,cremation occurs at the river
R00078,2012,Kal Bhairav idol,priest (woman),causal,priest's action linked to idol
R00206,2012,Baba,marijuana,co_occurrence,Baba and marijuana use together
R00206,2012,retirement and aged care facility,live cremations,contrast,contrast between care facility and cremations
R01640,2017,Aarti Ceremony,most memorable and special,causal,Aarti Ceremony contributed to the memorable experience
R01640,2017,guide,$10,description,guide service required a $10 fee
R01354,2016,cremation,grief,co_occurrence,Grief felt during cremation
R01354,2016,son,cremation,description,Son involved in cremation ritual
R01354,2016,karma and reincarnation worldview,cremation,causal,Cremation influenced by cultural beliefs
R01212,2016,4 faces of LORD SHIVA,completeness,causal,4 faces of LORD SHIVA evoked completeness
R01212,2016,HINDU,dearest daughter,co_occurrence,HINDU visiting with daughter
R02395,2020,Shiva temple,darshan,description,Shiva temple is a place for darshan
R02395,2020,darshan,lucky,causal,darshan caused feeling of luck
R00577,2014,politicians cremation,voyeuristic,contrast,interesting yet voyeuristic
R00577,2014,sadhus,spiritual integrity,contrast,sadhus lack spiritual integrity
R00370,2013,crowd,darshan,contrast,crowd makes it difficult to get a good darshan
R00370,2013,darshan,systematic,co_occurrence,darshan process is systematic
R01061,2016,Bagmati river,manifestation of Shiva,description,Bagmati river is the location of the temple dedicated to Shiva
R01061,2016,manifestation of Shiva,pilgrims,causal,manifestation of Shiva attracts pilgrims
R01061,2016,non-Hindu entry ban,Bagmati river,contrast,non-Hindus cannot enter but can view from the river bank
R01612,2017,aarti,Bagmati River,co_occurrence,aarti takes place at Bagmati River
R01612,2017,priests,devotees,co_occurrence,priests and devotees participate together
R01612,2017,cremation ceremony,sense of mortality,causal,cremation ceremony evokes sense of mortality
R01983,2018,temples,cremation grounds,co_occurrence,temples and cremation grounds mentioned together
R01983,2018,funny sculptures,temples,description,sculptures are on the temples
R01983,2018,sadhus,temples,co_occurrence,sadhus mentioned in context of temples
R01983,2018,Photos should be avoided,temples,cultural_rule,rule about photography at temples
R02184,2019,scamming tour guides,monks,co_occurrence,Both mentioned as concerns
R02184,2019,Tickets,1000,description,Ticket price described
R01798,2018,funeral ceremonies,voyeur,contrast,voyeuristic feeling contrasted with fascination
R01798,2018,funeral ceremonies,fascinating,co_occurrence,fascination felt during funeral ceremonies
R00932,2015,ghats,cremation rituals,co_occurrence,Cremation rituals occur at the ghats
R00932,2015,monkeys,fake saddhus,co_occurrence,Both are problems visitors face
R00932,2015,atmosphere of death,cremation rituals,causal,Cremation rituals contribute to the atmosphere of death
R02475,2024,Hindu temple,cremation site,co_occurrence,The temple is also a cremation site
R02475,2024,Hindu temple,15th century,description,The temple was rebuilt in the 15th century
R00950,2015,death rites,sobering,co_occurrence,death rites are described as sobering
R00950,2015,death rites,interesting,co_occurrence,death rites are described as interesting
R01463,2017,cremation,Bagmati River,co_occurrence,cremation viewed from across the river
R01463,2017,Bagmati River,polluted,contrast,holy river described as polluted
R02166,2019,cremation ceremonies,river,co_occurrence,Cremation ceremonies occur along the river
R02166,2019,holy men,artists dressed as gods,co_occurrence,Holy men and artists are both present
R02454,2024,entrance fee,only Hindus are allowed,contrast,Entrance fee charged despite entry restriction
R02454,2024,policeman,only Hindus are allowed,causal,Policeman enforcing entry restriction
R01297,2016,holy Hindu temple,cremation of the deceased,co_occurrence,temple is main place for cremation
R01297,2016,cremation of the deceased,farewell of family members,description,farewell is part of cremation ritual
R00630,2014,Aarati song,spiritual,causal,Aarati song contributes to feeling spiritual
R00630,2014,huge crowd,Aarati song,contrast,crowd contrasts with the peaceful Aarati experience
R02419,2022,Lord Siva with five mukhas,Amazing temple,description,Lord Siva is part of the amazing temple
R02419,2022,Amazing temple,transcends time,description,The temple transcends time
R02419,2022,Amazing temple,Felt lucky,causal,Feeling lucky is caused by visiting the amazing temple
R01167,2016,Lord Shiva Birthday,remarkable visit,causal,The festival made the visit remarkable
R01167,2016,Lord Shiva Birthday,busier than normal days,causal,The festival caused increased busyness
R01415,2017,burn the bodies,hindu temple,co_occurrence,cremation ceremony occurs at the temple
R01415,2017,entrance fee,hindu temple,description,entrance fee is required for the temple
R01415,2017,not clean,hindu temple,description,temple area is not clean
R00098,2012,worship with music and dance,likes it very much,causal,The enjoyment of the ritual caused the positive emotion
R00593,2014,entrance gate,written proof,causal,entrance gate required written proof
R00593,2014,Gayatri Mantra,written proof,contrast,reciting Gayatri Mantra was not enough
R01823,2018,spiritual walks,mesmerizing experiences,co_occurrence,spiritual walks were mesmerizing
R01823,2018,four doors,mesmerizing experiences,co_occurrence,seeing four doors opened was mesmerizing
R01823,2018,flux of devotees,mesmerizing experiences,contrast,crowded but mesmerizing
R00469,2014,cremations,uncomfortable,contrast,cremations are amazing but also uncomfortable
R00469,2014,temple,non-Hindu entry ban,contrast,temple looks amazing but entry is restricted
R01045,2016,Nepali/Indian experience,cremations,contrast,wonderful experience despite morbid cremations
R00291,2013,special Monday Puja,chanting and singing,co_occurrence,Puja included chanting and singing
R00291,2013,magical sunset views,beautiful roof top,co_occurrence,Sunset views behind the roof top
R00533,2014,full moon day,worship,co_occurrence,worship occurred on full moon day
R00533,2014,expert guide,wonderful spiritual experience,causal,expert guide contributed to spiritual experience
R01397,2017,devastated structures,main structure,contrast,devastated structures contrast with the intact main structure
R01397,2017,Evening Aarti,positive vibes,causal,Evening Aarti caused positive vibes
R02013,2018,funeral pyre site,mourners,co_occurrence,mourners present at the funeral pyre site
R02013,2018,tourists gawking,mourners,contrast,tourists' behavior contrasted with respect for mourners
R02013,2018,photos from the bridge,tourists gawking,contrast,appropriate photo-taking contrasted with gawking
R02013,2018,exorbitant fees,tourists gawking,causal,exorbitant fees cause issues with photo-taking
R00939,2015,peace of mind,Hindu devotees,co_occurrence,peace of mind associated with Hindu devotees visiting
R01952,2018,restrictions for non residents,pay,causal,restrictions include having to pay
R01952,2018,pay,moving ATM,causal,paying leads to being seen as ATM
R01130,2016,entrance fee,tourist police,causal,tourist police enforces entrance fee
R01130,2016,burn the dead bodies,fertility temples,co_occurrence,both are part of temple's attractions
R01130,2016,man who works there,sour feeling,causal,man's response caused sour feeling
R01368,2016,large temple,scenic view,co_occurrence,Both are part of the temple experience
R01368,2016,scenic view,just before the sunset,description,The view is described as beautiful at this time
R00196,2012,complex of several temples,gates for cremation,co_occurrence,part of the temple complex
R00196,2012,complex of several temples,caves for meditation,co_occurrence,part of the temple complex
R00196,2012,little Shiva lings,complex of several temples,description,located in small temples
R00196,2012,deer park,complex of several temples,contrast,opposite the main Hindu temple
R02151,2019,cremation,Majestic view,contrast,contrast between ritual and scenic view
R02151,2019,Hindus,non-Hindu entry ban,description,Hindus allowed due to cultural rule
R00364,2013,row of stupas,rituals for the dead,co_occurrence,stupas and rituals mentioned together
R00364,2013,crematoria,rituals for the dead,description,crematoria is where rituals occur
R00364,2013,main Temple out of bounds,drying river,contrast,cultural rule contrasted with environmental issue
R00365,2013,two major temples,forbidden to foreigners,description,temples are not accessible to foreigners
R00365,2013,hindu sages,city beggars,contrast,sages compared to beggars
R01291,2016,1000nrps entry fee,inner shrines,contrast,entry fee vs. restricted access
R01291,2016,living place of worship,sadhus,co_occurrence,living worship and presence of sadhus
R02017,2018,Bagmati River,Aarti,co_occurrence,Aarti performed on river bank
R02017,2018,massive gate,no photography zones,description,gate forwards you to not take photographs
R02017,2018,Nandi,temple guard,causal,guard asked to delete photo of Nandi
R02017,2018,Aarti,humbling experience,causal,Aarti contributes to humbling experience
R00254,2013,non-Hindu entry ban,cremation ceremony,contrast,entry ban contrasts with witnessing rituals
R00254,2013,cremation ceremony,funeral pyres,description,cremation involves burning on pyres
R00254,2013,funeral pyres,Bagmati River,co_occurrence,pyres located along the river
R01030,2016,Bagamati river,four face Linga,description,Bagamati river is the location of the temple
R01030,2016,four face Linga,two tier pagoda style temple,description,four face Linga is part of the temple
R01030,2016,wooden carvings,two tier pagoda style temple,description,wooden carvings are on the temple
R01030,2016,non-Hindu entry ban,Bagamati river,contrast,non-Hindus can only see the temple from the other bank
R01977,2018,shrine,monkey poop,co_occurrence,shrine condition related to monkey poop
R01977,2018,monkey poop,polluted stream,co_occurrence,monkey poop and polluted stream mentioned together
R01977,2018,smell of burning human flesh,funeral pyres,description,smell described as coming from funeral pyres
R01977,2018,relatives wash the feet of deseased,searching for treasure in the water,co_occurrence,rituals occurring simultaneously
R02302,2019,hawkers,cremations,contrast,hawkers contrasted with cremation experience
R02302,2019,cremations,locals,co_occurrence,locals watching cremations
R00982,2015,funeral procession,body,co_occurrence,body is part of the funeral procession
R00982,2015,body,water,co_occurrence,body is secured near the water
R00982,2015,body,burn it,causal,body is washed and then burned
R00450,2013,guide,annoyed,causal,Guide's behavior caused annoyance
R00450,2013,foreigners,guide,description,Guide issue described as affecting foreigners
R01317,2016,entrance fee,non-Hindu entry ban,co_occurrence,Both are access restrictions for visitors
R02406,2021,cremation of Hindu people,unusual,contrast,cremation is unusual yet part of the visit
R02406,2021,amazing place,enjoyed visiting,causal,amazing place leads to enjoyment
R00916,2015,photos are strictly forbidden,place of worship,description,photos forbidden due to sacred nature
R00916,2015,Lord Shiva,place of worship,description,home of Lord Shiva
R02095,2018,biggest events,big area,description,event takes place in a big area
R02095,2018,big area,special crematorium,description,area includes the crematorium
R01083,2016,temple buildings,temple campus,description,temple buildings are part of the temple campus
R01083,2016,garbage piles,animals,co_occurrence,garbage piles and animals are both problems
R01083,2016,UNESCO,temple campus,causal,UNESCO's involvement could improve the temple campus
R01224,2016,recent earthquake in 2015,old residency,causal,earthquake damaged the old residency
R01224,2016,crowded and unmanageable,insensitive to other people,co_occurrence,crowding leads to insensitivity
R00126,2012,local people,maintain the buildings,causal,local people responsible for maintenance
R00126,2012,eating and drinking,monuments,co_occurrence,eating and drinking around monuments
R02340,2019,aarati,banks of bagmati river,co_occurrence,aarati takes place on the banks of Bagmati River
R00639,2014,vision,sounds,co_occurrence,vision and sounds experienced together
R00639,2014,sounds,smell,co_occurrence,sounds and smell experienced together
R00639,2014,smell,experience for all senses,co_occurrence,smell and experience for all senses
R00632,2014,SHIVA temple,architectural design,description,The temple is described as having excellent architectural design.
R00330,2013,main temple,small temples,co_occurrence,Both are part of the temple complex
R00330,2013,shiv linga,four faces of shiva,description,Four faces are part of the shiv linga
R00330,2013,Bhim,Darshana,causal,Bhim's story leads to the significance of Darshana
R00330,2013,brahmins,Pujavidhi,causal,Brahmins perform Pujavidhi for devotees
R02415,2022,smaller temples,bodies being cremated,co_occurrence,smaller temples and cremation ritual are both mentioned as part of the visit
R02415,2022,bodies being cremated,river,description,cremation takes place by the river
R02415,2022,off-limits to non-Hindus,river,description,access restriction related to sacred space
R00242,2013,funerals,families saying goodbye,co_occurrence,Funerals and families saying goodbye occur together
R00242,2013,funerals,tourists,contrast,Tourists watching funerals creates a bizarre contrast
R00242,2013,woman washes her clothes,amazing temples,contrast,Washing clothes contrasts with amazing temples
R01079,2016,ceremony,internal guide,co_occurrence,guide explains the ceremony
R01079,2016,internal guide,deal about price,contrast,guide service requires price negotiation
R01436,2017,sacred Hindu temples,huge place,description,temple described as huge
R01436,2017,sacred Hindu temples,Monkeys,contrast,sacredness contrasted with monkey presence
R01220,2016,Shivaling,blessed,causal,Seeing the Shivaling makes the reviewer feel blessed
R01220,2016,cremetary,shoes cameras and mobile phones,contrast,Cremetary presence contrasts with cultural rules
R01247,2016,pashupati entrance,interesting views and architecture,co_occurrence,entrance and views are part of the walk
R01247,2016,spitting,cow dung,co_occurrence,both are cleanliness issues
R01247,2016,spitting,monkeys,co_occurrence,both are problems observed in the premises
R00265,2013,dead bodies,very sad,causal,burning of dead bodies caused sadness
R02178,2019,complex of temples,ghats,co_occurrence,temples and ghats mentioned together
R02178,2019,rituals and traditions around death,local community,description,rituals related to the local community
R01928,2018,huge crowds,poojas,contrast,crowds make it difficult to perform rituals
R01928,2018,poojas,sanctum sanctorum,causal,performing poojas allows access to sanctum sanctorum
R01928,2018,poojas,milk worship,description,milk worship is part of poojas
R01971,2018,entry ticket,guides,co_occurrence,guides available after ticket purchase
R01971,2018,guides,history and the temples,description,guides explain history and temples
R01971,2018,guides,ceremonies,description,guides explain ceremonies
R00010,2025,Hindu Culture and tradition,crowded,contrast,positive cultural depth contrasted with crowding
R00010,2025,scam tourists,crowded,co_occurrence,scams occur in crowded conditions
R00522,2014,ritual burning of dead people,beautiful,contrast,beautiful yet thought-provoking
R00522,2014,ritual burning of dead people,look at my life,causal,ritual caused reflection on life
R00522,2014,look at my life,limited,description,reflection on life's limitations
R01628,2017,Ganga Aarthi,ceremony,co_occurrence,Ganga Aarthi is part of the ceremony
R01628,2017,ceremony,crowd of locals,co_occurrence,ceremony witnessed with locals
R01628,2017,ceremony,lifetime opportunity,causal,ceremony provides a lifetime opportunity
R02259,2019,bodies being cremated,somber visit,causal,Cremation caused somber feeling
R02259,2019,bodies being cremated,glad we went,contrast,Cremation was somber but visit was glad
R01996,2018,activities of surrounding the area,happy,contrast,Some were not pleased while the reviewer was happy
R01996,2018,tour guide,culture,causal,Tour guide helps learn about the culture
R00351,2013,Shiva linga,pilgrims,co_occurrence,Shiva linga and pilgrims coexist at the site
R00351,2013,pilgrims,cremation ghats,co_occurrence,Pilgrims and cremation ghats are part of daily rituals
R00351,2013,cremation ghats,Bagmati River,description,Cremation ghats are along the Bagmati River
R00813,2015,river front,evening river worship ritual,co_occurrence,Both occur at the river front
R00813,2015,Hindu cremation ceremony,pyres burning,description,Pyres are part of the cremation ceremony
R00308,2013,rare glimpses into the end of life,western society,contrast,end of life is hidden in western society
R00308,2013,guide,rituals,causal,guide helps understand rituals
R00822,2015,cremations,beautiful death ritual,description,cremations described as a beautiful death ritual
R00822,2015,sacred site,respect,causal,sacred site deserves respect
R00263,2013,burning ghats,sacred Hindu shrines,co_occurrence,Both are mentioned as part of the visit
R00263,2013,the devoted,sacred Hindu shrines,description,The devoted are associated with the shrines
R00263,2013,monkeys,flowers,contrast,"Monkeys are a problem, unlike the flowers"
R02323,2019,earthquake damage,restoration,causal,restoration due to earthquake damage
R00200,2012,cremation ceremony,respect for culture,contrast,shocking yet respectful of culture
R00200,2012,pollution,cremation ceremony,co_occurrence,pollution observed during cremation
R02315,2019,architecture,cremating those recently deceased,co_occurrence,architecture and cremation both mentioned
R02315,2019,cremating those recently deceased,upsetting,causal,cremation might be upsetting
R02106,2018,non-Hindu entry ban,entry fee for foreigners,contrast,entry restriction contrasted with fee
R02106,2018,filthy dirty,rubbish lying around,description,rubbish describes the dirtiness
R02106,2018,filthy dirty,sellers everywhere,co_occurrence,dirtiness and sellers occur together
R02055,2018,bodies being cremated,river,co_occurrence,cremation happens by the river
R02055,2018,multiple temples,interesting buildings,co_occurrence,temples and buildings are both attractions
R00286,2013,non-Hindu entry ban,funeral home,co_occurrence,Both are mentioned in the context of access and viewing
R00286,2013,cremation ceremony,no photography zones,causal,No photography to respect the cremation ceremony
R00935,2015,main temple,smaller temples,contrast,main temple opens later than smaller temples
R00935,2015,shops,fake rudraksh beads,description,shops sell fake rudraksh beads
R01852,2018,bodies are cremated,somber but fascinating,co_occurrence,cremation is described as somber but fascinating
R01852,2018,small and large temples,extensive grounds,description,temples are located on extensive grounds
R01569,2017,cremations,Bagmati River,co_occurrence,Cremations occur by the Bagmati River
R01569,2017,cremations,polluted state of the river,causal,Cremations contribute to river pollution
R01569,2017,Sadhu,poverty,contrast,Sadhu presence contrasts with visible poverty
R00569,2014,Holy Place for Hindus,not very clean,contrast,sacred space contrasted with cleanliness issue
R00569,2014,touts,worth a visit once in life time,contrast,awareness of touts contrasted with worth visiting
R01213,2016,sacred places,respectful,description,sacred places require respect
R00911,2015,crematoria,emotional,description,crematoria evokes emotional response
R00911,2015,ancient stupas,pilgrims,co_occurrence,stupas and pilgrims present together
R00076,2012,Aryaghat,cremations,co_occurrence,cremations take place at Aryaghat
R00076,2012,special ceremony,sense of spirituality,causal,special ceremony creates a sense of spirituality
R00076,2012,tourist guides,fake guides,description,some tourist guides are fake
R01156,2016,inside the temple,spiritual,description,temple environment described as spiritual
R01156,2016,locals,inside the temple,co_occurrence,locals visit the temple in the evening
R01323,2016,temple inside,feeling of calmness,causal,The serene temple inside causes a feeling of calmness
R01323,2016,priests,only Hindu are allowed,contrast,Friendly priests contrast with the restrictive entry rule
R01323,2016,river side behind the temple,cremation of dead bodies,description,The river side is where cremation rituals occur
R01074,2016,dead people burning,respect and appreciation,causal,Burning the dead evokes respect and appreciation
R01074,2016,saddhus,saddhus creating a misinformed image,contrast,Saddhus are expected to be holy but are creating a misinformed image
R00929,2015,Teej,women gather to celebrate and dance,co_occurrence,Teej involves women gathering to celebrate and dance
R00929,2015,Teej,beautiful sea of red saris,co_occurrence,Teej creates a beautiful sea of red saris
R00929,2015,great location for seeing and experiencing festivals,Teej,description,Teej is described as a great festival experience
R02367,2020,impressive structures,Bagmati river,co_occurrence,structures are along the river
R02367,2020,cremation ghats,Hindu cremation rituals,description,ghats are where rituals are practised
R02367,2020,sobering and thought provoking,Hindu cremation rituals,causal,rituals cause the dual valence feeling
R02367,2020,holy men,non-Hindu entry ban,contrast,holy men are accessible despite entry ban
R00573,2014,Darshan,Pooja,co_occurrence,Darshan and Pooja mentioned together
R00573,2014,Pooja,Locals,description,Pooja performed by Locals
R00573,2014,cleanliness,attitude,contrast,cleanliness issue contrasted with positive attitude
R01796,2018,temple complex,temples and buildings,co_occurrence,temple complex includes temples and buildings
R01796,2018,burial ceremonies,Sadhus,co_occurrence,Sadhus present during burial ceremonies
R01796,2018,local guide,burial ceremonies,causal,guide helped understand burial ceremonies
R00072,2012,non Hindus are not allowed,fee,causal,fee paid but restricted entry for non-Hindus
R00631,2014,funeral,atmosphere,co_occurrence,funeral and atmosphere experienced together
R00631,2014,white hospital,creepy,description,hospital described as creepy
R00149,2012,non-Hindu entry ban,local guide,contrast,entry restriction contrasted with guide availability
R00149,2012,management skill missing,Visit temple,contrast,management issues contrasted with positive sentiment
R01088,2016,Hindu devotees,rituals,co_occurrence,devotees performing rituals
R01088,2016,temple compound,interesting things,description,compound has interesting things
R01028,2016,sky burials,feeling of community,contrast,Western culture vs. feeling of community
R01028,2016,daily rituals with fire and music,non-Hindu entry ban,contrast,rituals vs. entry restriction
R00540,2014,architecture,lively place,co_occurrence,architecture and lively place mentioned together
R00540,2014,Hindus,other side of the Bridge,contrast,Hindus vs others viewing from the bridge
R01538,2017,Babas,beautiful place,description,Babas contribute to the beauty of the place
R01538,2017,beautiful place,meditate,co_occurrence,The place is suitable for meditation
R01538,2017,huge turnout,beautiful place,contrast,Crowds contrast with the beauty of the place
R01119,2016,different approach to death,dead bodies,description,dead bodies are part of the approach to death
R01253,2016,most sacred Temple,Bhagwan Shiv,description,Temple dedicated to Bhagwan Shiv
R01253,2016,Hindu,visit,causal,Hindus are encouraged to visit
R01466,2017,dirty,disrespectful tourists,co_occurrence,Both are negative aspects of the visit
R01466,2017,selfie with a corpse burning,cremations,description,Taking selfies during cremations
R01466,2017,cremations,sense of strangeness,causal,Cremations caused a sense of strangeness
R00171,2012,main temples,non-Hindu entry ban,description,entry restriction for foreigners
R00171,2012,extensive temple grounds,feeling of sanctity,co_occurrence,sanctity felt in temple grounds
R00171,2012,extensive temple grounds,feeling of peacefulness,co_occurrence,peacefulness felt in temple grounds
R02382,2020,long que,Kathmandu traffic,co_occurrence,both are logistical issues for visitors
R02382,2020,guhyeshwari Shakti peeth,roads are invariably jammed,co_occurrence,both are mentioned as part of the visit experience
R01263,2016,Maha Aarthi,must see experience,description,Maha Aarthi described as a must see experience
R01263,2016,Maha Aarthi,evening,co_occurrence,Maha Aarthi occurs in the evening
R01765,2017,pagoda architecture,silver carvings,co_occurrence,Both are architectural features
R01765,2017,inner door opens,faces of Lord Shiva,causal,Opening the door allows viewing of Lord Shiva's faces
R01765,2017,restoration work,pagoda architecture,description,Restoration work is related to the temple's architecture
R01739,2017,evening aarati ceremony,Eastern part,co_occurrence,aarati takes place in Eastern part
R01739,2017,evening aarati ceremony,Bagmati River,co_occurrence,aarati occurs by Bagmati River
R01739,2017,evening aarati ceremony,worship of god Shiva,description,aarati is a form of worship
R01426,2017,Maha Shivaratri,pray,co_occurrence,attend Shivaratri to pray
R00933,2015,non-Hindu entry ban,entry fee for foreigners,co_occurrence,Both relate to access restrictions for non-Hindus
R02482,2024,cremation areas,Hindu religion,description,cremation areas are part of Hindu rituals
R02482,2024,tourists,pilgrimage,contrast,tourists usually a problem but enhanced sacred feeling
R01981,2018,rain,monkeys,contrast,rain contrasted with the presence of monkeys and prayers
R01981,2018,prayers,people crying,co_occurrence,prayers and people crying occur together
R01981,2018,sacred and holy places,clothes you wear,causal,sacredness causes attention to clothing
R02409,2022,biggest hindu temple,Lord Shiva,description,temple dedicated to Lord Shiva
R00755,2015,1000NR for foreigners,locals get in for free,contrast,different entry fees for foreigners and locals
R00755,2015,1000NR for foreigners,250NR for entry,contrast,higher entry fee compared to other sites
R00026,2026,Aarati ceremony,cremations,co_occurrence,Aarati ceremony and cremations happening together
R00026,2026,guides,tour,causal,guides causing problem with tour
R00142,2012,main entrance,local guides,co_occurrence,Guides are present at the main entrance
R00142,2012,entrance fee,building where only hindus can get in,contrast,Entrance fee contrasts with free entry for Hindus
R00088,2012,Sadhu,white-washed temples,co_occurrence,Sadhu's presence adds color to temples
R00088,2012,white-washed temples,lingum,description,temples contain lingum
R00088,2012,cremation,puja and ceremony,co_occurrence,cremation includes puja and ceremony
R01891,2018,gate of the temple,Aarti,co_occurrence,Aarti performed near the gate
R01891,2018,locals,Hindus from India,co_occurrence,both groups visit the temple
R01169,2016,temples and structures,damage from the quake,causal,damage caused by the quake
R01125,2016,cremation ceremony,bank of canal,description,location where body is kept before cremation
R01125,2016,cremation ceremony,religious mind,co_occurrence,cremation ceremony evokes religious mind
R01125,2016,farewell ceremony,cremation ceremony,description,farewell ceremony is part of cremation
R01111,2016,funeral,belief,co_occurrence,funeral and belief mentioned together
R01111,2016,art,history,co_occurrence,art and history mentioned together
R02308,2019,Gyan Bahadur Muhkiya,funeral tradition in the river,description,Gyan explained the funeral tradition
R02308,2019,Gyan Bahadur Muhkiya,cremation,description,Gyan explained the cremation
R02308,2019,funeral tradition in the river,sacred ceremony with flowers and tears,co_occurrence,funeral tradition includes sacred ceremony
R02308,2019,cremation,sacred ceremony with flowers and tears,co_occurrence,cremation includes sacred ceremony
R01987,2018,Temple architect,damaged in earthquake,contrast,Architect worth seeing despite damage
R01831,2018,ancient temples,non-Hindu entry ban,contrast,temples are not accessible to tourists
R01831,2018,over zealous guards,1000 rupees fee,causal,guards enforce the fee
R01831,2018,Sleshmantak jungles,Sri Goraknath temple,description,recommended places to visit
R01831,2018,babas,psychic channel,description,babas' earrings open a psychic channel
R02463,2024,rubbish and dirt,river,co_occurrence,rubbish is thrown into the river
R02463,2024,locals,river,causal,locals throw rubbish into the river
R02463,2024,cremation,emotionally moving,causal,witnessing the cremation causes emotional movement
R01539,2017,Shiva god,historical temple,description,Shiva god is associated with the temple
R01539,2017,foreigner country s people,historical temple,co_occurrence,People from foreign countries visit the temple
R01539,2017,India and Nepal,historical temple,co_occurrence,People from India and Nepal visit the temple
R01208,2016,Hindu traditions,river rituals,co_occurrence,Both are Hindu rituals observed at the site
R01208,2016,river rituals,burning,co_occurrence,Both are part of the river rituals
R01208,2016,burning,long walking,contrast,Burning rituals contrast with the pleasant walking experience
R01142,2016,cremations,Basmati river,co_occurrence,cremations happening near the river
R01142,2016,guide,memorable place,contrast,guide was annoying but added value
R01142,2016,smoke,cremations,causal,smoke caused by cremations
R01142,2016,funeral,cremations,co_occurrence,funeral as part of cremations
R01547,2017,lord shiva's shrine,most preferred reason,description,shrine is the reason to visit
R01547,2017,lord shiva's shrine,must visit place,description,shrine makes it a must visit
R00012,2025,body washing,cremation rituals,co_occurrence,body washing and cremation rituals occur together
R00012,2025,river banks,cremation rituals,description,cremation rituals take place along the river banks
R02452,2024,cremation ceremony,Ganga aarti ceremony,co_occurrence,Both rituals occur at the temple
R02452,2024,non-Hindu entry ban,sense of peace,contrast,Restriction leads to quieter atmosphere
R02452,2024,funerals,sense of peace,causal,Fewer people lead to quieter atmosphere
R01387,2017,cremations,eerie feeling,causal,cremations caused eerie feeling
R01387,2017,temples,eerie feeling,co_occurrence,temples and eerie feeling experienced together
R01387,2017,guide,different culture,description,guide explained different culture
R01047,2016,guide,experience,causal,Guide enhanced the experience
R02120,2019,cultural of the local people,good place,causal,curiosity about culture makes it a good place
R00658,2014,Hindus,Shiva devotee,contrast,"Only Hindus can enter, but Shiva devotees find it worthwhile"
R00658,2014,cremation grounds,worth a visit,contrast,"Cremation grounds were unpleasant, but visit is worthwhile for devotees"
R00328,2013,cremations,tourists getting too close,contrast,tourists' disrespectful behavior during cremations
R00328,2013,Sadhu,cremations,co_occurrence,Sadhu present at the site of cremations
R00328,2013,votive shrines,cremations,co_occurrence,votive shrines near cremation area
R00956,2015,old temple,historic value,description,temple has historic value
R00956,2015,old temple,religious value,description,temple has religious value
R00936,2015,Hindu shrine,crowd,contrast,popular shrine but crowded
R00936,2015,cremation place,photography ban,co_occurrence,both mentioned in context of temple visit
R02032,2018,Lord Shiva,Shivaratri festivals,description,Lord Shiva is central to Shivaratri festivals
R02032,2018,devotees,everyday ritual,co_occurrence,devotees perform everyday ritual
R01382,2017,riverside cremation sites,bodies being burned,co_occurrence,cremation sites and bodies being burned are mentioned together
R01382,2017,tickets,local guide,causal,buying tickets leads to getting a guide
R00812,2015,cremations,body decked in Orange and yellow flowers,co_occurrence,Body with flowers is part of the cremation ritual
R00812,2015,sacrifice an animal,cremations,co_occurrence,Animal sacrifice occurs near cremation site
R00812,2015,holy men and women,cremations,co_occurrence,Holy men and women are present during cremations
R00812,2015,Hindus are not allowed to go inside the temple,cremations,contrast,Cultural rule contrasts with the open cremation ritual
R01542,2017,Bagmati River,main temple,co_occurrence,main temple located on banks of Bagmati River
R01542,2017,Hindu customs and funeral rituals,Hindus only,contrast,rituals accessible but main temple restricted
R01542,2017,entrance fee,Hindus only,contrast,fee for foreigners but restricted to Hindus
R01716,2017,Shiva's Puja,big opportunity,causal,Performing the puja was a big opportunity
R01716,2017,Hindi family,Shiva's Puja,co_occurrence,The family performed the puja
R00157,2012,Monday,locals offer prayers,co_occurrence,Monday is when locals offer prayers
R00157,2012,locals offer prayers,very crowded,causal,prayers cause crowding
R00686,2014,burning Ghats,the process,description,the process is part of the burning Ghats
R00686,2014,steps,shrines,co_occurrence,steps lead to further walks and shrines
R02436,2023,Mass Gathering,Bagmati River,co_occurrence,Mass Gathering occurs near the Bagmati River
R02436,2023,Nepal culture,harmony among people,causal,Nepal culture leads to harmony among people
R00602,2014,aarti,marvellously built,co_occurrence,aarti and marvellous architecture mentioned together
R01060,2016,amazing insight into the Hindu culture,scabby monkeys,contrast,positive cultural insight contrasted with negative monkey presence
R01809,2018,old temple,rich history,description,temple has a rich history
R01809,2018,old temple,Jothirling,description,temple is one among Jothirling
R01809,2018,Jothirling,blessings,causal,"being a Jothirling, one can get blessings"
R00504,2014,main temple,smaller temples,co_occurrence,main temple surrounded by smaller temples
R00504,2014,Bagmati river,Arti,co_occurrence,rituals performed on the banks of the river
R00504,2014,Shivalinga,spiritual experience,causal,Shivalinga contributes to spiritual experience
R02458,2024,Hindu traditions,cultural value,co_occurrence,Traditions and cultural value mentioned together
R02458,2024,Kathmandu gaushala,beautiful temple,description,Location of the temple
R01968,2018,Hindu devotees,middle of the day,co_occurrence,devotees visit during hot day
R01968,2018,early in the morning,evening,contrast,suggested visiting times
R01781,2018,darshans of all 4 sides of Shiving,Arti at Bhagmati,co_occurrence,darshans followed by Arti
R01781,2018,Shivaratri,darshans of all 4 sides of Shiving,contrast,avoid Shivaratri for less rush
R01781,2018,prasad,darshans of all 4 sides of Shiving,contrast,no prasad offered during darshans
R00792,2015,temples,colors,co_occurrence,temples and colors mentioned together
R00792,2015,cremation sites,sadhus,co_occurrence,cremation sites and sadhus mentioned together
R00792,2015,guide,memorable experience,causal,guide made the experience memorable
R00359,2013,Hindu temple,Hindu religion,description,temple is related to Hindu religion
R00359,2013,Hindu religion,worship way,description,worship way is part of Hindu religion
R00416,2013,temple complex,cremation,co_occurrence,Cremation is part of the temple complex experience
R00416,2013,guide,temple complex,causal,Guide enhances understanding of the temple complex
R00416,2013,beautiful site,temple complex,description,The site is described as beautiful
R01164,2016,Jyotirlingas,Lord Shiva,description,Jyotirlingas are associated with Lord Shiva
R01164,2016,main temple,darshana,causal,The main temple facilitates darshana
R00651,2014,live burn death body,puryfing body on barmanall,co_occurrence,Cremation and purification rituals occur together
R00651,2014,holiy holy,life,causal,Holiness causes reflection on life
R00940,2015,pigeons,peaceful and soulful place,co_occurrence,Pigeons contribute to the peaceful atmosphere
R00940,2015,Linga of Lord Shiva,nobody is allowed to touch the Linga,description,Cultural rule about the Linga
R02215,2019,cremation ceremony,Bagmati River,co_occurrence,cremation occurs at the river bank
R02215,2019,dirty river,Bagmati River,contrast,river is holy but dirty
R02215,2019,disturbed,cremation ceremony,causal,disturbance caused by cremation ceremony
R02215,2019,calm feeling,non-Hindu entry ban,contrast,calm feeling despite entry restriction
R00362,2013,dirty,crowded,co_occurrence,both describe negative aspects of the place
R00362,2013,crowded,noisy,co_occurrence,both describe negative aspects of the place
R00362,2013,lovely,amazing place,description,lovely temple makes it an amazing place
R02046,2018,Main Temple of shiva,see it from the Door only,description,Main Temple access restriction
R00520,2014,cremation,smoking pyres,co_occurrence,cremation occurs near smoking pyres
R00520,2014,monkeys,stupas,co_occurrence,monkeys and stupas are both part of the grounds
R02467,2024,Pandavas,Lord Shiva,causal,Pandavas worshiping Lord Shiva
R02467,2024,Lord Shiva,bull,description,Lord Shiva took the form of a bull
R02467,2024,bull,Pancha kedar,description,Parts of the bull form Pancha kedar
R02467,2024,jyotirlinga,Pancha kedar,description,Pashupatinath as part of Pancha kedar
R01768,2017,crowded,temple staff,contrast,crowded but well managed
R01768,2017,touts,smaller routes,causal,touts offering smaller routes
R00296,2013,idol of lord shiva,parash rock,description,idol made of parash rock
R00296,2013,idol of lord shiva,guide,causal,information provided by guide
R00099,2012,bodies covered with flowers,being burned,co_occurrence,bodies covered with flowers are part of the burning ritual
R00099,2012,big complex,guide,causal,big complex makes having a guide beneficial
R01310,2016,animals,Shiva Linga,co_occurrence,Animals and Shiva Linga are both mentioned as part of the temple experience
R01310,2016,entrances,Shiva Linga,description,Entrances provide views of the Shiva Linga
R01310,2016,frozen foot,entrances,causal,Frozen foot is a result of removing shoes at the entrances
R00909,2015,darshan,inner peace,causal,darshan leads to inner peace
R00909,2015,evening Aarti,evening prayers,description,evening Aarti is evening prayers
R01243,2016,sacred,beautiful,co_occurrence,sacred and beautiful are mentioned together
R01243,2016,sacred,powerful,co_occurrence,sacred and powerful are mentioned together
R00555,2014,sacred Bagmati River,Hindu cremation,co_occurrence,cremation takes place on the river bank
R00555,2014,minor temples,crematory sites,co_occurrence,minor temples are part of the complex with crematory sites
R00555,2014,Hindu cremation,home for the elderly,contrast,home for the elderly contrasts with the cremation site
R00085,2012,holy shiva worship,atmosphere,co_occurrence,holy shiva worship and overwhelming atmosphere mentioned together
R02453,2024,Shiva festival,hallucinated,co_occurrence,Shiva festival coincided with feeling of hallucination
R02453,2024,sadus,crematoriums,co_occurrence,Sadus and crematoriums mentioned together
R00842,2015,shops,temple buildings,contrast,Shops detract from the temple buildings
R02335,2019,public cremations,local religious figures,co_occurrence,Both are part of the temple experience
R01940,2018,cleanliness,staff,co_occurrence,Both related to cleanliness issues
R02201,2019,open air cremation,Bagmati river,co_occurrence,cremation takes place on the river bank
R02201,2019,lingam stones,Bagmati river,co_occurrence,lingam stones are located on the opposite river bank
R00730,2014,Deers enclosure,monkeys,co_occurrence,Both are part of the area to walk around
R00730,2014,Monastery,guide services,contrast,Monastery access restriction contrasts with guide services availability
R00730,2014,cremation/funeral proceedings,Monastery,contrast,Cremation proceedings contrast with Monastery access restriction
R01053,2016,cremations,monkeys,co_occurrence,Both observed during the visit
R01053,2016,tourist market,non Hindu people,contrast,"Tourist market accessible, main temple not for non-Hindus"
R01878,2018,shiva temple,spirituality,causal,temple evokes spirituality
R01878,2018,special puja,shiva temple,co_occurrence,puja performed at temple
R01878,2018,temple trust guide,shiva temple,description,guide enhances temple experience
R02023,2018,devotees,Nandi,co_occurrence,devotees are greeted by Nandi
R02023,2018,queue,bodies being burnt,contrast,queue disappears at sight of bodies being burnt
R02023,2018,bodies being burnt,pepper smell,contrast,burning bodies but area smells of pepper
R02023,2018,pandas,queue,description,pandas are part of the temple experience
R02427,2023,trust in Mahdve-God,millioners devotees,co_occurrence,devotees come to express trust
R02427,2023,beautiful temple,moti and rudraksh,co_occurrence,shopping near the temple
R00884,2015,artful structure,pray time,co_occurrence,artful structure and pray time both mentioned positively
R00884,2015,Mrigasthali,Brindaban,co_occurrence,Mrigasthali and Brindaban both visited
R02100,2018,Hindu Shiva shrine,crematory function,co_occurrence,Visited for blessings and to observe cremation
R02100,2018,pagoda style architecture,Linga,description,Linga is part of the pagoda style architecture
R02100,2018,Linga,Ardha Nareswar,description,Ardha Nareswar is a feature of the Linga
R02100,2018,Bagmati river,Ghats,co_occurrence,Cremation can be witnessed at the Ghats along the Bagmati river
R02100,2018,Hindu Shiva shrine,non-Hindu entry ban,contrast,Non-Hindus cannot enter the temple
R02093,2018,Lord Shiva,protector and preserver,description,Lord Shiva is described as protector and preserver
R02093,2018,Lord Shiva,Pashupathnath,description,Lord Shiva in the form of Pashupathnath
R01960,2018,main temple,non-Hindu entry ban,description,entry restriction for non-Hindus
R01960,2018,incredible places,entrance fee,contrast,expensive entrance fee compared to other countries
R01960,2018,guide,entrance fee,co_occurrence,guide expects a tip after entrance
R00652,2014,Ghats,calm and evocation,co_occurrence,Ghats evoke a mixture of calm and evocation
R00652,2014,cremation,division of area,description,Cremation areas are divided by social status
R00323,2013,river where ashes are distributed,horribly polluted,contrast,holy river contrasted with pollution
R00323,2013,cremated on pyres,river where ashes are distributed,description,cremation ritual takes place above the river
R00323,2013,building next to the temple,cremated on pyres,description,building functions like a hospice for those near death
R02317,2019,crematorium,Bagmati River,co_occurrence,crematorium located near Bagmati River
R02317,2019,restrictions,mobiles,description,restrictions include not using mobiles
R01887,2018,aarti,evening time,co_occurrence,aarti occurs at evening time
R01887,2018,patience view,four side,description,patience view of all four sides
R01990,2018,five-faced linga,crematorium,description,crematorium is part of the temple infrastructure
R01990,2018,rituals for after death,crematorium,co_occurrence,rituals occur at the crematorium
R00273,2013,birthday of Lord Shiva,half a million hindus,co_occurrence,festival attended by many hindus
R00273,2013,ghats,Bagmati River,description,ghats located on the eastern side of the river
R00273,2013,pilgrims,sadhus,co_occurrence,both religious actors present at the site
R02352,2020,river,washing and cremating,co_occurrence,rituals occur next to the river
R02352,2020,inner temple,foreigners not allowed,description,access restriction for foreigners
R01412,2017,Hindu culture,worth the visit,causal,fascination with Hindu culture makes it worth visiting
R01412,2017,price for entering,1000 rupees,description,price increase described as expensive
R01564,2017,Darshan,paid darshan,contrast,Different types of darshan access
R01564,2017,samshan ghat,temple campus,description,Samshan ghat is located within the temple campus
R00671,2014,Rs. 1100 slip for puja,Darshan,causal,Rs. 1100 slip for puja led to nice Darshan
R00671,2014,Rudraksha Maala,Prasad,co_occurrence,Rudraksha Maala and Prasad given together
R02052,2018,not Hindu,grounds,contrast,access restriction contrasted with walking the grounds
R02052,2018,priestly offerings,religious cremations,co_occurrence,both rituals observed during visit
R00017,2025,lord Shiva,bless,causal,lord Shiva provides blessing
R00017,2025,lord Shiva,healing,causal,lord Shiva provides healing
R00455,2014,24 carvings of erotic scenes,roof pillars,description,carvings are located on roof pillars
R00455,2014,only Hindu can enter,Pashupati Temple of Bhaktapur,contrast,entry rule contrasts with Pashupati Temple of Bhaktapur
R01580,2017,darshan of the deity,peace in the air,co_occurrence,darshan followed by peace
R01580,2017,aarti,jostling,contrast,aarti contrasted with jostling
R01580,2017,banks of the river Bagmati,musical program,co_occurrence,musical program at the river bank
R01580,2017,darshan of the deity,priests,causal,payment to priests for extended darshan
R01024,2016,bank of river,big hindu temple,co_occurrence,temple located by the river
R01024,2016,dead bodies,funerals,description,dead bodies taken for funerals
R02287,2019,old shiva temple,energy,causal,energy charged by the temple
R02287,2019,yogi shiva,energy,causal,energy charged by yogi shiva
R01133,2016,priests,better views and help in worshipping rituals,causal,priests offer better views for money
R01133,2016,entry fee for foreigners,better views and help in worshipping rituals,contrast,foreigners pay for access while locals do not
R02465,2024,Bagmati River,cemetery,description,cemetery takes place along the river
R02465,2024,Hindu rituals,cemetery,description,cemetery is part of Hindu rituals
R02465,2024,Ganga Arthi,Hindu rituals,co_occurrence,Ganga Arthi is a Hindu ritual
R01986,2018,Shiva Darshan,Vasuki shrine,co_occurrence,Both are mentioned as unique and special
R01986,2018,Shiva Darshan,Bhairava shrine,co_occurrence,Both are mentioned as unique and special
R01986,2018,Lingams,Bees attracted by the nectar and flowers,description,Lingams are described with bees attracted by nectar and flowers
R01935,2018,"Marvel movie, Dr Strange",UNESCO World Heritage Sites,co_occurrence,Both are reasons for interest in the site
R01935,2018,non-Hindu entry ban,crematorium,contrast,Non-Hindus can visit the crematorium but not the main temple
R01408,2017,guide,money,causal,Guides are motivated by money
R01408,2017,guide,holy men,co_occurrence,Guides bring tourists to holy men
R01408,2017,holy men,money,causal,Holy men charge money for blessings
R00570,2014,Huge complex,old age house,description,Complex includes old age house
R00570,2014,Huge complex,gaushala,description,Complex includes gaushala
R00570,2014,Huge complex,last rites area,description,Complex includes last rites area
R00570,2014,last rites area,Bagmati river,description,Last rites area is around Bagmati river
R00570,2014,people approaching you for special puja,Darshan and puja,contrast,Avoid people for puja contrasts with not crowded darshan
R00375,2013,holy river,trash and debris,description,river clogged with trash
R00080,2012,open cremation,unique and rich culture,description,cremation as part of culture
R00080,2012,guide,rituals and symbolism,causal,guide explains rituals
R01958,2018,funeral,grieving,co_occurrence,grieving observed during the funeral
R01958,2018,funeral,care,co_occurrence,care observed during the funeral
R01958,2018,red powder,river,co_occurrence,red powder and river used in ritual
R01869,2018,cremation ceremony,send off of the soul,description,cremation ceremony described as a beautiful send off
R01869,2018,ceremony,familys,co_occurrence,families participate in the ceremony
R00787,2015,cremate their dead,holy river,co_occurrence,cremation occurs alongside the holy river
R00787,2015,non-Hindu entry ban,other peoples sorrow,contrast,entry ban contrasted with witnessing sorrow
R00729,2014,cremation ghats,cremation ritual,co_occurrence,Cremation ghats are where the cremation ritual takes place
R00729,2014,non-Hindu entry ban,entry fee for foreigners,contrast,"Non-Hindus face entry restrictions, while tourists pay a fee"
R01715,2017,guide,public cremations,co_occurrence,guide accompanies visitors to view public cremations
R01715,2017,public cremations,fire is started,contrast,public cremations are interesting but fire starting is problematic
R01257,2016,main temple complex,hindu cremation rites,contrast,contrast between entering the temple and observing rites
R01257,2016,persistent guides,main temple complex,co_occurrence,guides are present around the temple complex
R01432,2017,cremations,priests,co_occurrence,cremations and priests present
R01432,2017,priests,disabled people,co_occurrence,priests and disabled people together
R01432,2017,Holy Day,cremations,causal,Holy Day caused busy site and rituals
R01159,2016,Panditjis,Rudra pooja,causal,Panditjis conduct Rudra pooja
R01159,2016,Rudra pooja,temple premises,co_occurrence,Rudra pooja takes place in temple premises
R01375,2016,free trade store,beautiful gifts,causal,store offers beautiful gifts
R01375,2016,tour guide,museum,co_occurrence,tour guide recommended for museum
R02064,2018,funeral pyres,cremation site,co_occurrence,funeral pyres are part of the cremation site
R02064,2018,sacred purification rituals,funeral pyres,co_occurrence,rituals occur near funeral pyres
R02064,2018,foreigners pay NPR 1000,cremation site,causal,entry fee supports site maintenance
R02064,2018,palls of smoke,ashen smell,co_occurrence,smoke and smell are related issues
R02064,2018,fascinating,challenging,contrast,fascination and challenge are contrasting emotions
R01122,2016,holy men,pictures for money,causal,holy men take pictures for money
R01122,2016,guided tour,cool photo,causal,guided tour leads to cool photo
R00694,2014,powerful vibes,darshan,co_occurrence,powerful vibes associated with darshan
R00694,2014,orderly queues,pushed and tossed around,co_occurrence,lack of orderly queues leads to being pushed
R01815,2018,morning visit,worship,co_occurrence,morning visit includes worship
R01815,2018,Hotel Royal Singi,morning visit,description,starting point for the visit
R01870,2018,cremation ceremony,corpse,co_occurrence,cremation ceremony involves seeing corpse
R01870,2018,corpse,smoke,co_occurrence,corpse and smoke are experienced together
R01870,2018,mask,smoke,causal,people wear masks due to smoke
R00600,2014,Prem,Shiva sites,description,Prem guides through Shiva sites
R00600,2014,Shiva sites,incineration and death rituals,description,Shiva sites dedicated to rituals
R00600,2014,bank of the river,cows along the river,co_occurrence,cows seen along the river bank
R00600,2014,Varanasi,pictures of the incineration rituals,contrast,Varanasi has stricter photo rules
R01341,2016,Bagmati River,Hindu people,co_occurrence,Hindu people swim in Bagmati River
R01341,2016,god Shiva temple,body is firing,description,cremation ritual at Shiva temple
R00173,2012,afternoon/evening,intense,contrast,afternoon/evening suggested to avoid intensity
R00173,2012,smoke,intense,co_occurrence,smoke contributes to intensity
R00958,2015,1000 rupee entrance,foreigners,causal,Entrance fee depends on foreign appearance
R02362,2020,Hindu shrine,Divine atmosphere,description,The shrine contributes to the divine atmosphere
R02362,2020,cremations,Bagmati River,co_occurrence,Cremations occur along the river
R02362,2020,mesmerising Aarti,Bagmati River,co_occurrence,Aarti is performed on the river banks
R00750,2015,Sadhu monks,cremations,co_occurrence,Sadhu monks and cremations are both mentioned as unforgettable
R00750,2015,cremations,river,description,Cremations occur across the river
R00750,2015,holiday,scene worthy of a postcard,causal,Holiday activity enhances the postcard-worthy scene
R02284,2019,tourists from India,barefoot and with painted forehead,co_occurrence,Tourists from India follow cultural rules
R02284,2019,non-Hindu entry ban,1000 rupees,description,Non-Hindu entry requires a fee
R02284,2019,side of the river,monkeys,contrast,Sacred space contrasted with problem of monkeys
R01753,2017,hinduist temple inside,non-hinduist visitors,contrast,non-Hindu entry ban
R01753,2017,place for cremation,smoke with spirit,description,cremation smoke described as spiritual
R01753,2017,extraordinary people,hinduist temple inside,contrast,problematic behavior near sacred space
R00123,2012,cleaner,"men calling themselves ""the priests assistants""",contrast,cleanliness contrasted with problems
R00123,2012,cleaner,pick pockets,contrast,cleanliness contrasted with problems
R01459,2017,cremations,river,co_occurrence,cremations occur along the river
R01459,2017,spices and herbs,cremations,description,spices and herbs cover the body during cremation
R01459,2017,sadhus,quiet beggars,contrast,sadhus are approachable while beggars are quiet
R01492,2017,Bagmati River,the dead are burnt,causal,ashes committed to the river
R01492,2017,architecture of the temple,mystical in a spiritual way,description,architecture contributes to spiritual feeling
R01492,2017,entrance fee,believers of Shiva,contrast,entrance fee contrasts with access for believers
R00181,2012,guide,cremations,causal,Guide explains cremations
R00181,2012,cremations,grieving process,description,Cremations involve grieving process
R01936,2018,major holidays,certain areas,contrast,access limited during major holidays
R01936,2018,westerner,certain areas,causal,westerner access restriction
R01526,2017,miracle place,religious people,causal,Religious people should visit because it's a miracle place
R01526,2017,Hindu country,religious people,description,Religious people are associated with Hindu country
R01231,2016,tour guide,Reuben,description,Reuben is the tour guide
R01231,2016,cremations,kindness towards a stranger in grief,causal,cremations evoke kindness and grief
R01231,2016,sadhus,caves,description,sadhus are in caves
R00621,2014,main part of this temple,Hindu religion,causal,entry restriction based on religion
R00621,2014,touts,main part of this temple,co_occurrence,touts located near entrance
R00621,2014,Nepalese host,colleague who was Hindu,contrast,different companions on visits
R02256,2019,shiva lingams,spiritual,co_occurrence,shiva lingams contribute to spiritual feeling
R02256,2019,no photography allowed,spiritual,contrast,cultural rule contrasts with spiritual experience
R02383,2020,cremation,guards,contrast,spiritual place contrasted with rude guards
R02383,2020,entry fee,guards,co_occurrence,entry fee and rude guards mentioned together
R01305,2016,sunset view from Nagarkot,beautiful mountains,co_occurrence,Both seen during the trip
R01305,2016,Ms Tara,Chitwan National Park,causal,Ms Tara organized the trip to Chitwan National Park
R01905,2018,crowd,shivling,contrast,crowd contrasted with unique deity
R01905,2018,shivling,unique in the world,description,shivling described as unique
R01452,2017,rudrabhishek,receipt for 1100 Nepali rupees,description,cost of rudrabhishek
R01452,2017,sanctum,awe,description,sanctum inspires awe
R01452,2017,clicking pics is prohibited,sanctum,description,photography restriction in sanctum
R01244,2016,evening Aarti,life changing experience,causal,Aarti described as life changing
R01244,2016,evening Aarti,prayer,co_occurrence,Aarti and prayer mentioned together
R01244,2016,people,evening Aarti,description,People associated with Aarti
R01961,2018,cultural and religious place,entry for only Hindus,contrast,positive place but restricted entry
R01961,2018,cremation sites,uneasy,causal,cremation sites cause unease
R01422,2017,professional guide,scenes,description,guide explains scenes
R01422,2017,professional guide,cultural and religion background knowledge,causal,guide raises knowledge
R01422,2017,cultural and religion background knowledge,cultural shock,causal,knowledge leads to cultural shock
R00720,2014,tranquility,sculptures,contrast,tranquility contrasted with crowds
R00720,2014,Nandi,lingam,description,Nandi is in front of the lingam
R02431,2023,death,good therapy,causal,Death reminder is therapeutic
R02431,2023,taking photos,Varanasi,contrast,Photo rules differ from Varanasi
R01227,2016,amazing temple,people worshiping,co_occurrence,Temple and worshiping occur together
R01227,2016,people worshiping,good experience,causal,Worshiping led to a good experience
R00775,2015,intricate architecture,not maintained well,contrast,beautiful architecture contrasted with poor maintenance
R00775,2015,reckless people,not maintained well,causal,reckless behavior causes poor maintenance
R00954,2015,Hindu religion,customs after death,description,insight into customs
R00954,2015,official guide,areas you think you can't go,causal,guide can take you to restricted areas
R00413,2013,holy men,pictures,causal,holy men asking for pictures
R00413,2013,bodies burning,smoke of the bodies,causal,smoke from burning bodies
R00464,2014,ceremonies,death ritual,co_occurrence,ceremonies include the death ritual
R00464,2014,mystical and spiritual place,quiet and respect,causal,mystical place commanded quiet and respect
R00049,2011,500 rupee's each,Hindu's only,contrast,entry fee for foreigners vs Hindu-only access
R00049,2011,cremation,strangely changed,causal,cremation leads to feeling strangely changed
R00049,2011,Sadhus,guides,contrast,guides vs Sadhus for photos
R00049,2011,river,cremation,description,river used in cremation ritual
R01033,2016,cremation ceremony,mourning,co_occurrence,Cremation and mourning occur together
R01033,2016,sense of mortality,funeral pyres,causal,Sense of mortality caused by witnessing cremation
R01033,2016,sadhu,sadhu quarters,description,Sadhu quarters are described as shared with cows
R01527,2017,guide,deeper insight to Hindu culture,causal,Guide provided deeper insight to Hindu culture
R01138,2016,Darshan,aura,causal,Darshan contributes to feeling the aura
R01138,2016,evening Aarti,aura,causal,evening Aarti contributes to feeling the aura
R01275,2016,Bagmati river,evening aarti,co_occurrence,Both mentioned in the context of the temple
R00177,2012,atmosphere,cremations,co_occurrence,atmosphere and cremations experienced together
R00177,2012,people,cremations,co_occurrence,people and cremations observed together
R00177,2012,cremations,educational and emotional,description,cremations described as educational and emotional
R00744,2015,ancient temples,wooden sculptures,co_occurrence,Both are architectural features
R00744,2015,monkeys,people in saffron or yellow robes,contrast,Both are potential problems but of different nature
R00744,2015,public cremation,sense of shock,causal,Cremation caused a sense of shock
R00875,2015,Lord Shiva,peaceful experience,description,Lord Shiva is associated with the peaceful experience
R01022,2016,outer side monuments,burning ghats,contrast,"outer side monuments described as terrible, while burning ghats are part of a peaceful experience"
R01022,2016,seating there in late evening,full moon night,co_occurrence,peaceful experience associated with full moon night
R01365,2016,Arti,memorable visit,co_occurrence,Arti and memorable visit mentioned together
R01365,2016,Hindu,Pashupati Nath MANDIR,description,Hindu must visit Pashupati Nath MANDIR
R00996,2016,architecture,Tibetan/East Asian style pagodas,description,architecture is similar to Tibetan/East Asian style pagodas
R00996,2016,hawkers,ceremonial-peripherals,co_occurrence,hawkers selling ceremonial-peripherals
R00996,2016,remove your footwear,shoe rack,causal,footwear removed and kept safely in a shoe rack
R00996,2016,river,polluted,description,river is polluted
R00946,2015,Old time Rituals,traditions,co_occurrence,Rituals and traditions mentioned together
R00946,2015,Cultural point of view,Old time Rituals,description,Cultural perspective on rituals
R00189,2012,cremations,cremation ceremony,co_occurrence,Cremations were both sad and amazing
R00189,2012,ashes swept into the river,cremations,description,Ashes are part of the cremation process
R01910,2018,River Bagmati,main temple of Lord Shiva,description,main temple located on the banks
R01910,2018,main temple of Lord Shiva,huge beautiful brass Basava,description,Basava is in front of the main temple
R01427,2017,Hindu rituals,cremation,description,Hindu rituals include cremation
R01427,2017,cremation,intriguing,causal,cremation is intriguing
R01729,2017,bodies being prepared for cremation,washing of the feet and face,co_occurrence,part of the cremation process
R01729,2017,bodies being prepared for cremation,placing of the body on wood,co_occurrence,part of the cremation process
R01729,2017,Ram,guide,description,Ram acted as a guide
R02347,2019,cremation,narrow river,co_occurrence,cremation takes place near the river
R02347,2019,guide,understanding of the religious rituals,causal,guide provided better understanding
R00561,2014,cremation,rituals,co_occurrence,cremation and rituals mentioned together
R00561,2014,guide,fascinating,causal,guide's explanation caused fascination
R00561,2014,Sadhu's,person dressed as Hanoman,co_occurrence,Sadhu's and Hanoman mentioned together
R01954,2018,Two aartis,sanctum,co_occurrence,aartis occur inside the sanctum
R01954,2018,Two aartis,banks of the river Bagmati Ganga,co_occurrence,aartis occur on the banks of the river
R01396,2017,shiva temple,historical things,description,historical things are part of the temple
R01919,2018,guide,entrance,co_occurrence,Guides available at the entrance
R01919,2018,ticket,entrance,co_occurrence,Tickets available at the entrance
R01018,2016,early morning visit,environment,co_occurrence,visit and environment mentioned together
R01018,2016,environment,improvement,causal,clean environment due to improvement
R00246,2013,corpse being burnt,uneasy feeling,causal,corpse burning contributes to uneasy feeling
R00246,2013,dust pollution,uneasy feeling,causal,dust pollution contributes to uneasy feeling
R00246,2013,dirty water,uneasy feeling,causal,dirty water contributes to uneasy feeling
R00246,2013,urchins troubles,uneasy feeling,causal,urchins troubles contribute to uneasy feeling
R00246,2013,beggars,uneasy feeling,causal,beggars contribute to uneasy feeling
R00246,2013,so called sadhus,uneasy feeling,causal,so called sadhus contribute to uneasy feeling
R01189,2016,crowded,local,contrast,crowded but helped by a local
R00508,2014,non-Hindu entry ban,sense of discomfort,causal,entry ban caused discomfort
R00508,2014,cremations,sense of offense,causal,cremations caused offense
R00508,2014,Bagmati River,pollution,description,Bagmati River is polluted
R00508,2014,sadhus,extorting money,causal,sadhus extorting money
R01200,2016,intricate carvings,beautiful temple,co_occurrence,Carvings are part of the temple
R01200,2016,heritage site,status it deserves,contrast,Current state vs. deserved status
R00338,2013,small temple,rudraksha,co_occurrence,small temples and rudraksha are both mentioned as features of the premises
R00338,2013,pooja,pooja inside the temple,description,pooja is described as being performed inside the temple
R02296,2019,hindu burial place,corpses,description,rituals performed at the burial place
R02296,2019,non-Hindu entry ban,hindu burial place,contrast,entry restriction contrasted with the burial place
R02421,2022,holy temple,deity,description,deity is part of the temple
R02421,2022,holy temple,premises,description,premises are part of the temple
R02421,2022,cleanliness,holy temple,contrast,cleanliness issue contrasts with temple's glory
R01267,2016,beautiful place,peace,causal,beauty of the place led to peace
R01267,2016,puja,peace,causal,puja led to peace
R00528,2014,aarti,magical tranquility,co_occurrence,aarti and tranquility experienced together
R00528,2014,jumping monkeys,magical tranquility,contrast,monkeys contrasted with tranquility
R00528,2014,Lord Shiva,magical tranquility,causal,presence of Lord Shiva caused tranquility
R02163,2019,non-Hindus cannot enter,open-air cremations,contrast,non-Hindus cannot enter but can see cremations
R02163,2019,macaques,razor wire,description,macaques avoiding razor wire
R02484,2025,microphone performance,opposite bank of the river,description,Location of the microphone performance
R01671,2017,360 degree darshan,Great experience,co_occurrence,360 degree darshan contributes to great experience
R01671,2017,Monkeys,camera,contrast,"Monkeys are a problem, while camera restriction is a rule"
R02028,2018,magical,highlight of our visit,co_occurrence,magical feeling and highlight of visit are mentioned together
R02028,2018,dusk,amazing,co_occurrence,dusk and amazing experience are mentioned together
R02092,2018,blessings of Lord Shiva,peace,causal,blessings of Lord Shiva bring peace
R02092,2018,well built,maintained,co_occurrence,well built and maintained
R01598,2017,aryaghat,sad moment,co_occurrence,aryaghat and sad moment are mentioned together
R01598,2017,Lord Shiva,good scenario,description,Lord Shiva is part of the good scenario
R01826,2018,non hindus are not allowed,temple area,contrast,non-Hindu entry ban contrasted with beauty of temple area
R01826,2018,earth quake destroyed relicts,rebuilding goes very slow,causal,earthquake destruction causing slow rebuilding
R01029,2016,hara hara mahadev,love for all,description,hara hara mahadev is associated with love for all
R01681,2017,temple life,families,co_occurrence,families are part of temple life
R01681,2017,departing their loved ones,wide ghats,co_occurrence,departing loved ones occurs at the ghats
R01808,2018,peaceful atmosphere,Temple Staff,co_occurrence,Staff contributes to peaceful atmosphere
R01808,2018,Cremation area,life and death side by side,description,Cremation area represents life and death
R01128,2016,cremation,Bagmati river,co_occurrence,cremation occurs by the river
R01128,2016,Hindu faith,cremation,causal,Hindus are cremated
R00835,2015,very old temple,small temple,co_occurrence,small temples are part of the old temple complex
R01262,2016,Bagmati river,cremation,co_occurrence,Cremation occurs at the Bagmati river
R01262,2016,monkeys,Sardhu's (Holy men),co_occurrence,Monkeys and Sardhu's are both present at the site
R00747,2015,touts,monkeys,co_occurrence,Both are warnings for visitors
R00747,2015,pooja,pooja counter,causal,Booking pooja requires visiting the counter
R00747,2015,photography,footwear,co_occurrence,Both are cultural rules for temple entry
R00435,2013,bodies burning,funeral music,co_occurrence,Both are part of the funeral scene
R00435,2013,"hawkers, hustlers and beggars",feral dogs,co_occurrence,Both are problems encountered
R00435,2013,holy men,"hawkers, hustlers and beggars",contrast,Holy men demanding money contrasts with their expected role
R00435,2013,holy river,bodies burning,causal,Bodies are burned by the holy river as part of the ritual
R00251,2013,evening aarti,sanctity of the temple campus,co_occurrence,ritual and spiritual emotion experienced together
R00251,2013,friendly people,sanctity of the temple campus,co_occurrence,friendly people contributed to the spiritual emotion
R00251,2013,water body in the lake,sanctity of the temple campus,co_occurrence,serene water body contributed to the spiritual emotion
R02121,2019,entrance fee for Indians,free Darshan,contrast,Expected fee but had free Darshan
R02121,2019,Kedarnath,free Darshan,causal,Visiting Kedarnath relates to completing Yatra with Darshan
R01632,2017,Bagmati River,crematory area,co_occurrence,crematory area located on the banks of the Bagmati River
R01632,2017,Darshan,no camera & no mobile zone,contrast,Darshan is a ritual while no camera zone is a cultural rule
R01632,2017,monkeys,sense of being blessed,causal,feeding monkeys leads to a sense of being blessed
R01437,2017,guide named Richard,Sadhus,contrast,"guide was worth the cost, Sadhus overcharged"
R01437,2017,dust and smoke from cremation,cremation,description,dust and smoke are from cremation
R00650,2014,temple complex,exotic cultural feel,description,temple complex has an exotic cultural feel
R00650,2014,cremation areas,depressing,contrast,cremation areas are both depressing and part of sightseeing
R00934,2015,Teej festival,special atmosphere,causal,Teej festival created a special atmosphere
R00934,2015,cremations,no photography zones,description,cremations are a no photography zone
R02169,2019,authentic Nepali atmosphere,cremation,co_occurrence,authentic atmosphere includes witnessing cremation
R02169,2019,entry,skip payment,causal,walking around entry allows skipping payment
R02034,2018,small temples,Kailas Parbat,co_occurrence,small temples and Kailas Parbat mentioned together
R02034,2018,Bagmati River,dead body burning,co_occurrence,Bagmati River and cremation mentioned together
R00609,2014,four side darshana,amazingly Devine and serene place,description,darshana contributes to the divine feel
R00609,2014,thousands of shivlings,good feel,causal,touching shivlings gives a good feel
R02207,2019,beautiful place of Hindu worship,architecture,description,architecture is part of the place
R02207,2019,beautiful place of Hindu worship,important to the Hindu people,description,importance to Hindu people
R00440,2013,open cremations,overwhelming,causal,open cremations can be overwhelming
R00440,2013,grounds,open cremations,contrast,grounds are beautiful but cremations are confronting
R01624,2017,Shivalinga,huge temple,description,Shivalinga is described as the main God in the temple
R00317,2013,250 NRs,entrance fee,causal,fee perceived as rip-off
R00317,2013,entrance fee,fee collectors,causal,fee needed to pay collectors
R00317,2013,entrance fee,little to see,contrast,fee vs. little to see
R00430,2013,local public,different kind of temple,contrast,compared to indian temple
R00430,2013,shiv linga,memorable experience,causal,memorable experience in visiting
R01346,2016,non-Hindu entry ban,high fee,co_occurrence,Both relate to access issues
R02042,2018,local life,obvious death,contrast,amazing insight contrasted with discomfort
R02042,2018,bodies,locals,contrast,locals' calmness contrasted with reviewer's discomfort
R00014,2025,guide,cremation rites,co_occurrence,Guide helps explain cremation rites
R00014,2025,cremation rites,Hinduist community's life,description,Cremation rites are central to Hinduist community's life
R00014,2025,guide,UNESCO World Heritage Site,causal,Guide enhances the experience of visiting the site
R01265,2016,cremation,emotionally moving experience,causal,cremation causes emotional movement
R01265,2016,cremation,never seen or felt anything quite like it,causal,cremation causes unique feeling
R01265,2016,cremation,never ever forget it,causal,cremation causes unforgettable experience
R02141,2019,Abhishek,priest,description,priests perform abhishek
R02141,2019,aarti,holy places,co_occurrence,aarti occurs at holy place
R00964,2015,bodies are cremated,guide,contrast,ritual and guide experience are contrasted
R00964,2015,offering to Sadhus,Sadhus,description,offering is related to Sadhus
R01066,2016,smell,dusty,co_occurrence,Both are environmental issues
R01066,2016,cremations,river,description,Cremations occur across the river
R01684,2017,cremate their loved ones,mesmerizing,co_occurrence,cremation ceremony was mesmerizing
R01684,2017,beggars,atmosphere,contrast,beggars did not detract from the atmosphere
R00095,2012,Can't take a pictures inside,Strictly prohibited,description,Photography prohibition is strict
R00980,2015,Hindus,guide,contrast,access restriction for Hindus vs. guide availability
R00980,2015,cremation process,sad but also beautiful,co_occurrence,cremation process evokes mixed emotions
R00980,2015,holy men,real ones and which are fake,description,distinguishing real holy men from fake
R00257,2013,funeral service,strange place,co_occurrence,funeral service contributes to the strange feeling
R00257,2013,evening,odd place,co_occurrence,evening visit contributes to the odd feeling
R00809,2015,young guide,open air cremations,co_occurrence,guide and cremations mentioned together
R00809,2015,open air cremations,our culture,contrast,cremations contrasted with cultural norms
R00428,2013,priests,highhandedness,description,priests are described as highhanded
R00428,2013,highhandedness,disturbs me,causal,highhandedness causes disturbance
R01054,2016,rituals,landscape,co_occurrence,rituals and landscape mentioned together
R01054,2016,landscape,architecture,co_occurrence,landscape and architecture mentioned together
R01757,2017,darshan,historicle temple,co_occurrence,darshan at the historical temple
R01757,2017,Murti of Nandi Ji,historicle temple,description,Murti of Nandi Ji is part of the temple
R01757,2017,Evening Aarti,wondring moment,causal,Evening Aarti caused a wondring moment
R01494,2017,Jyotirling,darshan,description,Jyotirling is part of the darshan
R01494,2017,evening aarti,Baghmati River,co_occurrence,evening aarti occurs near Baghmati River
R01494,2017,evening aarti,spiritual feels,causal,evening aarti causes spiritual feels
R02345,2019,entrance fee,monuments,co_occurrence,Both mentioned as part of the visit
R02345,2019,ceremony,beautiful place,co_occurrence,Both contribute to the experience
R01621,2017,Hindu cremations,cultural significance of cremation,description,cultural significance explained through cremation
R01621,2017,Babas,Hindu cremations,co_occurrence,Babas present during cremation
R01621,2017,people who try to sell you things,Hindu cremations,contrast,commercial activity contrasted with sacred ritual
R02370,2020,Hindus Temple,heaven on earth,description,temple described as heaven
R00059,2011,local student guide,funeral arrangements,description,guide offers information on funeral arrangements
R00059,2011,500 rupees,improvement fund,contrast,entry fee contrasted with lack of improvements
R01282,2016,Bagmati river,cremation,co_occurrence,cremation performed by the side of the river
R01282,2016,devotees from India,Shivaratri,co_occurrence,devotees visit during Shivaratri
R01282,2016,non-Hindu entry ban,Bagmati river,contrast,non-Hindus watch from another side of the river
R01668,2017,cremation ceremony,awe,causal,cremation ceremony caused awe
R01668,2017,cremation ceremony,sense of heaviness,causal,cremation ceremony caused sense of heaviness
R02358,2020,cremotorium,reminder of our way of leaving this earth,causal,cremotorium as a reminder of mortality
R02358,2020,cremotorium,ritual,description,cremotorium involves ritual
R02358,2020,cremotorium,experience on its own,contrast,cremotorium is both an experience and a reminder
R00823,2015,cremation ceremony,holy river,co_occurrence,cremation ceremony occurs by the holy river
R00823,2015,cremation ceremony,Varanasi,description,cremation ceremony is similar to Varanasi
R02105,2018,lovely area,devastating earthquake,causal,area recovering from earthquake
R02105,2018,lovely area,building work,contrast,area will be better when work is completed
R01605,2017,solemn ritual,cremation,description,ritual involves cremation
R01605,2017,queue,cremation,causal,queue forms if spots are full
R01898,2018,crowds,pushing and pulling,co_occurrence,crowds and pushing and pulling occur together
R01898,2018,darshan,vibrancy of the temple,contrast,fulfilling darshan contrasts with vibrancy
R02483,2024,worshiping,front of temple,co_occurrence,worshiping happens at the front of temple
R02483,2024,cremation,front of temple,co_occurrence,cremation observed at the site
R01359,2016,cremation center,religious activities,co_occurrence,cremation center is part of religious activities
R01359,2016,non-Hindu entry ban,holiest Hindu Temple,description,entry restriction describes the temple's cultural rule
R01207,2016,cremation ceremony,smell of cremated bodies,co_occurrence,smell associated with cremation ceremony
R01314,2016,cremation ceremony,bank of the river,co_occurrence,Cremation ceremony observed from the river bank
R01314,2016,intense but beautiful place,absorb the religions and traditions,contrast,Intense yet beautiful experience linked to spiritual absorption
R01774,2018,cremation ceremony,deeply moved,causal,cremation ceremony caused spiritual emotion
R01774,2018,temple compound,non-Hindu entry ban,contrast,beautiful compound but restricted access
R01774,2018,stagnant river,putrid,description,river described as putrid
R00389,2013,non-Hindu entry ban,funeral pyres,contrast,entry restriction contrasts with open access to pyres
R00389,2013,funeral pyres,cremation ceremony,description,pyres are used for cremation ceremony
R00389,2013,funeral pyres,sadhu,co_occurrence,sadhus are present at the pyres
R00389,2013,funeral pyres,monkeys,co_occurrence,monkeys are present at the pyres
R00484,2014,open cremations,incredible experience,contrast,open cremations are hard yet incredible
R00484,2014,important temple in the hindu culture,guide,co_occurrence,visiting with a guide enhances the experience
R01504,2017,peace,spiritual growth,co_occurrence,peace and spiritual growth found together
R00299,2013,ceremony,holy river,co_occurrence,ceremony involves the holy river
R00299,2013,ceremony,cremation,description,ceremony includes cremation
R00299,2013,life experience,ceremony,causal,life experience caused by ceremony
R00722,2014,bodies of the deceased,cremated,co_occurrence,bodies are being cremated
R00722,2014,bodies of the deceased,intense experience,causal,intensity caused by witnessing the bodies
R00899,2015,holy place,pundit,co_occurrence,pundit shows around holy place
R00899,2015,elaborate 'poojas',monkeys,contrast,"poojas seen as con, monkeys as problem"
R00899,2015,Prasad,monkeys,causal,monkeys snatch Prasad
R00899,2015,no photography permitted,holy place,description,no photography rule at holy place
R00449,2013,monkeys,main temple,co_occurrence,monkeys present in the temple complex
R00449,2013,main temple,smaller temples,contrast,main temple closed but smaller temples open
R00449,2013,entry to the temple complex,main temple,description,entry allowed due to being Hindu
R01394,2017,world heritage,shabbily maintained,contrast,world heritage status contrasts with poor maintenance
R01394,2017,holy,most popular place,co_occurrence,holy and popular are mentioned together
R01197,2016,historical monuments,guide,co_occurrence,Both mentioned positively in the review
R01918,2018,burning of a dead body,Hindu culture,contrast,thrilling experience contrasted with cultural appreciation
R01918,2018,monuments,tour Guide Sujan Dhakal,description,guide provided historical and cultural context
R00667,2014,burials,cremation,contrast,contrast between private burials and public cremation
R00667,2014,ritual masters,riverside,co_occurrence,ritual masters are located by the riverside
R00667,2014,Sadhus,riverside,co_occurrence,Sadhus are around the riverside
R00667,2014,powerful,extra dimension,description,powerful experience described as an extra dimension
R00434,2013,Bagmati river,cremation,co_occurrence,cremations occur near the river
R00434,2013,pilgrims,fake holy men,contrast,contrast between real and fake pilgrims
R01491,2017,aggressive monkeys,monkey bite,causal,monkeys caused a bite incident
R01491,2017,dead bodies being burnt,the river,co_occurrence,cremation occurs along the river
R00207,2012,Shiva devotee,overwhelmed with emotions,causal,Shiva devotee feels overwhelmed with emotions
R00207,2012,Non Hindus are not allowed,Bagmati River,contrast,Non Hindus can sit by the Bagmati River instead
R00207,2012,pooja,Lord Pashupati,co_occurrence,pooja and looking at Lord Pashupati happen together
R00207,2012,bhajan group,pooja,co_occurrence,bhajan group follows pooja
R00384,2013,cremation ceremony,families wailed,co_occurrence,families wailing during the cremation ceremony
R00384,2013,monk with colorful faces,cremation ceremony,contrast,monks as a gimmick vs. genuine ritual
R00384,2013,washroom near main entrance,sense of uniqueness,contrast,clean washroom vs. unique experience
R01689,2017,guides,trash,co_occurrence,Both issues encountered upon entry
R01689,2017,holy men,photo ops,causal,Holy men charge for photos
R01689,2017,cremation ceremonies,sense of mortality,causal,Cremation ceremonies evoke sense of mortality
R01689,2017,non-Hindu entry ban,charging money for blessings,contrast,Entry restriction vs. charging inside
R01226,2016,Sumit Kharel,great views,causal,Sumit Kharel showed great views
R01226,2016,Sumit Kharel,Aarti ceremony,causal,guided through the Aarti ceremony
R01226,2016,great views,terrace,description,views from the terrace
R01019,2016,cultural heritage,laws,co_occurrence,heritage and laws mentioned together
R01019,2016,laws,local customs,co_occurrence,laws and customs mentioned together
R01019,2016,local customs,religious and cultural value,co_occurrence,customs and values mentioned together
R02234,2019,dilapidated state,dilapidated Temples,description,dilapidated state describes the Temples
R02234,2019,homeless / drug addicts,dirty and depressing place,causal,presence of homeless/drug addicts contributes to dirty and depressing atmosphere
R01435,2017,religious constructions,Hindus only,description,some constructions are reserved for Hindus only
R01435,2017,traditional cremations,sacred Hindu temples,co_occurrence,cremations occur at the sacred temple
R01636,2017,big temple,crowded with people,contrast,big temple but crowded
R01636,2017,temple along the river,golden pagoda,co_occurrence,view of both the pagoda and the bull
R01636,2017,non-Hindus can't go inside,golden pagoda,contrast,non-Hindus can't enter but can view pagoda
R00661,2014,cremation ceremony,sense of mortality,co_occurrence,Cremation ceremony evokes a sense of mortality
R00661,2014,sadhus,Dassain,co_occurrence,Sadhus are present during festivals like Dassain
R00661,2014,inner sanctum,cremation ceremony,contrast,"Inner sanctum access is restricted, unlike the open view of cremation"
R01347,2016,Siva temple,historical temple,co_occurrence,Both refer to the temple's significance
R01347,2016,historical temple,good memory,causal,Historical nature contributes to good memory
R01173,2016,high price of admission,water is full of trash,contrast,high admission fee contrasted with poor maintenance
R01173,2016,lack of information,working temple complex,description,lack of information about the temple complex
R02422,2022,darshan of Mahadev,huge crowds,contrast,darshan affected by crowds
R02422,2022,huge crowds,monkeys,co_occurrence,both are issues to be aware of
R02422,2022,darshan of Mahadev,small temples,description,other temples to visit
R00913,2015,holiest shrines,Bagmati river,co_occurrence,shrine located by the river
R00913,2015,ritual,Bagmati river,co_occurrence,rituals occur by the river
R01036,2016,Kailash Danda,amazing,description,Kailash Danda view described as amazing
R02310,2019,open cremation ceremonies,compelling sight,causal,cremation ceremonies are described as compelling
R02310,2019,"guide, Rabina",World Heritage Site,description,guide adds insight to the World Heritage Site
R01881,2018,cremation place,cremations,description,cremation place is where cremations occur
R01881,2018,VIP access,VIP prayers,co_occurrence,both are misleading offers
R00008,2025,pagoda-style design,golden roof,co_occurrence,Both are architectural features
R00008,2025,cremation ceremonies,Bagmati River,description,Cremation ceremonies take place on the banks of the Bagmati River
R00008,2025,non-Hindu entry ban,emotional,contrast,Non-Hindu entry ban contrasts with emotional impact
R01479,2017,rain,no proper signage,co_occurrence,Both issues experienced during the visit
R01479,2017,acquaintance,no proper signage,contrast,Acquaintance helped despite lack of signage
R01763,2017,architecture,shivalinga,co_occurrence,architecture and shivalinga mentioned together
R01763,2017,Nandi,sanctum sanctorum,description,Nandi is located in front of the sanctum sanctorum
R01763,2017,poojas,Pujaris,causal,Pujaris perform the poojas
R00312,2013,guide,temple area,description,guide helps understand temple area
R00312,2013,feeling of the place,temple area,co_occurrence,feeling associated with temple area
R00358,2013,major festival,crowded,causal,festival caused crowding
R00358,2013,so much to see,glad,causal,seeing much caused gladness
R00728,2014,holy feel,Word Heritage Sites,description,holy feel described as part of the heritage site
R00409,2013,cremations of the dead,holy river,co_occurrence,cremations occur on the banks of the river
R00409,2013,sadhus,photographers,co_occurrence,sadhus and photographers gather in the same area
R00409,2013,heads of hair a-blaze,moving,contrast,heads of hair a-blaze is both moving and requires a strong stomach
R02481,2024,sprawling and magnificent Temple,oldest Temple in Kathmandu,description,describes the Temple's historical significance
R02481,2024,sprawling and magnificent Temple,distinct and attractive architecture,description,describes the Temple's architectural features
R02481,2024,sacred,sprawling and magnificent Temple,causal,personal religious significance
R00447,2013,courtyard,ghats,co_occurrence,both are places to walk around
R00447,2013,sanctum sanctorum,offer prayers,causal,sanctum sanctorum is where prayers are offered
R01013,2016,large area,clean place,co_occurrence,Both describe the physical environment
R01013,2016,great Temple,famous place for Hindu,description,General sentiment about the temple's significance
R02303,2019,guide,good explanation,causal,guide provided a good explanation
R02303,2019,religion and burial service,rituals,description,explanation was about the rituals
R02462,2024,Hindus,100000 everyday,co_occurrence,Hindus visiting in large numbers
R02462,2024,god,"Hindu, Muslim, Christian",description,god is described as one for all religions
R01895,2018,Bagmati river,cremations,causal,cremations take place along the holy river
R01895,2018,holy men,services,co_occurrence,holy men and services are both present
R02444,2023,entrance fee,dead bodies being cremated,co_occurrence,Entrance fee and cremation are mentioned together
R02444,2023,Shiva temple,non-Hindu entry ban,causal,Non-Hindu entry ban applies to the Shiva temple
R01320,2016,world heritage site,peace,description,world heritage site provides peace
R01320,2016,world heritage site,intense places,description,world heritage site is intense
R01320,2016,world heritage site,opens the mind and the heart,description,world heritage site opens the mind and heart
R00957,2015,living temple,life and death rituals,co_occurrence,Both are part of the temple experience
R00957,2015,amazed,living temple,description,The temple amazes the reviewer
R00957,2015,life and death rituals,must see,description,Rituals are a must see
R01523,2017,entrance ticket,tour guide,causal,tour guide service included in the ticket
R01523,2017,tour guide,free service,causal,guide's free service linked to ticket resale
R00454,2014,sacred places,ambiance,description,ambiance is part of the sacred places
R00454,2014,important places,sacred places,description,important places are sacred spaces
R00438,2013,camera,click inside the temple,contrast,camera allowed but not inside
R00438,2013,camera,photos from the outside,co_occurrence,camera use outside allowed
R00461,2014,holy river,washing the dead body,co_occurrence,Washing the dead body occurs in the holy river
R00821,2015,darshan of Lord Shiva,temple design,co_occurrence,Both darshan and design mentioned positively
R01106,2016,tour guide,good Experience,causal,tour guide contributed to good experience
R00340,2013,admission,guide,causal,paying admission leads to guide following
R00340,2013,guide,guide fee,description,guide fee not included in ticket
R01041,2016,open air cremations,golden roofed temple,co_occurrence,Both mentioned as interesting features
R01041,2016,open air cremations,unique buildings,co_occurrence,Both mentioned as interesting features
R01041,2016,Susan Mandahar,open air cremations,description,Susan explained the process and culture
R01251,2016,Bagmati river,Hindu pilgrimage site,co_occurrence,Bagmati river is part of the pilgrimage site
R01251,2016,five elements,reborn,causal,belief in rebirth after body goes into elements
R02152,2019,organized,spiritual feeling,co_occurrence,Both organization and spiritual feeling are mentioned together
R01229,2016,death rituals,overwhelming,co_occurrence,death rituals contribute to overwhelming experience
R01229,2016,Sadhus,face paint,description,Sadhus use face paint
R01229,2016,burning of flesh,overwhelming,co_occurrence,burning of flesh contributes to overwhelming experience
R01229,2016,chanting,overwhelming,co_occurrence,chanting contributes to overwhelming experience
R00963,2015,Bagmati River,filthy,contrast,Bagmati River is sacred but filthy
R00963,2015,main shrine,non-Hindu entry ban,description,main shrine access restricted by non-Hindu entry ban
R00963,2015,bhajan,main shrine,co_occurrence,bhajan heard near main shrine
R00963,2015,monkeys,sense of happiness,co_occurrence,monkeys added to the sense of happiness
R01997,2018,mass of people,festival,co_occurrence,crowd present during festival
R01997,2018,Brahmin,festival,co_occurrence,Brahmin present during festival
R01997,2018,Holli people,festival,co_occurrence,Holli people present during festival
R01651,2017,dirty,not maintained properly,co_occurrence,Both describe the state of the place
R01651,2017,burning ritual,holy place for Hindus,contrast,Ritual occurs in a holy place
R01515,2017,entry fee,discriminatory rule,contrast,entry fee perceived as discriminatory
R01515,2017,elevated and overwhelmed,ancient temple complex,causal,spiritual emotion caused by temple atmosphere
R00574,2014,evening AARTHI,temple complex,co_occurrence,AARTHI observed in the temple complex
R00574,2014,sanctum,PAAN chewing and spitting,contrast,sanctum cleanliness contrasted with PAAN problem
R00803,2015,burning ghat,man made waste,causal,waste from burning ghat affects Bagmati River
R00803,2015,Bagmati River,man made waste,description,Bagmati River is affected by waste
R00782,2015,Hindu cremation,attitudes toward death,description,cremation relates to attitudes toward death
R00782,2015,guide,Sumit Kharel,description,guide identified as Sumit Kharel
R01398,2017,Bagmati River,cremation grounds,co_occurrence,cremation grounds are by the river
R01398,2017,cremation grounds,disturbed,causal,cremation grounds caused disturbance
R01398,2017,non-Hindu entry ban,photography restriction,co_occurrence,both are access restrictions
R02277,2019,nearby shops selling religious items,main temple,co_occurrence,Shops add to the beauty of the temple
R02277,2019,Rudraksh,rudraksh mala,description,Rudraksh is worn as a mala
R02277,2019,main temple,4 deities of Lord Shiva,description,Main temple has 4 deities carved
R02277,2019,4 deities of Lord Shiva,pradakshina,co_occurrence,Deities viewed during pradakshina
R02277,2019,King of Nepal,4 deities of Lord Shiva,description,King used to do pooja of the deities
R00369,2013,discipline,parikrama,co_occurrence,discipline and parikrama mentioned together
R00369,2013,unpleasant experience with pundits,pundits,description,pundits described as causing unpleasant experiences
R02066,2018,open cremation,3 taking place,co_occurrence,multiple cremations observed
R02066,2018,compound,foreigners cannot enter the hindu temple,contrast,peaceful compound vs. entry restriction
R00054,2011,trash floating,holy river,co_occurrence,Trash is seen in the holy river
R00054,2011,cremations,uneasy,causal,Cremations caused unease
R01862,2018,buildings surrounding the temple,earthquake,causal,buildings suffering due to earthquake
R01862,2018,funeral pyres,bodies being prepared,description,funeral pyres involve bodies being prepared
R01862,2018,bodies being prepared,ashes pushed into the river,description,ritual involves ashes pushed into the river
R01862,2018,ashes pushed into the river,children playing and women washing,contrast,ashes in river contrast with children playing
R01135,2016,gathering of people,religious expectations,co_occurrence,gathering of people with religious expectations
R01135,2016,statue with heritage,small lake,contrast,statues and lake both contribute to beauty
R00576,2014,ancient temple of Lord Shiva,Jyotir Linga,description,The temple is described as one of the Jyotir Linga
R00576,2014,river near temple,hindu last rites,causal,The river is used for hindu last rites
R01140,2016,Great sight,unusual for someone who is not Hindu,contrast,The sight is great but unusual for non-Hindus
R00709,2014,cremation of hindu people,families weeping,co_occurrence,Cremation and families weeping occur together
R00490,2014,temporary stay here on earth,visit,description,visit evokes spiritual emotion
R01934,2018,main Pashupatinath Temple,non-Hindu entry ban,description,Access restriction to main temple
R01934,2018,crematorium,monkeys,contrast,Preference to watch monkeys over visiting crematorium
R01388,2017,inner strength,power of GOD,causal,visiting provides inner strength through divine power
R01388,2017,great place,lovely place,co_occurrence,both describe the temple positively
R02068,2018,holiest and most important Hindu temple,spiritual and non-touristic place,description,describes the temple as spiritual
R02068,2018,holiest and most important Hindu temple,peaceful place of worship,description,describes the temple as peaceful
R02068,2018,Arati,holiest and most important Hindu temple,co_occurrence,Arati takes place at the temple
R01988,2018,huge temple complex,small and different temples,description,complex includes small temples
R01988,2018,no reliable public transport,book a cab,contrast,lack of transport leads to cab recommendation
R01758,2017,Bagmati river,cremations,co_occurrence,cremations occur on the riverbank
R01758,2017,"R1,000 entry fee",central temple,contrast,"entry fee applies to cremation side, not temple grounds"
R01758,2017,guides,"R1,000 entry fee",causal,guides suggest giving money after chatting
R02343,2019,carvings,authentic,contrast,carvings may not be suitable for children but the place is authentic
R01820,2018,main temple,Hindus only,description,access restriction for main temple
R01820,2018,main temple,rich heritage,description,heritage associated with main temple
R01888,2018,one with the universe,magical,co_occurrence,Both describe the spiritual atmosphere
R01888,2018,Only Hindus are allowed,serene place,contrast,Cultural rule contrasts with serene atmosphere
R01187,2016,guides,annoy,causal,Guides cause annoyance
R01187,2016,sellers,annoy,causal,Sellers cause annoyance
R02218,2019,chardham yatra,kedarnath,co_occurrence,kedarnath is part of chardham yatra
R02218,2019,kedarnath,darshan,causal,darshan is part of visiting kedarnath and pasupatinath
R02487,2025,Bagmati River,Darshan,co_occurrence,Darshan performed near Bagmati River
R02487,2025,car parking space,No photos,contrast,Parking available but photography restricted
R01760,2017,small and bigger tempels and shrines,monkey filled trees,co_occurrence,temples and shrines are surrounded by monkey filled trees
R01760,2017,guide,small and bigger tempels and shrines,causal,guide helps in better understanding of temples and shrines
R01760,2017,crematorium,small and bigger tempels and shrines,co_occurrence,crematorium is part of the temple complex
R01357,2016,purification bath,Lord Shiva,description,purification bath is given to Lord Shiva
R01357,2016,Lord Shiva,Shivling,description,Lord Shiva is represented by Shivling
R02037,2018,devotee,special occasion and festival,co_occurrence,devotees gather during festivals
R02037,2018,holy river Bagmati,funeral ceremony,description,funeral ceremonies are performed by the river
R01127,2016,beautiful temples,earthquake,contrast,beautiful temples despite earthquake damage
R01127,2016,river,cremations,description,river is important for cremations
R01821,2018,"1,000 rupee government enforced entrance fee",official guide,causal,entrance fee helps with restoration
R01821,2018,official guide,end of life for the Hindu religion,description,guide provides history and culture information
R00906,2015,self-appointed guide,2000rp,causal,guide demanded more money
R00915,2015,Rudraksha,original ones,description,Rudraksha believed to be original
R00915,2015,joytrilinga,original ones,description,joytrilinga associated with originality
R00786,2015,open-air cremation,small river,co_occurrence,cremation occurs on the river banks
R00786,2015,beggars,maimed and visibly sick people,co_occurrence,both beggars and sick people present
R00786,2015,entrance fee of 1000 nepalese rupees,sadhus,contrast,high fee contrasted with presence of sadhus
R00786,2015,shaken up,open-air cremation,causal,cremation caused feeling of being shaken up
R00786,2015,uneasy,maimed and visibly sick people,causal,sick people caused feeling of unease
R02376,2020,Cultural experience,places like this,description,Cultural experience described as unique
R00970,2015,funeral and cremation processes,Nepalese traditions,description,funeral and cremation processes follow Nepalese traditions
R00970,2015,funeral and cremation processes,no crying and howling,description,absence of crying and howling is part of the ritual
R00970,2015,off limit to non Hindus,Nepalese traditions,description,access restriction is part of Nepalese traditions
R02241,2019,dead being burnt on the Pires,holy place,co_occurrence,Cremation ceremony occurs at the holy place
R02241,2019,kids diving into the thilfy river,thilfy river,description,Kids diving into the river is described as a problem
R01481,2017,beggars,business out of Hindu death rites,co_occurrence,Beggars and business around death rites are mentioned together
R01481,2017,rites for the dead,macabre curiosity,causal,Macabre curiosity is linked to watching the rites for the dead
R00217,2012,idol of pashupatinath,4 doors,description,idol can be visited from 4 doors
R01615,2017,dirty,smelly,co_occurrence,Both describe negative conditions
R01615,2017,dirty,chaotic,co_occurrence,Both describe negative conditions
R01615,2017,smelly,chaotic,co_occurrence,Both describe negative conditions
R00829,2015,River Bagmati,Non Hindus are NOT Allowed,contrast,Non-Hindus can only view from opposite of the river
R00829,2015,Nandi,Darshan,description,Darshan is part of the worship of Lord Shiva
R00829,2015,wooden carved,Darshan,co_occurrence,Wooden carvings are part of the temple's architecture
R02404,2021,feeling like in a different world,God's own place,description,feeling described as God's own place
R00637,2014,Social House,donation box,description,Social House has a donation box
R00637,2014,cremation,ceremonies,co_occurrence,cremation is one of many ceremonies
R01056,2016,shiv ling temple,four doors,description,shiv ling temple is open from all four sides
R01056,2016,84 shiv lings,devotee,description,devotee can touch all shiv lings
R01324,2016,only Hindus are allowed inside,purchase a ticket,contrast,"Hindus can enter, non-Hindus need a ticket"
R01324,2016,footwear is not allowed,shop where you can leave your shoes,causal,"footwear not allowed, shop provides storage"
R00610,2014,parikrama,Lord Shiva,description,parikrama is a ritual related to Lord Shiva
R01059,2016,river,dusty haze,co_occurrence,The river was dry and there was a dusty haze
R01059,2016,worshippers,something lacking,contrast,Worshippers present but something lacking
R01541,2017,roads,dust,causal,bad roads cause dust issues
R00844,2015,non Hindus are not allowed,smaller shrines,contrast,Non-Hindus can't enter main temple but can see smaller shrines
R00844,2015,cremations,Bagmati River,co_occurrence,Cremations occur on one side of the Bagmati River
R00844,2015,priests,Bagmati River,co_occurrence,Priests minister on platforms on the other side of the Bagmati River
R00015,2025,cremation ceremonies,touching and interesting,description,cremation ceremonies described as touching and interesting
R00015,2025,saints,paid for pictures,causal,saints expect payment for pictures
R00253,2013,non-Hindu entry ban,cremations,contrast,entry ban contrasts with visible rituals
R00253,2013,cremations,sense of mortality,causal,cremations cause a sense of mortality
R00253,2013,local guides,cremations,contrast,guides contrast with solemn rituals
R00894,2015,river,religious destination,co_occurrence,The temple is situated on banks of the river
R00894,2015,religious destination,believers of Hindu religion,description,destination for believers of Hindu religion
R00894,2015,river,several centuries behind,causal,river evokes a sense of history
R01362,2016,amazing architecture,divine feeling,co_occurrence,Architecture and divine feeling mentioned together
R01362,2016,divine feeling,premises of the temple,description,Divine feeling described as being all around the premises
R01362,2016,divine feeling,divine belief,co_occurrence,Divine feeling and belief mentioned together
R00445,2013,sublime and serene,DIVINE,co_occurrence,Both emotions describe the experience
R00445,2013,DIVINE,captivating,co_occurrence,Both emotions describe the experience
R01210,2016,entrance fee,Golden temple,contrast,high fee but restricted access
R01210,2016,funeral traditions,Golden temple,contrast,funeral traditions shown but main temple restricted
R01210,2016,tourist guides,holy people,co_occurrence,both demand money from tourists
R02167,2019,lights,sacred place,co_occurrence,lights enhance the sacred atmosphere
R02167,2019,sacred place,crowded,causal,sacredness causes crowding
R02167,2019,Hindus,sacred place,description,Hindus find it sacred
R01101,2016,shivalinga,clean,co_occurrence,shivalinga and cleanliness mentioned together
R01101,2016,river side,clean,contrast,clean area except river side
R00459,2014,dead bodies being burnt,strange feeling,causal,ritual invoked spiritual emotion
R00459,2014,cleaner,dead bodies being burnt,contrast,cleanliness issue contrasted with ritual experience
R02289,2019,festival of Deej,ladies in their finest costumes,co_occurrence,festival and costumes occur together
R02289,2019,spiritual enlightenment,private gatherings,causal,gatherings provide spiritual insight
R02289,2019,architecture,private gatherings,co_occurrence,architecture and gatherings observed together
R02289,2019,river,cremations,description,cremations occur at the river
R01358,2016,oldest and famous temples,tourists,co_occurrence,temple attracts tourists
R01358,2016,oldest and famous temples,devotee,co_occurrence,temple attracts devotees
R01358,2016,oldest and famous temples,interest in history,co_occurrence,temple attracts people with interest in history
R02067,2018,Bagmati River,sacred Hindu temple,co_occurrence,temple located on the river bank
R02067,2018,cremations,funeral pyres,description,cremations occur on funeral pyres
R01683,2017,cremations,Hindu culture,description,cremations are part of Hindu culture
R01683,2017,holy men,Hindu culture,description,holy men are part of Hindu culture
R01842,2018,hindu holy place,peace of mind,causal,holy place gives peace of mind
R00771,2015,Abhishek,Shivalinga,description,Abhishek is performed on Shivalinga
R02221,2019,divine,peaceful,co_occurrence,Both divine and peaceful are mentioned together
R01770,2017,1000 rps,non-Hindu entry ban,causal,entry fee related to access restriction
R01770,2017,cremation smoke,breathing the dead,description,cremation smoke described as breathing the dead
R01921,2018,beautiful temple,clean surroundings,co_occurrence,The temple is described along with its surroundings
R01921,2018,long queues,ways of cutting them,contrast,Long queues contrasted with ways to bypass them
R01174,2016,holy place,after death processing,co_occurrence,Both are part of the temple experience
R01174,2016,after death processing,life after being this place,causal,Ritual leads to spiritual reflection
R02001,2018,registered tour guide,1000R entry fee,contrast,guide's behavior contrasted with entry fee complaint
R02001,2018,registered tour guide,tourist police,causal,guide's behavior led to police involvement
R02001,2018,registered tour guide,fear of my safety,causal,guide's behavior caused fear for safety
R02001,2018,registered tour guide,lack of respect or dignity,description,guide's behavior described as disrespectful
R02001,2018,registered tour guide,places of worship,contrast,guide's behavior contrasted with sacred space
R01434,2017,cremations,public view,co_occurrence,Cremations are observed in public view
R01434,2017,peace,privileged,co_occurrence,Feeling of peace and privilege are related
R01514,2017,crowded,dirty,co_occurrence,crowded and dirty are mentioned together
R00887,2015,Hindu Temple site,UNESCO World Heritage site,co_occurrence,Temple site is also a UNESCO site
R00887,2015,smaller shrines,big Earthquakes,causal,Earthquakes caused damage to shrines
R00530,2014,outer (larger) perimeter,statues,description,outer perimeter contains statues
R00530,2014,outer (larger) perimeter,carvings,description,outer perimeter contains carvings
R00530,2014,souvenir shops,bargain with all sellers,causal,bargaining is necessary with sellers
R02263,2019,temple areal,religious burial ceremony,co_occurrence,ceremony observed at the temple areal
R02263,2019,religious burial ceremony,river,description,ceremony takes place at the river
R02263,2019,not allowed to enter,members of other religions,causal,entry restriction applies to non-Hindus
R00107,2012,public cremations,sense of mortality,causal,cremations evoke a sense of mortality
R00107,2012,non-Hindu entry ban,temples,description,entry ban applies to temples
R00532,2014,cremation river,cremation ceremony,description,cremation river is where the cremation ceremony takes place
R00532,2014,human mortality,cremation ceremony,co_occurrence,human mortality is reflected in the cremation ceremony
R00237,2013,devoted hindus,beautiful,co_occurrence,devoted hindus and beautiful temple mentioned together
R00237,2013,beautiful,magical temple,description,temple described as magical
R00237,2013,magical temple,atmosphere outside,contrast,"inside magical, outside atmosphere"
R01728,2017,maintenance,approach road,co_occurrence,Both issues mentioned together
R00487,2014,mighty golden statue of a bull or Nandi,four headed Shiv Ling,co_occurrence,Nandi statue and Shiv Ling are both within the shrine
R00487,2014,burning rituals,Bagmati River,description,burning rituals occur by the Bagmati River
R02354,2020,pagoda style architecture,gold and silver planting,description,architecture includes opulent planting
R02432,2023,Hindu culture,uniqueness,co_occurrence,Hindu culture and uniqueness are mentioned together
R02333,2019,group of temples,cremations of deceased Hindus,co_occurrence,temples and cremations observed together
R02333,2019,cremations of deceased Hindus,peculiar experience,description,cremations described as peculiar
R02333,2019,group of temples,unique experience,description,temples described as unique experience
R01307,2016,cremation ceremony,sense of mortality,causal,cremation ceremony evokes a sense of mortality
R01307,2016,cremation ceremony,Bagmati River,description,cremation ceremony takes place at the river
R02124,2019,inside pashupati temple,peace,description,The inside of the temple is described as peaceful
R02186,2019,holy,good place,co_occurrence,Both describe the temple positively
R02186,2019,very well maintained temple,feel very good and awesome,causal,Well-maintained temple leads to positive feelings
R00431,2013,cremation of bodies,wailing of relatives,co_occurrence,Cremation and wailing occur together
R00431,2013,pyre of wood,river,description,Pyre is placed near the river
R00431,2013,interesting buildings,Hindus with colored dye,co_occurrence,Buildings and Hindus with dye are both interesting to see
R00284,2013,local funerals,burning of the deads,description,local funerals described as burning of the deads
R00284,2013,local funerals,insight to the local religious ceremonies,causal,funerals provide insight to ceremonies
R00284,2013,interesting,insight to the local religious ceremonies,co_occurrence,interesting and insightful mentioned together
R01296,2016,temples,crematorium,co_occurrence,temples and crematorium mentioned together
R01799,2018,non-Hindu entry ban,long way road,causal,entry ban caused disappointment
R01799,2018,map,tour guide,contrast,map provided as alternative to guide
R01202,2016,Ram,tour,causal,Ram enhanced the tour experience
R01202,2016,Ram,stories of the people,description,Ram shared stories of the people
R01202,2016,tour,rich history and culture,description,tour provided knowledge about history and culture
R01274,2016,fine thin line,tourism sustainable,contrast,balancing tourism with sustainability
R01274,2016,tourism sustainable,religious aspect,contrast,sustainability vs. religious preservation
R01546,2017,threshold from inside,important part in hindu mythology,description,threshold described as divine and important in mythology
R01546,2017,not clean enough,threshold from inside,contrast,divine threshold contrasted with cleanliness issue
R00350,2013,burning people,feeling to experience this,contrast,shocking yet special experience
R00350,2013,not allowed to cross the bridge,pay round ten euro,co_occurrence,entry restrictions and fee
R02049,2018,cremation,funeral pyres,co_occurrence,funeral pyres are part of the cremation ritual
R02049,2018,funeral pyres,holy place,description,funeral pyres are part of the holy place
R02049,2018,holy place,saying goodbye to loved ones,causal,holy place is for saying goodbye
R00247,2013,tour guide,non-Hindu entry ban,contrast,guide helps appreciate despite entry ban
R00247,2013,Saddus,funeral pyres,contrast,Saddus' humor contrasts with solemnity of pyres
R00247,2013,funeral pyres,moving,causal,funeral pyres caused moving experience
R02214,2019,religion song singing,lot of people,co_occurrence,people participate in singing
R02214,2019,worship and pray,lot of people,co_occurrence,people involved in worship and pray
R02281,2019,river Bagmati,Bhairav temple,co_occurrence,Bhairav temple is located near river Bagmati
R02281,2019,525 Lingams,Swastika shaped maze,description,Lingams are installed in a Swastika shaped maze
R02281,2019,parikrama,525 Lingams,causal,parikrama involves touching all the lingams
R02281,2019,evening aarti,Darshan,co_occurrence,evening aarti and Darshan occur in the evening
R00527,2014,cremations,funeral pyres,co_occurrence,Cremations occur at the funeral pyres
R00527,2014,Sadhu's,gold robes,description,Sadhu's are associated with gold robes and offerings
R00527,2014,grief,atmosphere,contrast,Grief contrasts with the atmosphere
R00865,2015,divine place,god's door,causal,divine place leads to feeling at god's door
R01473,2017,peace of soul,religious culture,co_occurrence,peace of soul and religious culture are both mentioned as aspects of the visit
R01473,2017,Guhyeshwari Temple,Bouddhanath Temple,co_occurrence,Guhyeshwari Temple and Bouddhanath Temple are both suggested destinations
R01239,2016,only Hindu people,enter inside the temple,causal,Only Hindus can enter inside
R01239,2016,only Hindu people,others can see from the outside,contrast,Non-Hindus can only view from outside
R00221,2012,powerful and dark place,Shiva-file,contrast,contrast between emotional preparation and being a Shiva-file
R02060,2018,Non Hindus are not allowed inside,cremation site,contrast,Non-Hindus cannot enter the temple but can view the cremation site
R02060,2018,cremations,public show of grief,co_occurrence,Cremations are a public show of grief
R02060,2018,Shrines to Shiva,trident symbols,description,Shrines to Shiva have trident symbols
R02060,2018,Holy men,human ash,description,Holy men rub human ash on themselves
R01574,2017,pooja system,priests,co_occurrence,priests perform the pooja
R01574,2017,priests,darshan,co_occurrence,priests take you around for darshan
R01574,2017,darshan,predecided rates,description,darshan at predecided rates
R00457,2014,shaivite,UNESCO heritage site tag,co_occurrence,personal connection as a shaivite and appreciation for heritage status
R00457,2014,compound,clean,description,description of the compound
R00773,2015,sadhus,aggressive,description,sadhus described as aggressive
R00818,2015,Hindu funeral ceremony,local guides,description,guides provide detailed information about the ceremony
R00818,2015,Hindu funeral ceremony,burning dead body,contrast,"funeral ceremony includes burning bodies, which some find terrifying"
R01924,2018,big fee,main temple,contrast,fee to enter but can't see main temple
R01924,2018,main temple,poorly organized,description,main temple is poorly organized
R01924,2018,snack and sweet shops,food,description,shops offer great food
R01467,2017,Nepali culture,different kind of people,co_occurrence,Nepali culture includes different people
R01467,2017,Lord Shiva,other gods,co_occurrence,Lord Shiva with other gods
R01920,2018,Bagmati River,cremations,co_occurrence,cremations occur on the river edge
R01920,2018,golden temple,non-Hindu entry ban,description,entry restriction to the golden temple
R01920,2018,guides,different culture,contrast,guides contrast with cultural experience
R02249,2019,ritual cremation,river,co_occurrence,Cremation takes place at the river
R02249,2019,ritual cremation,violation of the privacy,contrast,Cremation is both impressive and a privacy concern
R02249,2019,ritual cremation,view in the culture of Hinduism,causal,Cremation provides cultural insight
R01663,2017,energetic temple,different world,co_occurrence,energetic temple creates a different world experience
R01663,2017,easy access,well managed,co_occurrence,easy access and well managed are related
R00075,2012,monkeys n langurs,huge nandi statue,contrast,monkeys are a problem but nandi statue is a highlight
R00075,2012,huge nandi statue,wonderful temples n statues,co_occurrence,nandi statue is part of the wonderful temples and statues
R01876,2018,entrance gate,ticket,causal,tickets are required at the entrance
R01876,2018,non Hindu's,main temple,cultural_rule,non-Hindus cannot enter the main temple
R01876,2018,river,fire burning,co_occurrence,fire burning happens near the river
R01876,2018,death people families,sad,causal,crying families cause sadness
R01876,2018,Sadu Baba,funny,description,Sadu Baba looks funny
R00628,2014,caves,Buddhist history,description,caves are part of Buddhist history
R00628,2014,holy Buddhist-site,Buddhist history,description,site has Buddhist history
R00638,2014,photography is not allowed,harassment,causal,Photography ban leads to harassment if violated
R00566,2014,cremation at the river,cleanliness,contrast,cremation is a ritual but described negatively
R00566,2014,touts and scams,priests,causal,scams are caused by priests
R01410,2017,admission fee,access to the temple,contrast,charged fee but denied access
R01410,2017,grounds,burial,co_occurrence,grounds and burial mentioned together
R01727,2017,parts of the temple,under construction,description,parts of the temple are under construction
R01727,2017,guide,strong energy vibe,causal,guide helps understand the strong energy vibe
R02004,2018,Bagmati river Aarti,pleasant atmosphere,co_occurrence,Aarti creates a pleasant atmosphere
R01442,2017,many pigeon,people feed them,co_occurrence,pigeons and feeding occur together
R01442,2017,holy temple,beautiful picture,causal,holy temple leads to beautiful picture
R01376,2016,shivalingam,beautiful structures,description,shivalingam are described as beautiful structures
R01376,2016,god Shiva,interesting stories,description,god Shiva is associated with interesting stories
R00211,2012,cultural differences,fascinated,causal,fascination caused by cultural differences
R00211,2012,people,fascinated,causal,fascination caused by people
R01496,2017,burning bodies,non-Hindu entry ban,contrast,Non-Hindu entry ban limits access to rituals
R01496,2017,architecture,idols,co_occurrence,Architecture and idols mentioned together
R01633,2017,maintenance,cleanliness,co_occurrence,Both are issues needing attention
R01633,2017,beautiful and calm,peace to souls,causal,Calmness provides peace
R01248,2016,huge nandi,old historical temple,description,Nandi statue is part of the temple
R01248,2016,atmosphere,mental peace,causal,peaceful atmosphere causes mental peace
R02128,2019,early morning,evening,co_occurrence,recommended times for visiting
R02128,2019,nature,early morning,description,nature enhances the view
R02283,2019,beautiful and huge complex,wonderful vibrations,co_occurrence,The complex and vibrations are mentioned together
R02283,2019,wonderful vibrations,divine blessings of Lord Shiva,co_occurrence,Vibrations and blessings are mentioned together
R02283,2019,divine blessings of Lord Shiva,Lord Shiva,description,Blessings are attributed to Lord Shiva
R00421,2013,guide,bodies wrapped in orange cloth,causal,guide took us to see the ritual
R00421,2013,bodies wrapped in orange cloth,view from up high,description,view of the ritual from up high
R00421,2013,view from up high,stay with me forever,causal,view caused lasting spiritual emotion
R01736,2017,crowded,non-Hindu entry ban,contrast,crowded but restricted entry for non-Hindus
R01736,2017,small hill,Bagmati River,description,hill is located opposite the river
R00614,2014,cremations,women and children bath,contrast,contrast between cremations and bathing
R00614,2014,forest on the top,small cafe,co_occurrence,cafe located near the forest
R02373,2020,festival,cremations at the waters edge,co_occurrence,festival and cremations mentioned together
R02373,2020,heavy waft of weed,creepy foreigners,co_occurrence,both problems mentioned in the same context
R02373,2020,dirty and dusty,everyone spitting on the floor,co_occurrence,both problems related to cleanliness
R01563,2017,entrance of the temple,Nandi the bull,description,Nandi the bull is visible from the entrance
R01563,2017,gaths,live cremations,co_occurrence,gaths are near the live cremations
R01563,2017,live cremations,face of the deceased,description,face of the deceased is visible during cremations
R00727,2014,non-Hindu entry ban,burning ghats,contrast,entry restriction contrasted with viewing options
R00727,2014,puja,Shankarcharia Shrine,co_occurrence,puja performed at the shrine
R00727,2014,Old Folks Home,holy site,description,Old Folks Home described as auspicious
R00718,2014,angry monkey,1000NPR,contrast,negative experiences with entry cost and monkey
R00718,2014,crematorium,sense of surprise,contrast,sacred space contrasted with surprise emotion
R02397,2020,priests,Aarati,co_occurrence,priests perform the Aarati
R02397,2020,Aarati,oil lamps,description,Aarati involves oil lamps
R02397,2020,mesmerizing rituals feelings,Aarati,causal,Aarati caused mesmerizing feelings
R01790,2018,main temple,Hindu Nepali/Indian citizens,cultural_rule,entry restricted to certain citizens
R01790,2018,guards,Hindu Nepali/Indian citizens,causal,guards enforce entry rule
R01790,2018,dead bodies being cremated,main temple,co_occurrence,cremation occurs near the main temple
R01072,2016,walls in ruins,temple bells,contrast,ruins contrasted with divine atmosphere
R01072,2016,bronze Nandi,Mahadevs inner chamber,description,Nandi located in front of the inner chamber
R01072,2016,blessing,amazing feeling,co_occurrence,blessing and amazing feeling experienced together
R01614,2017,holy temple,bhagwan Shivshankar,description,temple dedicated to Shivshankar
R01614,2017,Abhishek,early morning,causal,Abhishek performed early morning
R00556,2014,cremation ground,remains,description,cremation ground involves remains
R00556,2014,remains,river,causal,remains are drooped in the river
R00556,2014,religious devotion,cremation ground,co_occurrence,religious devotion felt at cremation ground
R01389,2017,calm and composed,pure aura,co_occurrence,Both emotions are felt at the place
R01389,2017,pure aura,beautiful place for soul,co_occurrence,Both describe the spiritual atmosphere
R02380,2020,beggars claiming themselves sadhus,cremation,co_occurrence,sadhus and cremation mentioned together
R02380,2020,cremation,heavy energy of death,causal,cremation causes heavy energy of death
R02380,2020,guide,Kali,description,guide describes Kali
R02043,2018,send off their dead relatives,guide,description,guide explains the ritual
R02043,2018,film or take pictures,Women do not have to cover themselves,contrast,different cultural rules
R02076,2018,cremate their loved ones,faint of heart,contrast,cremation is not for the faint of heart
R02076,2018,holiest Hindu sites,intriguing places,description,holiness contributes to intrigue
R00854,2015,shiva temple,temple prakaram,co_occurrence,both are parts of the temple area
R00854,2015,touts,Shaligram,causal,touts lead to buying Shaligram
R00854,2015,sanctum sanctoram,touts,contrast,sacred space contrasted with problem of touts
R00663,2014,funeral pyres,serenity of the funeral ritual,contrast,funeral pyres are both sad and serene
R00663,2014,temples and ghats,riverbank walk,co_occurrence,both are scenic spots mentioned together
R00663,2014,riverbank walk,monkeys,description,monkeys are part of the riverbank walk experience
R02086,2018,guide,cremation,description,guide explains cremation process
R02086,2018,cremation,cultural appreciation,causal,cremation enriches cultural appreciation
R02086,2018,cultural appreciation,belief systems,description,appreciation of belief systems
R01985,2018,local guide,crematorium,co_occurrence,Guide and crematorium mentioned in the same context
R00987,2015,really old temple,ghat,description,The ghat is part of the temple complex
R00987,2015,offering prayers,people from all over the country and India,co_occurrence,People are performing the ritual of offering prayers
R00971,2015,biggest and oldest temple,devotees,co_occurrence,devotees visit the temple
R00971,2015,cremation area,uncomfortable,causal,cremation area caused discomfort
R00035,2011,allowed to go into the temple,immensely spiritual experience,causal,Access allowed due to being Hindu led to spiritual experience
R01077,2016,entry fee for non-hindus,site is preserved,causal,entry fee helps preserve the site
R01094,2016,old architecture building,big park,co_occurrence,The temple is surrounded by a park
R01094,2016,cremations,priests,co_occurrence,Cremations and priests are both present at the site
R00347,2013,favourite temple,so much going on,co_occurrence,Both express positive sentiment about the visit
R00347,2013,so much going on,worth a visit,causal,The activity level contributes to the worthiness of the visit
R00745,2015,burning of bodies,river,co_occurrence,burning of bodies happens by the river
R00745,2015,burning of bodies,funeral ceremony,description,burning of bodies is part of the funeral ceremony
R00745,2015,guide,burning of bodies,causal,guide provides explanations about the rituals
R00918,2015,burning bodies,filthy and smells,contrast,contrast between ritual and problem
R00918,2015,holy place,people from all over Nepal and India,description,holy place described by presence of people
R00918,2015,burning bodies,interesting and amazing,co_occurrence,ritual co-occurs with spiritual emotion
R01972,2018,very old temple,lots of culture and history,description,temple described as having culture and history
R01972,2018,very old temple,river bank,co_occurrence,temple located near river bank
R01972,2018,river bank,surrounding is very nice,description,river bank contributes to nice surroundings
R01734,2017,Lord Shiva,pooja,description,Pooja is a ritual dedicated to Lord Shiva
R01734,2017,Malla kings,5th century,description,Malla kings renovated the temple built in the 5th century
R01811,2018,cremation ceremony,guide,co_occurrence,guide helps explain the ceremony
R01811,2018,guide,price,contrast,guide service contrasted with price issue
R01567,2017,temple complex,river,co_occurrence,temple complex is near the river
R01567,2017,river,ashes,causal,ashes are thrown into the river
R01567,2017,holy place,lost a member of family,contrast,holy place contrasted with loss
R02314,2019,Hindu traditional cremations,the river,co_occurrence,Cremations occur along the river
R02314,2019,guide,come to die touching the river,causal,Guide helps understand the ritual process
R01445,2017,guide,amazing place,causal,Guide enhances the experience
R01784,2018,families in mourning,death rituals,co_occurrence,families in mourning are part of death rituals
R01784,2018,older public artifacts,people in distress,contrast,artifacts are contrasted with people in distress
R00406,2013,Hindu cremation ceremony,ghats,co_occurrence,cremation ceremony takes place on the ghats
R00406,2013,ghats,Bagmati River,description,ghats are located on the banks of Bagmati River
R00406,2013,"life, death, hope, despair",Hindu cremation ceremony,co_occurrence,"life, death, hope, despair observed during the cremation ceremony"
R00406,2013,smell and smoke,Hindu cremation ceremony,contrast,smell and smoke contrast with the ritual experience
R01487,2017,crowded,main temple,contrast,Crowded but still a good place
R01487,2017,temple closes,plan accordingly,causal,Closing times require planning
R00471,2014,non-Hindus,cremations at the river,contrast,non-Hindus restricted access contrasts with witnessing cremations
R00471,2014,cremations at the river,important part of Nepali culture,description,cremations described as part of Nepali culture
R01904,2018,5 faces of Shivji,face of Pashupatinath,description,seeing the face of Pashupatinath after other faces
R01904,2018,darshan,face of Pashupatinath,causal,face of Pashupatinath seen after darshan
R02111,2018,burning ghats,cremations,description,Burning ghats are used for cremations
R02111,2018,burning ghats,river,co_occurrence,Burning ghats are located along the river
R01233,2016,historical palace,Shiva tampal,description,historical palace is described as Shiva tampal
R01233,2016,hinbumanks,old traditional,description,hinbumanks associated with old traditional
R01058,2016,burning corps,mourning families,co_occurrence,burning corps and mourning families occur together
R01058,2016,local guides,entrance fee,contrast,local guides are interesting but pricey
R01717,2017,lord shiva,divine place,description,lord shiva is associated with the divine nature of the place
R01717,2017,historical place,divine place,description,historical significance contributes to the divine feeling
R01717,2017,divine place,hindus,description,divine place is significant for hindus
R01424,2017,Hindu cremations,funeral rites,co_occurrence,Cremations and funeral rites occur together
R01424,2017,funeral rites,families,co_occurrence,Families participate in funeral rites
R01424,2017,Hindu cremations,incredible,causal,Observing cremations caused a feeling of incredibility
R00670,2014,jyotirlinga,Lord Shiva,description,jyotirlinga associated with Lord Shiva
R00670,2014,pilgrimage,Lord Shiva,description,pilgrimage for Hindus related to Lord Shiva
R02030,2018,rs1100 worship coupon,only Hindus are allowed inside,contrast,worship coupon allows entry despite restriction
R01470,2017,various temples,cremation,description,temples related to cremation customs
R01470,2017,Saddhus,capitalise on the influx of tourists,contrast,Saddhus' spiritual role contrasted with exploiting tourists
R00260,2013,shiva linga,monkey,co_occurrence,Both observed at the same time
R02144,2019,shops/market outside the temple,colourful powder,description,shops sell items for prayers
R02144,2019,friendly people,younger males offer to give a tour,co_occurrence,friendly people offer tours
R02144,2019,non-Hindu entry ban,live cremation next to the river,contrast,non-Hindus cannot enter but can witness rituals
R02305,2019,Holy Bagmati River,main temple complex,co_occurrence,temple complex is on the bank of the river
R02305,2019,open cremation,spiritual vibe,co_occurrence,spiritual vibe felt during the cremation
R02331,2019,traditional cremation ceremony,Bagmati river bank,co_occurrence,ceremony took place by the river
R02331,2019,polluted river,Bagmati river bank,description,river is polluted
R02331,2019,Shadu (holy men),shiva phallic idols,co_occurrence,both present at the site
R02331,2019,shiva phallic idols,animal statues,co_occurrence,both are part of temple decor
R01100,2016,Filthy river,dirty monuments,co_occurrence,Both are described as dirty
R01100,2016,Sadhus,offering themselves in photo for a fee,causal,Sadhus are offering photos for a fee
R01100,2016,expensive entry fee,no access to main temple,contrast,Expensive fee but no access
R00857,2015,Ghats,cremation,description,Ghats are used for cremation
R00857,2015,Saddhu's,pictures with Saddhu's,causal,Need to pay for pictures with Saddhu's
R00857,2015,Shiva Ratri,Saddhu's,co_occurrence,Saddhu's come for Shiva Ratri
R01962,2018,monkeys,baba's,co_occurrence,Monkeys and baba's mentioned together
R01962,2018,Aarati,excitement,causal,Aarati caused excitement
R00538,2014,architecture,not allowed to click snaps,contrast,awesome architecture but no photography allowed
R01851,2018,funerals,everyday,description,Funerals occur daily
R00249,2013,amazing guide,complexity,causal,Guide helped understand complexity
R00249,2013,unique place,significance to the Nepalese people,description,Place's uniqueness tied to significance
R00653,2014,Bagmati River,cremations,co_occurrence,cremations take place at the river shore
R00653,2014,Prem,unique perspective,description,Prem's background provides unique perspective
R00653,2014,Prem,unforgettable experience,causal,Prem's guidance leads to unforgettable experience
R02258,2019,oldest Shiva temple,art,co_occurrence,art is part of the temple
R02258,2019,river,oldest Shiva temple,co_occurrence,river is near the temple
R00506,2014,cremation,ritual wailing,co_occurrence,cremation and wailing occur together
R00506,2014,young guides,spiritual experience,contrast,guides contrasted with personal spiritual experience
R00506,2014,Rs1000 entry fee,photography permission,description,entry fee and photography permission described together
R02491,2025,view,entire temple,co_occurrence,view and temple mentioned together
R01096,2016,ancient Hindu Temple,River Bagmati,co_occurrence,Temple located on the banks of River Bagmati
R01096,2016,ancient Hindu Temple,Only Hindus allowed,description,Entry restriction for non-Hindus
R01566,2017,holy day,holy men,co_occurrence,holy men present on holy day
R01566,2017,holy day,cremations,co_occurrence,cremations happening on holy day
R01566,2017,holy day,women burning wicks,co_occurrence,women burning wicks on holy day
R01566,2017,holy day,drinks and roasted barley,co_occurrence,distribution of drinks and barley on holy day
R01566,2017,overwhelm the senses,amazing,contrast,overwhelming yet amazing experience
R02372,2020,Evening arti,gath,co_occurrence,Evening arti takes place at the gath
R02372,2020,live cremation,gath,co_occurrence,Live cremation occurs at the gath
R02372,2020,small dirty river,gath,description,The gath is described as a small dirty river
R02372,2020,hotel kailesh KUTI Inn,food and hospitality,description,The hotel offers good food and hospitality
R00094,2012,Sadhus,grieving relatives,co_occurrence,Sadhus and grieving relatives are both present
R00094,2012,pyres smoking and burning,graves/monuments,co_occurrence,Pyres and graves/monuments are both present
R00944,2015,river,fascinating temple,co_occurrence,temple located on the river banks
R00944,2015,guide,interesting insight,causal,guide provides interesting insight
R01219,2016,"cultural, spiritual and historical auspicious place",holy worship,description,describes the nature of the place
R00816,2015,self funded day tour,no entry,causal,lack of cash led to no entry
R00816,2015,no entry,taxi back to Centre,co_occurrence,no entry and taxi back mentioned together
R00816,2015,self funded day tour,haggle more,contrast,self funded tour contrasted with need to haggle
R00756,2015,non-Hindu entry ban,Bagmati river,description,non-Hindus can see the temple across the river
R00756,2015,dirty river,cremation,co_occurrence,cremation occurs near the dirty river
R00756,2015,impressive architecture,inner sanctum,description,impressive architecture includes the inner sanctum
R01755,2017,cremation ceremony,Bagmati River,causal,ashes pushed into river for reincarnation
R01755,2017,smoke and ash,cremation ceremony,co_occurrence,smoke and ash from cremation
R01755,2017,women hawking jewelry,trash in sacred river,co_occurrence,problems observed during visit
R01755,2017,priest charging for photos,cremation ceremony,contrast,commercial activity during sacred ritual
R00798,2015,amazing atmosphere,religious tourists,co_occurrence,atmosphere experienced by religious tourists
R00798,2015,scams and fakes,non-Hindu entry ban,contrast,scams contrast with cultural rules
R00798,2015,cemetery ghats,burning bodies,description,cemetery ghats involve burning bodies
R00798,2015,non-Hindu entry ban,sense of peace,causal,entry ban leads to sense of peace
R01196,2016,entrance fee,non-Hindu entry ban,contrast,charged fee but restricted entry
R01196,2016,cremations,river,co_occurrence,cremations occur by the river
R00788,2015,main temple,holy river,co_occurrence,main temple is next to the holy river
R00788,2015,cremations,holy river,causal,cremations occur because of proximity to holy river
R00788,2015,holy men,main temple,co_occurrence,holy men are around the main temple
R00998,2016,local traditions,locals,co_occurrence,local traditions are popular with locals
R02412,2022,funeral Ghats,watching someone's funeral,co_occurrence,funeral Ghats and watching funeral are related experiences
R02412,2022,non-Hindu entry ban,entry fee for foreigners,contrast,entry restriction contrasted with entry fee
R00904,2015,devotees,cleanliness,causal,devotees need more cleanliness
R00904,2015,devotees,signage,causal,devotees need more signage
R00897,2015,singing,drums,co_occurrence,singing and drums happening together
R00897,2015,drums,burning bodies,co_occurrence,drums and burning bodies happening together
R00897,2015,burning bodies,pilgrims,co_occurrence,burning bodies and pilgrims present together
R00897,2015,atmosphere,singing,description,atmosphere includes singing
R00458,2014,inner temple area,Non-Hindus are not allowed,contrast,Non-Hindus can view from above but not enter
R00458,2014,live cremation ceremonies,felt noticeably more conspicuous,co_occurrence,Cremation ceremonies witnessed while feeling conspicuous
R01669,2017,upkeep and maintenance,knowledgeable person,contrast,poor maintenance contrasted with need for knowledgeable guide
R01669,2017,Shivalingam,four face darshan,description,Shivalingam is central to the four face darshan
R01669,2017,Mukthisthal,river flowing below the temple,causal,Mukthisthal is where people merge with the river
R01669,2017,Rudraksha tree,Rudra Abishey,description,Rudraksha tree related to Rudra Abishey ritual
R00673,2014,human cremations,ghats,co_occurrence,Cremations occur on the ghats
R00673,2014,main temple,non Hindus,causal,Non-Hindus cannot enter the main temple
R00673,2014,human cremations,cremation ceremonies,description,Cremation ceremonies are solemn and dignified
R00101,2012,good environment,many other temple,co_occurrence,Both mentioned in the context of the temple surroundings
R00892,2015,very old,magnificent,description,The temple is described as both old and magnificent
R00892,2015,very old,needs more maintenance,contrast,The temple's magnificence is contrasted with its need for maintenance
R02002,2018,music,prayers,co_occurrence,music and prayers occur together
R02002,2018,music,sweet smoke,co_occurrence,music and sweet smoke occur together
R02002,2018,prayers,sweet smoke,co_occurrence,prayers and sweet smoke occur together
R02002,2018,evening sky,birds eye view,description,view of the evening sky from hillside
R01804,2018,monkeys,dead baby monkey,description,"monkeys not well looked after, including a dead baby monkey"
R01804,2018,entry fee for foreigners,non-Hindu entry ban,contrast,entry fee and entry ban both seen as unfair
R01804,2018,non-Hindu entry ban,crematory,contrast,suggests visiting crematory instead of temple due to entry ban
R00597,2014,cremation site,holy river,causal,ashes are committed to the holy river
R00597,2014,Mother Theresa foundation,cremation site,description,part for old people sponsored by Mother Theresa foundation
R01693,2017,main spot,died people,description,main spot is where died people get attention
R01693,2017,tragic moments,impressive,contrast,tragic moments are impressive
R00888,2015,cremation of the dead,sense of sacredness,contrast,cremation ritual contrasted with lack of sacred feeling
R00888,2015,earthquake damage,locals selling items,co_occurrence,earthquake damage and locals selling items both mentioned as issues
R00225,2012,death and impermanence,acceptance,causal,studying death and impermanence may help towards acceptance
R02252,2019,guided tour,cultural area,description,guided tour provides information about the cultural area
R02346,2019,traditional temple architecture,small temples and deities,description,architecture includes small temples and deities
R02346,2019,guide,flowers for offering,co_occurrence,guide and flowers mentioned together
R02346,2019,flowers for offering,price of flowers,contrast,high price of flowers is a problem
R00275,2013,Bagmati River,manifestation of Shiva,description,Bagmati River is the location of the temple dedicated to Shiva
R00275,2013,manifestation of Shiva,pilgrims,causal,manifestation of Shiva attracts pilgrims
R00275,2013,non-Hindu entry ban,Bagmati River,contrast,non-Hindus can view the temple from the opposite bank
R00114,2012,temple complex,public cremation site,co_occurrence,temple complex and cremation site are part of the same location
R00114,2012,main temple,non-Hindu entry ban,causal,entry restriction for non-Hindus
R00114,2012,Royal Ghats,cremations,description,view cremations from Royal Ghats
R00861,2015,four faces,darshan,co_occurrence,four faces seen during darshan
R00861,2015,queues,priests,contrast,"queues missing, not pushed by priests"
R00861,2015,statues of Nepalese kings,idol of Hanuman,co_occurrence,both seen in temple complex
R00861,2015,temple by Adi Sankaracharya,humbling,causal,visiting the temple by Adi Sankaracharya was humbling
R00953,2015,guide,farewell to their loved ones,description,guide explains ritual
R00953,2015,farewell to their loved ones,wooden pyre,causal,ritual involves using pyre
R01813,2018,burning of bodies,river,co_occurrence,Cremation occurs alongside the river
R01813,2018,burning of bodies,guy brushed the embers,co_occurrence,Embers brushed into the waters as part of the ceremony
R02489,2025,aura,rituals,co_occurrence,aura and rituals mentioned together
R02489,2025,rituals,cultural significance,co_occurrence,rituals and cultural significance mentioned together
R02489,2025,cultural significance,unique experiences,co_occurrence,cultural significance and unique experiences mentioned together
R00301,2013,sadhus,money,causal,sadhus are only after money
R00301,2013,guides,evening around 7pm,contrast,guides take you in daytime but evening is better
R00348,2013,deity,all the entrances,description,deity viewed from all entrances
R00793,2015,guide,people with deformities begging,contrast,guide can help avoid being hassled by beggars
R00793,2015,cremations,monkeys,co_occurrence,cremations and monkeys observed together
R01838,2018,cremation,Bagmati River,causal,cremation ashes are thrown into the Bagmati River
R01838,2018,large Hindu temple,cremation,co_occurrence,cremation occurs at the temple
R01838,2018,people with orange and colorful clothes,cremation,co_occurrence,people in ritual behave during cremation
R01586,2017,non-Hindu entry ban,entry fee for foreigners,contrast,entry restrictions differ for non-Hindus
R01586,2017,statues,Darshan,co_occurrence,statues are part of the Darshan ritual
R00794,2015,cremations,emotional,co_occurrence,cremations contribute to emotional experience
R00794,2015,inappropriate behaviour of some tourists,emotional,contrast,inappropriate behaviour contrasts with emotional experience
R00794,2015,fake guides,knowledgeable and experienced guide,contrast,fake guides contrast with knowledgeable guide
R01194,2016,dead bodies being cremated,banks of the river Bagmati,co_occurrence,cremation occurs at the banks of the river
R01939,2018,jyotirlingas,main temple of shiva,description,jyotirlingas are associated with the main temple of Shiva
R01939,2018,main temple of shiva,small temple of lord Ganesha,co_occurrence,main temple and small temples are located together
R01939,2018,main temple of shiva,crowded place,contrast,main temple is crowded
R02040,2018,ghat,cremation,co_occurrence,cremation taking place at the ghat
R02040,2018,touched my heart,realized the priorities in life,causal,realization of life priorities touched the heart
R02278,2019,priest,flowers,causal,Priest took flowers to offer
R02278,2019,Darshan,sense of satisfaction,causal,Darshan was highly satisfying
R02278,2019,sanctum sanctorum,Darshan,co_occurrence,Darshan took place at the sanctum sanctorum
R02278,2019,Unmat Bhairav Temple,parikrama,co_occurrence,Parikrama included visiting Unmat Bhairav Temple
R01751,2017,funeral pyre,burning of bodies,description,funeral pyre is part of the burning of bodies
R01751,2017,guide,non-Hindu entry ban,contrast,guide was amazing despite entry restrictions
R01751,2017,beautiful buildings,monkeys,co_occurrence,monkeys and buildings are part of the site
R02085,2018,crematoria,cremations,description,crematoria are where cremations take place
R02085,2018,Bagmati River,cremations,causal,Bagmati River's significance in cremations
R02085,2018,beauty of the temple,monkeys,contrast,beauty contrasted with monkey problem
R02085,2018,earthquake of 2015,beauty of the temple,contrast,beauty despite earthquake
R00814,2015,early morning hours,darshan,co_occurrence,darshan performed in early morning hours
R00814,2015,solace,banks on which cremation takes place,description,solace felt near cremation banks
R01366,2016,funeral rites,prayers,co_occurrence,prayers are part of the funeral rites
R01366,2016,funeral rites,funeral pyre,co_occurrence,funeral pyre is part of the funeral rites
R01392,2017,shopkeeper,Puja materials,description,shopkeeper sells Puja materials
R00199,2012,mirrored view,shiva temples,co_occurrence,view is from the line of shiva temples
R00199,2012,shiva temples,burning ghats,description,shiva temples are above the burning ghats
R00199,2012,walkway through the jungle,deer park,description,walkway goes past the deer park
R00344,2013,1000 rupies,not allowed to enter,causal,fee required but no entry allowed
R00344,2013,Europeans are not really needed,not allowed to enter,description,Europeans not allowed to enter
R02007,2018,cremation ritual,spectators,contrast,spectators contrast with solemn ritual
R02007,2018,cremation ritual,carnival atmosphere,contrast,carnival atmosphere contrasts with ritual
R02007,2018,dipping in the river,cremation ritual,description,dipping in the river is part of the ritual
R02007,2018,1000 rupees admission,Hindus only,co_occurrence,entry fee and access restriction mentioned together
R00806,2015,crematories,prayers,co_occurrence,crematories and prayers occur together
R00806,2015,ceremonies,river,description,ceremonies occur on the side of the river
R00472,2014,only Hindus are able to enter,ample grounds,contrast,entry restriction vs. available grounds
R00472,2014,guide,history,causal,guide provides historical context
R02338,2019,temple complex,a lot of people visit,co_occurrence,large complex with many visitors
R01703,2017,public cremation,surreal,co_occurrence,public cremation feels surreal
R01703,2017,historic temple buildings,holy men,contrast,amazing buildings contrasted with holy men asking for money
R01286,2016,nicely arranged lines,crowded,contrast,nicely arranged lines contrast with crowding
R01286,2016,traffic,early morning,causal,less traffic is a reason to go early
R01335,2016,Bagmati river,rubbish,causal,Bagmati river is full of rubbish
R01335,2016,Bagmati river,ashes from burnt bodies,causal,Bagmati river is polluted with ashes
R01335,2016,dead bodies being burnt,wailing families,co_occurrence,dead bodies being burnt with wailing families
R01335,2016,outside area,earthquake of 2015,description,outside area damaged by earthquake
R01335,2016,outside area,beggers,description,outside area with beggers
R01335,2016,outside area,tourist stalls,description,outside area with tourist stalls
R01168,2016,off season,relaxed way,causal,off season allows a relaxed experience
R01168,2016,design and structure of old hindu times,not available anywhere in world,contrast,unique design not found elsewhere
R01868,2018,Hindu ritual,cremation,contrast,expectation of witnessing ritual vs. reality
R01868,2018,holy men,structure,contrast,absence of holy men vs. presence of structure
R01775,2018,darsan,desire to get there,causal,fulfilling desire through darsan
R01775,2018,pray,Jya pashupatinath,description,prayer as expression of devotion
R00702,2014,temple complex,cremation area,co_occurrence,Both are parts of the temple visit
R00702,2014,entry fee,intrusive,contrast,Entry fee contrasts with feeling intrusive
R00096,2012,cremation site,temple,contrast,cremation site contrasts with the nice temple
R00096,2012,taking off your shoes,temple,co_occurrence,shoe removal occurs at the temple
R00678,2014,guides,grounds,contrast,guides contrasted with exploring grounds alone
R00678,2014,dead bodies,grief,co_occurrence,dead bodies associated with families' grief
R00678,2014,local young boys,dead bodies,co_occurrence,boys diving near dead bodies
R00678,2014,fake holy men,real holy man,contrast,fake holy men contrasted with real holy man
R01929,2018,heritage religious place,different,description,heritage place feels different
R01929,2018,Kathmandu trip,heritage religious place,co_occurrence,trip included visit to heritage place
R00204,2012,burning of dead people,river bank ghats,co_occurrence,burning occurs on river bank ghats
R02157,2019,Gauri Ghat,Kirateshwor Temple,co_occurrence,Both are recommended surrounding areas
R02157,2019,Kirateshwor Temple,Guheshwori temple,co_occurrence,Both are recommended surrounding areas
R00860,2015,cremation Ghats,hospice,co_occurrence,cremation Ghats are next to a hospice
R00860,2015,cremation Ghats,devout person,causal,Ghats allow a devout person to be cremated quickly
R01970,2018,central temple,Bagmati River,contrast,"central temple access restricted, Bagmati River accessible"
R01970,2018,public cremations,culture shock,causal,public cremations contribute to culture shock
R01970,2018,sadhus,culture shock,co_occurrence,sadhus contribute to culture shock
R00643,2014,guide (Krishna),enjoyable,causal,Guide made the experience enjoyable
R01093,2016,1000 rupees for foreigners,guide,causal,guide made them pay the fee
R01093,2016,river,cremation ceremony,co_occurrence,cremation ceremony happens by the river
R01093,2016,cremation ceremony,fascinating,description,cremation ceremony described as fascinating
R01093,2016,river,filthy,description,river described as filthy
R01937,2018,evening aarti,morning pooja,co_occurrence,Both rituals experienced together
R01937,2018,Lord Shiva,darshan,causal,Lord Shiva provided the darshan
R02433,2023,spiritual energy,cultural significance,co_occurrence,Both spiritual energy and cultural significance are mentioned together
R01472,2017,cremations,locals,co_occurrence,locals present during cremations
R01472,2017,locals,photo,causal,locals ask for money for photos
R00432,2013,spiritual side,evening aarti,co_occurrence,spiritual side felt during evening aarti
R00432,2013,evening aarti,amazing experience,description,evening aarti described as amazing
R01141,2016,non-Hindu entry ban,entry fee for foreigners,contrast,foreigners pay but cannot enter
R01141,2016,guides,sense of frustration,causal,guides chasing caused frustration
R01141,2016,aggressive monkeys,sense of frustration,causal,aggressive monkeys contributed to frustration
R02075,2018,holiest site for Hindus,cremated,description,cremation ritual at sacred site
R02075,2018,breathtaking,must see,co_occurrence,breathtaking and must see together
R00117,2012,silver temple portals,entry gates,contrast,silver temple portals visible but entry restricted
R00117,2012,cremations,guide,causal,guide explains cremations
R01211,2016,prayer,Mahadev(Shiva),description,prayer directed to Mahadev(Shiva)
R01211,2016,early morning,many people,causal,early morning visit suggested due to crowd
R02451,2023,evening Aarti,peaceful,co_occurrence,Aarti and peaceful experience mentioned together
R02451,2023,peaceful,religious,co_occurrence,peaceful and religious feelings mentioned together
R01087,2016,Bhagmati River,trash and plastic bottles,description,Bhagmati River is described as filled with trash
R01087,2016,non-Hindu entry ban,Nandi,description,non-Hindus can only peer around the giant Nandi
R01087,2016,foreign aid,trash pickup,contrast,foreign aid contrasted with inability to organize trash pickup
R01577,2017,guided tour,tense atmosphere,causal,guided tour cost caused tense atmosphere
R01577,2017,Sadhu men,tense atmosphere,causal,payment to Sadhu men caused tense atmosphere
R01577,2017,offerings of animals,educational trip,co_occurrence,offerings of animals contributed to educational trip
R00222,2012,Hindu cremations,strange experience,co_occurrence,cremations described as a strange experience
R00222,2012,main temple,non-Hindu entry ban,causal,main temple is closed due to non-Hindu entry ban
R01658,2017,Bagmati River,dahasanskar,description,Bagmati River is the place for dahasanskar
R02140,2019,temple premises,monkeys,co_occurrence,Monkeys are present in the temple premises
R01423,2017,alpine Event Management Malaysia,prayers,causal,Event management organized the prayers
R00023,2026,Traditional Nepalese Pagoda Style architecture,Shiva Linga,description,architecture style includes Shiva Linga
R00023,2026,Bagmati River,Aarti,co_occurrence,Aarti performed by the river
R00023,2026,Bagmati River,Samshan Ghat,co_occurrence,Samshan Ghat located by the river
R00023,2026,Naga Sadhus,positive vibration,causal,presence of Naga Sadhus adds to spiritual aura
R01897,2018,Bagmati river,holy tempel,co_occurrence,Bagmati river is adjacent to the temple
R01897,2018,Darshan,bholey baba,description,Darshan is a ritual involving bholey baba
R00855,2015,small temples,earthquake,causal,temples destroyed due to earthquake
R00855,2015,darshan,ghat,co_occurrence,darshan near the ghat
R02295,2019,cremation,profound existential experience,causal,cremation leads to profound existential experience
R02295,2019,temple grounds,constant reminder,description,temple grounds atmosphere described as a constant reminder
R00399,2013,banks of the river,procession carrying the dead,co_occurrence,rituals occur by the river
R00399,2013,procession carrying the dead,cremation,co_occurrence,procession leads to cremation
R00399,2013,monkeys,banks of the river,contrast,monkeys contrast with sacred atmosphere
R00399,2013,entry fee,spiritual centre,contrast,entry fee contrasts with spiritual experience
R02460,2024,Hindu people,temple,co_occurrence,Hindu people associated with the temple
R02460,2024,temple,interesting,description,temple described as interesting
R02460,2024,interesting,visit,causal,interesting nature leads to good visit
R02160,2019,Non Hindus are not allowed,replica Pashupati Nath temple,contrast,"Non-Hindus cannot visit, but replicas exist elsewhere"
R02160,2019,replica Pashupati Nath temple,age and cost,causal,Replicas exist due to age and cost issues
R02200,2019,cremations,not venture too close,description,Respectful distance advised
R02200,2019,cremations,not take photos,description,Photography restriction
R01112,2016,architecture of the temple,ancient and beautiful,description,architecture described as ancient and beautiful
R01572,2017,entrance fee 1000 rupees,open only to the Hindus,co_occurrence,Both relate to access and restrictions
R00852,2015,earth quake,cremation ceremonies,contrast,temple saved despite earthquake
R00852,2015,cremation ceremonies,mass cremations,co_occurrence,both refer to cremation rituals
R00102,2012,entrance tickets,poor people,causal,money from tickets not supporting poor
R00102,2012,entrance tickets,infrastructure,causal,money from tickets not invested in infrastructure
R02025,2018,cremation ceremony,cultural shock,contrast,initial shock contrasted with beauty
R02025,2018,cremation ceremony,beautiful thing,description,ceremony described as beautiful
R01322,2016,UNESCO World Heritage Site,memorable location,causal,UNESCO status contributes to memorability
R00568,2014,guide,entrance fee,contrast,guide engagement contrasted with high entrance fee
R01182,2016,temple buildings,non-Hindu visitors,contrast,buildings closed to non-Hindus
R01182,2016,fascinating visit,morals and knowledge of life,causal,fascination leads to gaining knowledge
R01075,2016,ticket entrance,main temple,contrast,ticket price vs. access restriction
R01075,2016,local guy,cremation,description,local guy explains the ritual
R02253,2019,ghaat,nepali cremation,co_occurrence,ghaat is where the nepali cremation happens
R00195,2012,cremation place,human remains burning,description,cremation involves burning human remains
R00195,2012,holy place,different world,causal,holy place feels like a different world
R00437,2013,heavenly feeling,god resides,co_occurrence,Heavenly feeling associated with divine presence
R00437,2013,darshan,early in the morning,causal,Early visit recommended for good darshan
R01131,2016,local guide,interesting tidbits,causal,guide provides interesting tidbits
R01131,2016,pre-cremation process,interesting,description,pre-cremation process described as interesting
R00683,2014,important part of life - Death,amazing place,contrast,Death is both important and amazing
R00683,2014,amazing place,people should be respectful,contrast,Amazing place but requires respect
R02260,2019,aarti,inner peace,causal,aarti induced inner peace
R02260,2019,fire lamp,Pundits,description,fire lamp moved by Pundits
R02260,2019,clapping and chanting,aarti,co_occurrence,clapping and chanting during aarti
R00210,2012,cremation,fascinating though somber sight,description,cremation described as fascinating though somber
R00210,2012,monkeys,river,co_occurrence,monkeys are present near the river
R00867,2015,city,temple,contrast,city is dirty but temple is better maintained
R00867,2015,temple,Government,causal,better maintenance due to government care
R01875,2018,cremation ceremony,cremation ceremony,co_occurrence,The cremation ceremony is described as both weird and interesting.
R00220,2012,Bagmati river,cremation,co_occurrence,cremation occurs along the river
R00220,2012,tour guide,entrance fee for foreigners,contrast,guide fee compared to entrance fee
R02012,2018,divine sense of calm,main temple,causal,calm felt upon entering main temple
R02012,2018,4 sided idol,main temple,description,idol located in the main temple
R02012,2018,Nandi bull,main temple,description,Nandi bull as protector of the temple
R02012,2018,non hindu's entry ban,main temple,cultural_rule,entry restriction for non-Hindus
R02264,2019,dead processions,Hinduism culture,co_occurrence,dead processions are part of Hinduism culture
R02264,2019,Hinduism culture,end of our life,causal,Hinduism culture evokes feelings about the end of life
R00949,2015,cremations,solemn experience,causal,cremations cause solemn experience
R00949,2015,Sadhus,guides,contrast,Sadhus and guides offer different experiences
R00949,2015,guides,over inflated prices,description,guides charge over inflated prices
R00968,2015,crematorium,funeral ritual,co_occurrence,funeral ritual taking place at the crematorium
R00968,2015,funeral ritual,peaceful and quiet ceremony,contrast,ritual described as both macabre and peaceful
R00968,2015,painted men,entry fee,causal,charge for taking pictures of painted men
R01812,2018,monkeys,mood killer,causal,Monkeys contribute to mood being killed
R01812,2018,piles of garbage,mood killer,causal,Garbage contributes to mood being killed
R01585,2017,people pushing to buy goods,tourist guides,co_occurrence,both involve unwanted solicitation
R01585,2017,magic and bizarre place,holy and sacred places,description,describes the nature of the place
R00777,2015,Sadu,colorful woman,co_occurrence,Sadu and colorful woman mentioned together
R00064,2012,Pashupatinath Temple,guides,co_occurrence,Guides mentioned in context of visiting Pashupatinath Temple
R00064,2012,authentic Nepalese food,guides,co_occurrence,Guides helped find authentic food
R00064,2012,Pashupatinath Temple,Himal Mandap,co_occurrence,Both Pashupatinath Temple and Himal Mandap are mentioned as loved places
R01883,2018,cremations,side of the river,co_occurrence,Cremations occur at the side of the river
R01883,2018,cremations,overwhelming,causal,Cremations caused the feeling of being overwhelmed
R01883,2018,cremations,culturally different,description,Cremations are described as culturally different
R01230,2016,river,aarti,co_occurrence,aarti performed at the river
R01230,2016,aarti,amazing experience,causal,aarti caused an amazing experience
R00596,2014,main shrine,Hindu entry ban,cultural_rule,entry restricted to Hindus
R00596,2014,sadhus,Shivaratri,co_occurrence,sadhus gather during Shivaratri
R00596,2014,cremation sites,sacred pilgrimage place,description,cremation sites contribute to sacred feeling
R01959,2018,sacred sight,important place of worship,description,sacred sight is an important place of worship
R01959,2018,great views,old and historical sacred place,description,great views are part of the old and historical place
R02188,2019,Temple of Guheshwori,Bagmati river,co_occurrence,Temple of Guheshwori is located on the banks of Bagmati river
R02188,2019,cremations,Bagmati river,co_occurrence,Cremations occur on the banks of Bagmati river
R01158,2016,ultimate hindus holy temple,spiritual,description,temple described as spiritual
R01158,2016,ultimate hindus holy temple,relaxing,description,temple described as relaxing
R01158,2016,ultimate hindus holy temple,divinity,description,temple associated with divinity
R01611,2017,entry fees,non hindu visitors,contrast,entry fees and non-Hindu entry ban are contrasting rules
R01611,2017,cremation,dust of cremation,causal,cremation causes dust
R01611,2017,Sadhu Baba's,Smoking Ganza by Shadu's,description,Sadhu Baba's are described as smoking Ganza
R01745,2017,architecture,native flavour,co_occurrence,architecture and native flavour are mentioned together
R01745,2017,deity,photos are not allowed,contrast,view of the deity contrasted with photo restriction
R00170,2012,non-Hindu entry ban,entry fee for foreigners,contrast,entry ban vs. fee payment
R00170,2012,ghat,free entry,description,ghat described as free entry
R00354,2013,guide,expensive,co_occurrence,Both relate to negative aspects of the visit
R02470,2024,arati time,evening,co_occurrence,arati time occurs in the evening
R02470,2024,arati time,vibes,causal,arati time caused the vibes
R01771,2017,entrance fee,tour guides,contrast,entrance fee vs. unexpected guide fee
R01771,2017,tour guides,open air cremations,description,guide explains open air cremations
R01771,2017,face-painted holy men,Hindu culture and history,co_occurrence,holy men part of Hindu culture
R01771,2017,open air cremations,cremate their loved ones,description,cremations involve loved ones
R00272,2013,cremations,river,co_occurrence,cremations occur near the river
R00272,2013,river,walk around,co_occurrence,walking around involves both sides of the river
R02145,2019,funeral ceremonies,somber,description,funeral ceremonies described as somber
R02145,2019,funeral ceremonies,beautiful,description,funeral ceremonies described as beautiful
R02145,2019,funeral ceremonies,educational,description,funeral ceremonies described as educational
R01000,2016,cremations,river,co_occurrence,cremations occur next to the river
R01461,2017,Hindu Shrine,place of pilgrimage,description,The shrine is a pilgrimage site
R01461,2017,cremation,funeral pyres,description,Cremation involves funeral pyres
R01625,2017,guide,cremation site,co_occurrence,guide led to the cremation site
R01625,2017,cremation site,cremation,description,cremation takes place at the site
R01625,2017,cremation,deeply moved,causal,cremation caused deep emotion
R01625,2017,honest process,cremation,contrast,initial shock contrasted with realization of honesty
R00666,2014,house of the dead,bodies are burnt,description,house of the dead involves cremation
R00666,2014,holy men,trinket sellers,co_occurrence,holy men and trinket sellers are both present
R01276,2016,cremations,monkeys,contrast,"cremations are solemn, monkeys are a nuisance"
R01276,2016,Sadhus,money to have their picture taken,causal,Sadhus ask for money for photos
R00562,2014,hindu devotees,holy atmosphere,co_occurrence,devotees contribute to the holy atmosphere
R00562,2014,Sadhus,holy atmosphere,co_occurrence,presence of Sadhus enhances the holy atmosphere
R00562,2014,blood donation,holy atmosphere,co_occurrence,blood donation contributes to the holy atmosphere
R01516,2017,open air cremation rituals,ashes,causal,cremation rituals cause ashes to blow
R01516,2017,non-Hindu entry ban,$10 admission fee,contrast,entry fee does not include temple access
R00269,2013,heritage architecture,serenity,co_occurrence,heritage architecture associated with serenity
R00269,2013,blessings,beautiful temple,co_occurrence,blessings associated with beautiful temple
R01922,2018,Lord Shiva's Bhakts,divine smell,co_occurrence,Bhakts contribute to the divine atmosphere
R01922,2018,Darshans,Aarti,co_occurrence,Both are religious activities
R01922,2018,Aarti,local market,contrast,Religious ritual contrasted with commercial activity
R01801,2018,Shiva temple,shoe lockers,co_occurrence,shoe lockers mentioned alongside the temple
R01882,2018,small temple,sacred hindu temple,co_occurrence,small temples surrounding the main temple
R01882,2018,crematorium site,sacred hindu temple,co_occurrence,crematorium site is part of the temple complex
R00629,2014,cremation ghats,open-air cremations,co_occurrence,cremations occur at the ghats
R00629,2014,open-air cremations,poignant experience,causal,cremation ceremony caused poignant experience
R00629,2014,non-Hindus entry fee,taking pictures or videos,contrast,entry fee vs. taking pictures issue
R00629,2014,temple workers,taking pictures or videos,causal,workers allow picture taking for money
R00863,2015,architecture,traditional aspects,description,architecture includes traditional aspects
R01622,2017,abhishek,ticket from bank,causal,ticket needed for abhishek
R01622,2017,JYOTI Ling,four faces,description,JYOTI Ling described as having four faces
R02438,2023,Lord Shiva,devotees,causal,Devotees visit to get blessings
R02438,2023,main temple,small temples,description,Small temples are around the main temple
R00510,2014,burial by the lake,smoke,co_occurrence,smoke from burial by the lake
R00510,2014,smoke,fires,causal,smoke caused by fires
R00084,2012,cycle of life and death,Hinduism,description,cycle of life and death is an important concept in Hinduism
R01010,2016,old architecture and structures,devastated by earthquake,contrast,beauty of architecture contrasted with earthquake damage
R01608,2017,fake Baba's,photo charge,causal,fake Baba's charge for photos
R01608,2017,set the price first,photo charge,contrast,setting price prevents overcharging
R00582,2014,four faces of the Lord,devotees,co_occurrence,devotees follow to see the four faces
R00582,2014,security staff,devotees,causal,security staff helps manage the crowd of devotees
R00582,2014,linga,priests,description,only priests know the appearance of the linga
R00582,2014,pandits,abhishek,causal,pandits claim to perform abhishek
R00582,2014,pandits,rudraksha mala,co_occurrence,pandits give rudraksha mala
R01153,2016,heritage and culture,interesting and informative,description,heritage and culture described as interesting and informative
R01153,2016,takes your mind back,where it began,description,spiritual emotion of reflection and origin
R00608,2014,evening aarti,architecture,co_occurrence,Both experienced during the visit
R00608,2014,monkeys,prasad packet,causal,Monkey snatched the prasad
R00608,2014,cremation,smoke from the cremation,description,Smoke is part of the cremation
R00608,2014,cremation,sense of mortality,causal,Cremation led to reflection on life
R01409,2017,centre of this place,non-Hindu entry ban,contrast,entry restriction for non-Hindus
R01409,2017,cremation,old temples,co_occurrence,both can be observed during visit
R01034,2016,entrance fee,cremations,contrast,Expensive fee contrasted with seeing cremations
R01034,2016,temple itself,not that interesting,description,Temple described as not interesting
R00826,2015,cremate them right on the river,decent guide,co_occurrence,Guide provided background on cremation
R00826,2015,strangely and traditionally dressed people,expect tips,causal,Dressed people expect tips for photos
R01334,2016,Bhagmoti River,Hindu devotees,co_occurrence,Bhagmoti River is a sacred space for Hindu devotees
R01334,2016,sacred place,Hindu devotees,description,sacred place is significant for Hindu devotees
R01568,2017,non-Hindu entry ban,architecture,contrast,entry restriction does not detract from experience
R01568,2017,cremations on the river,disturbed,causal,cremations caused disturbance
R01568,2017,holy men,beggars and hawkers,co_occurrence,holy men and beggars present in area
R00442,2013,Varasni,tounts,contrast,Varasni is more impressive
R00442,2013,friendly guy,guides,co_occurrence,both related to guide harassment
R00442,2013,fee entrance,improvement of the site,causal,fee increase not used for improvement
R00834,2015,Chaturmukhi,Lingam,description,Chaturmukhi is a feature of the Lingam
R00834,2015,river,smaller temples,co_occurrence,River and smaller temples are mentioned together
R00140,2012,pick picketers,sanctum,co_occurrence,pick picketers inside the sanctum
R00140,2012,security worker,police,contrast,security worker not helpful but police was helpful
R01610,2017,main temple,noise,contrast,main temple's holy vibrations contrasted with noise
R01610,2017,main temple,crowd,contrast,main temple's holy vibrations contrasted with crowd
R01610,2017,main temple,dirt,contrast,main temple's holy vibrations contrasted with dirt
R01610,2017,main temple,commercialisation,contrast,main temple's holy vibrations contrasted with commercialisation
R01331,2016,cremation ceremony,Bagmati River,causal,cremated remains are sent down the river
R01279,2016,Hindus only entry,Bagmati River,co_occurrence,Both mentioned in context of temple access
R01279,2016,evening rituals (Aarti),beautiful and serene atmosphere,causal,Aarti contributes to the serene atmosphere
R01279,2016,enormous crowd during special events,Shivratri and Shrawan,description,Crowds are described during these events
R01443,2017,structure and building,management,contrast,old structure contrasted with poor management
R01177,2016,divine power,overwhelming,co_occurrence,divine power and overwhelming experience felt together
R01177,2016,main shrine,darshan,description,main shrine is where darshan is taken
R01177,2016,"small shrines for Ganpathy, Hanuman",108 shivlingams,description,small shrines and 108 shivlingams are part of the temple
R00623,2014,cremation ceremony,sense of mortality,causal,cremation ceremony evokes sense of mortality
R00945,2015,Hindu places,insight of the religion and customs,description,The sacred space provides insight into religion and customs
R01560,2017,peace,darshan,causal,peace felt after darshan
R01560,2017,magnificent feeling,Bhole Baba,description,feeling described as being close to Bhole Baba
R01942,2018,dead are being burned to ashes,very unique place,description,ritual described as unique
R01942,2018,dead are being burned to ashes,interesting place,description,ritual described as interesting
R01390,2017,mandir,non-Hindu entry ban,contrast,mandir access restricted to Hindus
R01390,2017,guide or pandit/pujari,mandir,description,guides explain mandir details
R01005,2016,pure energy and devotion,devotion from Hindu people,co_occurrence,Both describe spiritual connection
R01005,2016,unsanitary and polluted,government,causal,Government should address pollution
R00581,2014,evening Aarti,live musicians and singers,co_occurrence,Aarti includes live musicians and singers
R00581,2014,mini temples,maintenance,causal,Locked mini temples due to poor maintenance
R00581,2014,clean up efforts,maintenance,contrast,Clean up efforts contrast with maintenance issues
R02020,2018,blessed,shivji temple,causal,felt blessed after visiting the temple
R02020,2018,shivji temple,om namah shivay,description,associated with the sacred chant
R00837,2015,ghats,cremation ceremony,co_occurrence,cremations occur on the ghats
R00837,2015,cremation ceremony,sense of mortality,causal,cremation ceremony causes emotional time
R00837,2015,non-Hindu entry ban,beautiful places,contrast,entry ban contrasted with access to beautiful places
R01767,2017,monks,life and death beliefs,co_occurrence,Monks are part of the life and death beliefs
R01767,2017,fascinating,extraordinary experience,description,Fascination contributes to the extraordinary experience
R01482,2017,reincarnation aspect,calming,causal,reincarnation aspect leads to calming
R01482,2017,animal sacrifices,tradition,description,animal sacrifices are part of tradition
R01482,2017,guilty,tradition,contrast,guilty feeling contrasts with tradition
R00423,2013,professional holy men,old area,contrast,holy men are expensive compared to the interesting area
R00423,2013,smoky,atmosphere,contrast,smoky atmosphere contrasts with the interesting walk
R01672,2017,cremation sites,dead pure bodies,co_occurrence,cremation sites and dead bodies are part of the same scene
R01672,2017,sculptures depicted on wooden wall and stones,sense of mortality,causal,sculptures inspire reflection and pondering
R01672,2017,monkeys,peace,contrast,monkeys as a problem contrast with the peace sought
R01117,2016,ancient temple,Jyotirlingas,description,temple is one of the Jyotirlingas
R01117,2016,Jyotirlingas,Lord Pashupathinath,description,Lord Pashupathinath is considered the head of Jyotirlingas
R01117,2016,sense of peace and serenity,ancient temple,causal,temple visit gives a sense of peace
R02456,2024,Step On Himalaya,hotels,co_occurrence,Both are part of the tour package
R02456,2024,Step On Himalaya,transport,co_occurrence,Both are part of the tour package
R02456,2024,Step On Himalaya,flight,co_occurrence,Both are part of the tour package
R00115,2012,holy men,white (human) ashes,description,holy men covered in ashes
R00115,2012,cremations,interesting experience,causal,cremations were an interesting experience
R00003,2025,monkey,amazed,co_occurrence,monkeys were part of the experience
R00003,2025,hindu culture and religion,amazed,co_occurrence,hindu culture contributed to amazement
R01824,2018,Hindu temple,amazing place,description,temple described as amazing
R00920,2015,last rites and rituals,river,co_occurrence,rituals performed across the river
R00920,2015,temple guide,Darshan,causal,guide enhances Darshan experience
R00920,2015,Darshan,felt accomplished,causal,good Darshan leads to feeling accomplished
R01989,2018,entry inside the temple,lord shiva,contrast,entry restriction contrasts with viewing lord shiva
R01989,2018,evening hours,lord shiva,co_occurrence,viewing lord shiva during evening hours
R01989,2018,temples beauty,evening hours,co_occurrence,beauty experienced during evening hours
R00497,2014,live cremations,families grief and surrounding ceremonies,co_occurrence,cremations occur alongside family grief
R00497,2014,Holy men posing for pictures,hawkers selling trinkets,co_occurrence,Holy men and hawkers both present
R01416,2017,crowded,pray,contrast,"Despite the crowd, the reviewer likes to pray"
R02297,2019,family lay a father to rest,burning him,description,describes the cremation process
R02297,2019,very emotional,sense of mortality,causal,emotional reaction linked to realization of mortality
R00038,2011,official guide,cremations,co_occurrence,guides can explain cremations
R00038,2011,cremations,funerals,description,cremations are part of funerals
R00038,2011,fake Sadhu's,funerals,contrast,fake Sadhu's contrast with sacred funerals
R02286,2019,river,cremation site,co_occurrence,Temple is beside the river and is a cremation site
R02286,2019,cremation site,ashes,causal,Ashes are thrown into the river as part of cremation
R02286,2019,non-Hindu entry ban,entrance fee,contrast,Non-Hindus cannot enter but can pay entrance fee
R01290,2016,remnants of the earthquake,leaning bricks and shaky structure,co_occurrence,both related to earthquake damage
R01290,2016,tour guide,historical significance,causal,guide explained historical significance
R00120,2012,wedding,bodies being burnt,co_occurrence,wedding and cremation happening simultaneously
R00120,2012,filthy river,sadhus,description,sadhus near the river
R00120,2012,moving,surreal place,causal,moving experience contributes to surreal feeling
R01147,2016,historical places,peace,co_occurrence,historical places associated with peace
R01147,2016,peace,spiritual exercise,co_occurrence,peace associated with spiritual exercise
R01147,2016,spiritual exercise,pleasure of everything combined,description,spiritual exercise described as pleasure of everything combined
R00578,2014,dead bodies,ashes being immersed,causal,ashes immersed after bodies burnt
R00578,2014,architecture,Ghosala,description,detailed architecture of temple with Ghosala
R01206,2016,rudra abhishek,ancient temple,co_occurrence,rituals performed at the temple
R01206,2016,rudraksh,shops outside the temple,co_occurrence,rudraksh available in shops
R01478,2017,cremation process,cremation platforms,description,cremation process involves cremation platforms
R01478,2017,holy men,public display,co_occurrence,holy men present during public display
R01478,2017,fascinated,cremation process,causal,fascination caused by cremation process
R00603,2014,temple security,darshan,description,security handles the darshan
R00256,2013,sun setting behind skeletal like trees,cremation fires,co_occurrence,Both observed during the visit
R00256,2013,cremation fires,people saying their final goodbyes,co_occurrence,Both part of the cremation ceremony
R00256,2013,people saying their final goodbyes,moving but also a very life affirming experience,causal,The ritual evoked dual emotions
R00807,2015,beauty of it,positive energy,causal,beauty of the temple causes positive energy
R00807,2015,view from other side of river,beauty of it,contrast,view from river is better than temple beauty
R02195,2019,Cremation Ground,perspective to life and death,causal,Cremation Ground gives perspective to life and death
R01288,2016,cremations,monkeys,co_occurrence,Both are expected at the site
R01288,2016,cremations,a lot of people,co_occurrence,Both are expected at the site
R01288,2016,local guide,cremations,description,Guide provides information about the place
R01911,2018,crowded,maintainence,co_occurrence,Both issues mentioned together
R01911,2018,road drive,pit holes,description,Road condition described
R00316,2013,only Hindus allowed,blessings,causal,Hindus allowed for blessings
R00316,2013,area around,great architecture,co_occurrence,area and architecture mentioned together
R02459,2024,evening,daytime,contrast,different crowd levels
R02459,2024,queue,guards,co_occurrence,both related to crowd management
R02459,2024,large premise,evening,description,large premise allows soaking in energy
R00512,2014,monkeys,chanas,co_occurrence,monkeys took the chanas
R00512,2014,temple,visit,causal,great temple led to enjoyment
R01136,2016,nice areas,medation surrounding peace,co_occurrence,nice areas and peace mentioned together
R01136,2016,medation surrounding peace,problem removel plazce,co_occurrence,peace and problem removal mentioned together
R01136,2016,monks,touristic invironment,co_occurrence,monks and touristic environment mentioned together
R00617,2014,cremation,complex of temples,co_occurrence,cremation occurs within the temple complex
R00617,2014,places to visit,sit and observe,contrast,visiting places versus sitting and observing
R02490,2025,historical and religious value,spiritual side,causal,historical and religious value caused spiritual connection
R02490,2025,Hindu culture and tradition,great and beautiful,description,Hindu culture and tradition described as great and beautiful
R02486,2025,temple architecture,overcrowded,contrast,nice architecture contrasted with overcrowding
R02486,2025,overcrowded,smell of wood burn,co_occurrence,overcrowding and smell occur together
R00229,2012,architecture,non-Hindu entry ban,contrast,unique architecture vs. restricted access
R00229,2012,priests,Monday,co_occurrence,priests and sacred day both related to rituals
R00229,2012,devotees,non-Hindu entry ban,contrast,devotees allowed vs. non-Hindu entry ban
R00229,2012,lockers,non-Hindu entry ban,contrast,lockers provided vs. restricted items
R00380,2013,cremate the departed,peaceful,co_occurrence,cremation and peace coexist
R00380,2013,prayers,Hindus and Buddhists,description,prayers are performed by Hindus and Buddhists
R01974,2018,very old temple,Hindu community,description,The temple is revered by the Hindu community
R01974,2018,very old temple,crowded place,contrast,The temple is old and revered but also crowded
R00224,2012,car,walking around without slippers,causal,car parked at a distance made walking arduous
R00476,2014,cremations,sense of mortality,causal,cremations evoked a sense of mortality
R00476,2014,Sadhus,burning ghats,co_occurrence,Sadhus are located near the burning ghats
R00476,2014,non-Hindu entry ban,burning ghats,contrast,non-Hindus can only view the temple from outside
R01259,2016,Jyothilingas,religious minded,description,Jyothilingas are sacred to the religious minded
R01259,2016,monkeys,cleanliness,contrast,monkeys are present but cleanliness is lacking
R01957,2018,monkeys,prasad,causal,monkeys might take prasad
R01957,2018,cremation grounds,temple aarti,contrast,cremation grounds put off vs. aarti pleasing
R01378,2017,1000 rupee fee,main temple,co_occurrence,fee is associated with the main temple
R01378,2017,1000 rupee fee,vast majority of the complex,contrast,fee not needed to see most of the complex
R02399,2020,idol of lord shiva,blessed and blissful,causal,idol of lord shiva causes feeling of being blessed and blissful
R02399,2020,huge statue of Nandi,blessed and blissful,causal,huge statue of Nandi causes feeling of being blessed and blissful
R00645,2014,river,cremation ceremony,co_occurrence,River is where the cremation takes place
R00645,2014,Shiva temple,non-Hindu entry ban,contrast,Magnificent temple but restricted access
R00031,2011,cremation ceremony,funeral pyres,co_occurrence,cremation ceremony occurs at funeral pyres
R00031,2011,ashes,ashes blown in all directions,causal,ashes cause a problem when blown by wind
R00031,2011,non-Hindu entry ban,entrance fee,contrast,entry restriction contrasted with fee for access
R00031,2011,sense of mortality,fascinating cultural insight,co_occurrence,sense of mortality linked to cultural insight
R00586,2014,devotees,Pashupati area,co_occurrence,Devotees visit Pashupati area
R00586,2014,Ekadasi,Pashupati area,co_occurrence,Ekadasi celebrated at Pashupati area
R00586,2014,Mahashivratri,Pashupati area,co_occurrence,Mahashivratri celebrated at Pashupati area
R00586,2014,Teej,Pashupati area,co_occurrence,Teej celebrated at Pashupati area
R00544,2014,tributary of the Ganges,bodies burning,co_occurrence,cremations occur by the river
R00544,2014,bodies burning,stunning hilltop view,contrast,contrast between cremation and scenic view
R00361,2013,cremations,people working out up above,co_occurrence,Cremations and people working are observed together
R00361,2013,cremations,blew me away,causal,Cremations caused the feeling of being blown away
R00361,2013,Sadhus,blew me away,causal,Sadhus contributed to the feeling of being blown away
R02026,2018,intimate rituals,pleasantly surprised,causal,rituals caused pleasant surprise
R02026,2018,guide,Hindu,contrast,guide recommended unless Hindu
R00288,2013,cremation ground,cremation ground,description,cremation ground is disturbing
R00288,2013,cremation ground,outer boundary of temple,co_occurrence,cremation ground near outer boundary
R02400,2021,life ends,sorrowful,co_occurrence,Life ends and sorrowful are mentioned together
R01916,2018,different types of pujas,peace,co_occurrence,pujas contribute to spiritual emotions
R00152,2012,lots of people worshiping Lord Shiva,feel so religious,causal,worshiping contributes to feeling religious
R00152,2012,not allowed to get inside the main temple,respect the norms and values,contrast,not allowed inside but respects norms
R00152,2012,feel so religious,get blessing,causal,feeling religious leads to receiving blessing
R01627,2017,ghats,cremation ceremony,co_occurrence,ghats are where cremation occurs
R01627,2017,hermitages of 'holy men',tourist cash,contrast,holy men interested in money
R01627,2017,modern 'holy' man's hermitage,caged wild monkey,description,hermitage with caged monkey
R01627,2017,caged wild monkey,very sad and most unholy,causal,caged monkey causes sadness and unholiness
R00325,2013,temples,river,co_occurrence,temples and river mentioned together
R01450,2017,eastern architecture,Shiva-ling,description,Shiva-ling is part of the eastern architecture
R01450,2017,river,extremely polluted still water pond,causal,river has become polluted
R01450,2017,extremely polluted still water pond,corpses are burnt,co_occurrence,polluted river is near where corpses are burnt
R02203,2019,dead bodies,river,co_occurrence,dead bodies are located by the river
R02203,2019,contamination,biologica,causal,contamination caused by discarding biologica
R01855,2018,burn bodies,calming,contrast,apprehension about burning bodies contrasted with calming experience
R01855,2018,burn bodies,peaceful,contrast,apprehension about burning bodies contrasted with peaceful experience
R01855,2018,burn bodies,spiritual place,contrast,apprehension about burning bodies contrasted with spiritual place
R01724,2017,prayers,Hindu culture,co_occurrence,prayers are part of Hindu culture
R01724,2017,God Shiva,temple,description,God Shiva associated with the temple
R01695,2017,cremation ceremony,holy river,causal,ashes washed down the river after cremation
R01695,2017,final rituals,moving,causal,final rituals are moving
R01232,2016,cremation,local culture,description,cremation is part of local culture
R01118,2016,guide,open air cremations,causal,guide explained the cremations
R01118,2016,open air cremations,emotional visit,causal,cremations led to emotional visit
R01118,2016,open air cremations,ceremonies the families were conducting,description,cremations are part of ceremonies
R01676,2017,old place of Hindu worship,cleaner,description,expectation of cleanliness
R01676,2017,old place of Hindu worship,tidy,description,expectation of tidiness
R01676,2017,smells,old place of Hindu worship,contrast,negative aspect of the visit
R01978,2018,cremation ground,bodies being cremated,co_occurrence,cremation ground where bodies are cremated
R01978,2018,bodies being cremated,eerie yet spiritual,description,cremation described as eerie yet spiritual
R01978,2018,nominally charged,ancient temple,contrast,different charges for locals and others
R00383,2013,Shiva temple,history,description,Shiva temple is described as having a history
R00383,2013,every Hindu,aarti,co_occurrence,Aarti is recommended for every Hindu
R02341,2019,Pagoda style architecture,gold and silver plating,description,architecture includes gold and silver plating
R02341,2019,darshan,crowd,contrast,hassle free darshan despite crowd issues
R02341,2019,photography prohibition,holiest shrines,description,cultural rule in sacred space
R02301,2019,cremation ceremony,small river,co_occurrence,Cremation happens near the river
R02301,2019,entrance fee for foreigners,guides,contrast,Fee contrasts with unsolicited guides
R02301,2019,guides,selling stuff,co_occurrence,Guides and sellers are both present
R01256,2016,religious fervour,divine experience,causal,religious fervour leads to divine experience
R00441,2013,lord shiva looking same on four sides,stray animals,contrast,positive view of sculpture contrasted with negative experience with animals
R00441,2013,stray animals,dog bite,causal,stray animals caused the dog bite incident
R02326,2019,entrance fee,tour guide,contrast,"entrance fee was worth it, tour guide declined"
R02326,2019,ceremony,sense of privilege,causal,watching the ceremony caused a sense of privilege
R02326,2019,ignorant tourists,respectful distance,contrast,ignorant tourists contrasted with need for respectful distance
R00233,2012,pagoda like style,small temples,co_occurrence,Both are architectural features
R00233,2012,statues of the deities,Shiva Lingam,co_occurrence,Both are sacred objects
R00233,2012,crowded,littered,co_occurrence,Both are problems with the temple premises
R01806,2018,crematory ghats,moving experience,causal,crematory ghats cause a moving experience
R01806,2018,field of temples,moving experience,co_occurrence,field of temples co-occurs with moving experience
R01806,2018,sacred river,moving experience,co_occurrence,sacred river co-occurs with moving experience
R02223,2019,sculpture and architecture,long queue,contrast,positive architecture vs. negative queue
R02223,2019,long queue,no photographs allowed,co_occurrence,queue and photo restriction mentioned together
R00868,2015,final goodbye,cultural difference,contrast,ritual contrasts with Western practices
R00868,2015,stone carvings,marvelous,description,stone carvings described as marvelous
R00302,2013,Bagmati river,cremation,co_occurrence,cremation occurs alongside the river
R00302,2013,cremation,air pollution,causal,cremation increases air pollution
R00302,2013,pandas,4 gates for Darshan,contrast,no snatching of money contrasts with organized darshan process
R01414,2017,Nandi idol,infrastructure,contrast,Nandi idol is impressive but infrastructure is poor
R00089,2012,magnificant temples,Lord Shiva,description,temple dedicated to Lord Shiva
R00109,2012,holy body of water,non-Hindu entry ban,contrast,sacred space accessible despite entry ban
R00109,2012,sunset,lots of activity,co_occurrence,activity observed during sunset
R01395,2017,historic temple site,awe,description,temple site is awe inspiring
R01395,2017,many temples,cremation ceremonies,co_occurrence,temples and cremation ceremonies both mentioned
R02070,2018,holy place,Hindus from Nepal and India,co_occurrence,The holy place is significant for Hindus from Nepal and India.
R02070,2018,Burning of the dead bodies,public,description,The burning ritual happens in public.
R02424,2022,last prayer,cremation,causal,last prayer occurs before cremation
R02424,2022,family & relatives,last prayer,description,family & relatives perform the last prayer
R01270,2016,cremations,river,co_occurrence,cremations take place near the river
R01270,2016,Sadus,temple grounds,co_occurrence,Sadus are present around the temple grounds
R01270,2016,foreigners charged 1000r,main temple,contrast,foreigners charged but main temple is for Hindus only
R01270,2016,"cleaner, more organized version of India's Varanasi",temple grounds,contrast,temple grounds compared to Varanasi
R02239,2019,renovation,river side,co_occurrence,Renovation and view from river side mentioned together
R02239,2019,Non-Hindus are not allowed,river side,contrast,Non-Hindus restriction contrasted with view from river side
R02239,2019,cremation,river side,description,Cremation described as taking place at river side
R02239,2019,aarti,river side,description,Aarti described as taking place at river side
R02353,2020,earthquake in 2015,forest invading the buildings,contrast,"despite damage, the area is fascinating"
R02353,2020,Shiva Temple,Hindu entry restriction,description,Shiva Temple has entry restrictions
R01597,2017,Nepal people,architect,causal,Nepal people's kindness contributes to the environment
R01597,2017,sadhus,evening ceremonies,co_occurrence,Sadhus and evening ceremonies both mentioned as part of the experience
R02469,2024,heaven on earth,people being burnt after death,contrast,spiritual emotion contrasted with cremation ceremony
R02469,2024,people being burnt after death,amazing,contrast,cremation ceremony contrasted with positive sentiment
R01272,2016,magic pawer,gad shiva,causal,magic power attributed to god Shiva
R01723,2017,many temples,Bagmati River,co_occurrence,temples are near the Bagmati River
R01723,2017,Bagmati River,death body in firing,co_occurrence,cremation occurs near the Bagmati River
R02205,2019,human bodies consumed on pyres,polluted Bagmati River,co_occurrence,pyres are located beside the polluted river
R02205,2019,posing sadhus,Hindu priests,co_occurrence,sadhus and priests are present together
R02205,2019,main temple,non-Hindu entry ban,description,main temple has entry restrictions for non-Hindus
R02205,2019,toilets are very scarce,shoe deposit area,contrast,scarce toilets contrasted with shoe deposit area
R00734,2014,Hindu funeral,burning the dead body,description,funeral involves burning the dead body
R00734,2014,people crying,reflect about life and death,contrast,crying contrasts with reflection
R01502,2017,main part,non-Hindu entry ban,causal,"main part is sacred, hence entry restriction"
R01502,2017,ghats by the river,cremations,co_occurrence,cremations take place at the ghats
R01502,2017,Boudhanath Stupa,little temples,co_occurrence,both are nearby attractions
R00412,2013,sunset,strange and mystical experience,co_occurrence,sunset contributed to the mystical experience
R00412,2013,puja,strange and mystical experience,co_occurrence,puja contributed to the mystical experience
R00412,2013,dead was burning,strange and mystical experience,co_occurrence,burning dead contributed to the mystical experience
R02342,2019,River Bagmati,Aarati,co_occurrence,Aarati takes place at the banks of River Bagmati
R02342,2019,Lord Pashupatinath,ABHISHEK,co_occurrence,ABHISHEK ritual involves Lord Pashupatinath
R02342,2019,Maha Aarari,sense of awe,causal,Maha Aarari creates a sense of awe
R01035,2016,Dil B Lama Tamang,Ace the Himalaya,co_occurrence,Guide provided by Ace the Himalaya
R01035,2016,cremation ceremonies,sense of appreciation,causal,Cremation ceremonies led to appreciation
R01035,2016,pilgrimage,cremation ceremonies,co_occurrence,Pilgrimage and cremation ceremonies happening together
R01661,2017,goat sacrifices,blood,causal,blood is a result of goat sacrifices
R00158,2012,biggest Hindu temple,blocked off exclusively for Hindus,contrast,biggest temple but restricted access
R00158,2012,blocked off exclusively for Hindus,inaccessible to the general public,causal,restriction causes inaccessibility
R00524,2014,funerals and traditions,authentic experience,description,funerals and traditions contribute to the authentic experience
R01830,2018,many temples,hordes of Hindus,co_occurrence,temples attract Hindus
R01830,2018,narrow and dirty,only Hindus are allowed inside,contrast,dirty road contrasts with cultural rule
R01830,2018,only Hindus are allowed inside,photography is strictly prohibited,co_occurrence,both are access restrictions
R01582,2017,courtyard of the Temple,Non-Hindus are not allowed,description,Access restriction for non-Hindus
R01582,2017,Maha Shivaratri,devotees,co_occurrence,Devotees visit during festival
R01582,2017,evening Aarati,Bagmati River,description,Location of the ritual
R01582,2017,darshan of Pashupatinath,devotees,causal,Devotees seek blessings through darshan
R01332,2016,cremation of deadbodies,Sadhus,co_occurrence,Both cremation and Sadhus are mentioned as attractions
R02087,2018,Abhishek,four doors,description,Abhishek is performed outside the temple
R02087,2018,Lingayat,fifth face,description,Lingayat's fifth face is on the top
R01896,2018,ceremonies,shocking and interesting,description,ceremonies described as shocking and interesting
R01896,2018,ceremonies,farewell to our dearest,description,ceremonies as a way to say farewell
R01896,2018,farewell to our dearest,completely different way,description,farewell described as a completely different way
R01604,2017,Sadhu,picture with Sadhu,causal,Sadhu agrees to picture for money
R01604,2017,picture with Sadhu,exchange for some money,causal,Picture requires payment
R01031,2016,hindu holy temple,beauties of the temple,description,temple is described as beautiful
R01031,2016,hindu holy temple,way of the Hindu religion,description,temple is associated with Hindu rituals
R01031,2016,feel so lucky,hindu holy temple,causal,feeling lucky is caused by visiting the temple
R01933,2018,non Hindu entry ban,ceremonial cremation ghats,contrast,entry ban contrasted with viewing ghats
R01933,2018,ghats,entrance fee,causal,ghats justify entrance fee
R02232,2019,cremation,ash from the cremation,causal,cremation results in ash
R02232,2019,ash from the cremation,adjacent river,causal,ash contributes to river pollution
R02232,2019,polluted,adjacent river,description,river is described as polluted
R01501,2017,$10 entry fee,tourist trap,causal,entry fee contributes to tourist trap perception
R01501,2017,guide,cremation,co_occurrence,guide shows cremation
R01501,2017,non-Hindu entry ban,tourist trap,contrast,entry restriction contrasts with tourist trap
R00878,2015,main Shiva temple,Shivling,description,Shivling is located in the main Shiva temple
R00878,2015,massive earthquake,temple structure,contrast,temple structure stood still despite the earthquake
R00878,2015,tourism hit,massive earthquake,causal,tourism hit due to the earthquake
R01312,2016,fantastic place,beautiful and scary,description,The place is described as both beautiful and scary
R00197,2012,cremations,guide,description,Guide explained the cremation rituals
R00197,2012,Non-Hindu entry ban,religious artifacts,contrast,Non-Hindu entry ban contrasts with access to artifacts
R00069,2012,History and tradition,death,co_occurrence,History and tradition co-occur with embracing death
R00069,2012,death,profound gift,causal,Embracing death leads to a profound gift
R00069,2012,profound gift,life,description,Profound gift described as part of life
R00717,2014,non-Hindu entry ban,1000 rupees entry fee,contrast,entry restrictions and fee
R00717,2014,cremation of the dead body,not as clean,contrast,ritual vs cleanliness
R00280,2013,heavy feeling,holiest Hindu places,contrast,heavy feeling contrasts with holiness
R00280,2013,open cremation process,deceased not fully covered,description,cremation process includes uncovered deceased
R00405,2013,Sadhus,Holiest Hindu Temple,co_occurrence,Sadhus and temple mentioned together
R00405,2013,Cremation,crematoria place,description,Cremation occurs at the crematoria place
R00405,2013,elderly house,crematoria place,description,Elderly house is located near the crematoria place
R02435,2023,Bagmati River,main temple,co_occurrence,The main temple is located near the Bagmati River
R02435,2023,main temple,518 mini temples,description,The main temple is accompanied by 518 mini temples
R01718,2017,stairs,non-Hindu entry ban,contrast,stairs lead to entrance with access restriction
R01718,2017,holy men,flowers,co_occurrence,holy men put flowers on visitors
R01718,2017,pushy sales people,holy men,co_occurrence,sales people and holy men both approached visitors
R01732,2017,River Bagmati,god Shiva,description,River Bagmati is described as holy in relation to god Shiva's temple
R02306,2019,non-Hindu entry ban,Bagmati River,causal,entry restriction leads to observing rituals from outside
R02306,2019,funeral pyre,grief and mourning,co_occurrence,cremation observed during family mourning
R02306,2019,funeral pyre,sense of mortality,causal,cremation ritual evokes sense of mortality
R01673,2017,filthy and chaotic,free toilet,description,toilet described as filthy
R01673,2017,Buddhist temples,Hindu temples,contrast,"Buddhist temples well maintained, Hindu temples not"
R01673,2017,historical value,culture shock,contrast,historical value contrasted with culture shock
R01476,2017,cremation ceremony,death of a loved one,co_occurrence,Cremation ceremony involves the death of a loved one
R01476,2017,buddhist who beg for money,great culture of the country,contrast,Begging contrasts with the great culture
R01155,2016,non-Hindu entry ban,peaceful feeling,contrast,entry restriction contrasts with peaceful experience
R01925,2018,congested,approach road,co_occurrence,Both issues mentioned together
R01925,2018,helpful,wheel chair,causal,Helpfulness related to wheelchair assistance
R00825,2015,main temple,non-Hindu entry ban,description,entry restriction for non-Hindus
R00825,2015,big cow structure,holy river,co_occurrence,both are notable features in the temple compound
R00825,2015,Durga puja,main temple,co_occurrence,visit during festival time
R00366,2013,improved system,clean,description,system is described as clean
R00366,2013,improved system,systematic,description,system is described as systematic
R00271,2013,Hindu/Neplaese culture,walk up the hill,co_occurrence,part of the cultural experience
R00271,2013,unofficial guide,great views,causal,guides help find great views
R01023,2016,burning of the dead people,morbid part,description,cremation ceremony described as morbid
R01023,2016,incredibly beautiful,too much to see and understand,contrast,beauty contrasted with complexity
R01281,2016,Bagmati River,golden roof,co_occurrence,golden roof view from Bagmati River
R01281,2016,Siva's power,golden roof,causal,Siva's power felt due to view
R01281,2016,main priest,security,description,security described as kind
R02251,2019,guide,sadhoes,co_occurrence,Guide helps in meeting sadhoes
R02251,2019,hindu funerals,burning their deaths,description,Funerals described as impressive and beautiful
R02251,2019,tantra temple,elderly home,co_occurrence,Both are places to visit
R00252,2013,special pooja,ancient tradition and history,co_occurrence,special pooja is part of ancient tradition
R00252,2013,temple priests,humble,description,priests described as humble
R00252,2013,Shivarathri,special pooja,contrast,Shivarathri is a different event from the special pooja
R01769,2017,crowded,Saturday holiday,contrast,Crowdedness contrasted with holiday timing
R01769,2017,people offering to take you inside,beating the queue for a fee,causal,Service offered causes a problem
R01116,2016,priests,puja,co_occurrence,priests trying to get you to do a puja
R00695,2014,cremations,families paying their respects,co_occurrence,cremations and families paying respects happening together
R00695,2014,sadhus,tourist stalls,contrast,sadhus contrasted with tourist stalls
R00695,2014,knowledgeable guide,cremations,causal,guide needed to understand cremations
R00411,2013,cremation,Bagmati River,co_occurrence,cremation happens at the river edge
R00411,2013,mourners,cremation,co_occurrence,mourners present at cremation
R00411,2013,military cremation,flowers,description,body covered in flowers during military cremation
R00411,2013,military cremation,gun salute,co_occurrence,gun salute part of military cremation
R00363,2013,Hindus Only,free of charge,contrast,cultural rule with exception for locals
R00027,2026,aarti,river,co_occurrence,aarti ceremony takes place by the river
R00027,2026,authentic atmosphere,aarti,description,aarti contributes to the authentic atmosphere
R00027,2026,temples and viewpoints,river,description,temples and viewpoints offer perspective of the river
R01738,2017,cremation ceremony,Bagmati River,causal,ashes from cremation are pushed into the river
R01738,2017,guides,entry tickets,causal,guides help with entry tickets
R01738,2017,Sikhs,monkeys,contrast,"Sikhs hassle for money, unlike animals"
R01738,2017,sacred location,non-Hindu entry ban,description,sacred location with cultural rules
R00714,2014,intricately carved,beautiful,co_occurrence,Both describe the temple's appearance
R00714,2014,only Hindus are allowed,temple grounds,contrast,Different access rules for Hindus and other tourists
R01503,2017,river Bagmati,religious hub,co_occurrence,river Bagmati is part of the religious hub
R01503,2017,Hindu,visit in his lifetime,causal,Hindu should visit due to spiritual significance
R00024,2026,Bagmati River,devotees,co_occurrence,devotees visit the river
R00024,2026,ancient shrines,pagoda architecture,co_occurrence,both are features of the temple complex
R00024,2026,pagoda architecture,spiritual atmosphere,description,architecture contributes to atmosphere
R01186,2016,outer area,earthquake,causal,outer area affected by earthquake
R01186,2016,inside,golden statue of Nandi,description,inside features the statue
R02442,2023,temple courtyard,cremation area,co_occurrence,both locations visited during the tour
R02442,2023,cremation ceremony,prime minister,co_occurrence,cremation ceremony attended by the prime minister
R02442,2023,guide,temple courtyard,description,guide provided information about the temple courtyard
R02442,2023,massive crowds,cremation ceremony,causal,crowds due to the cremation ceremony
R00535,2014,cultural education,Dil,description,Dil provided cultural education
R00535,2014,cremation ceremony,pollution,contrast,cremation ceremony contrasted with pollution
R01793,2018,Bagmati River,burning ghat,co_occurrence,Both are part of the temple's sacred geography
R01793,2018,golden statue of Nandi,wooden door,description,Both are described as visually significant
R01793,2018,parikrama,offerings,causal,Offerings are part of the parikrama ritual
R01793,2018,photography ban,less crowd,contrast,Less crowd contrasts with the strict photography ban
R01292,2016,earthquake,Hindu Temple,contrast,temple withstood the earthquake
R01292,2016,cremation services,family members of the deceased,co_occurrence,family members present at cremation
R01292,2016,Bagmati River,cremation services,description,cremation services near the river
R01292,2016,stupas,fascinating,causal,stupas contribute to fascination
R01642,2017,burning body,surrounding area,contrast,scary experience contrasted with excellent view
R01642,2017,burning body,view of temple,contrast,scary experience contrasted with excellent view
R01642,2017,non-Hindu entry ban,view of temple,contrast,entry ban contrasted with excellent view
R01419,2017,excellent guide,visit,causal,guide enhances the visit experience
R01419,2017,grieving families,major funeral site,co_occurrence,families are present at the funeral site
R01002,2016,weddings,cremations,co_occurrence,weddings and cremations occur in the same area
R01002,2016,big area,mixture of feelings,description,big area evokes mixed feelings
R00923,2015,car parking,handicap person,contrast,parking is near but access denied
R00923,2015,automatic wheelchair,darshan,causal,wheelchair enabled darshan
R00923,2015,fantastic architecture,no ramps,contrast,beautiful architecture but no ramps
R00923,2015,handicap person,pandit,contrast,access issue but pandit helps
R01867,2018,arts of dwelling,beautiful,description,arts of dwelling described as beautiful
R01867,2018,burning carcass,beautiful,contrast,burning carcass evokes dual emotions
R02418,2022,12 Jyotir Lingas,devotees,co_occurrence,devotees worship the Jyotir Lingas
R02418,2022,leave shoes outside,not to use mobile phone or camera,co_occurrence,cultural rules for entry
R02418,2022,spiritually elevating place,12 Jyotir Lingas,description,Jyotir Lingas contribute to spiritual elevation
R00074,2012,central precincts,non-Hindu entry ban,description,entry restriction for non-Hindus
R00074,2012,sadhus,smoke from cremations,contrast,sadhus waiting for tourists vs. smoke issue
R00020,2026,sense of peace,spiritual energy,co_occurrence,peace and spiritual energy felt together
R00020,2026,serene surroundings,devotion,causal,serene surroundings enhance devotion
R00036,2011,bodies being publicly cremated,uncomfortable but intriguing,description,cremation described as uncomfortable but intriguing
R00036,2011,holy men,monkeys,co_occurrence,holy men and monkeys mentioned together
R01428,2017,crowds,filth,co_occurrence,crowds and filth mentioned together
R01428,2017,life,divinity,co_occurrence,life and divinity mentioned together
R01428,2017,government,upkeep and maintenance,causal,government responsible for maintenance issues
R01428,2017,administrative board,upkeep and maintenance,causal,administrative board responsible for maintenance issues
R01026,2016,temple complex,cremation rituals,co_occurrence,cremation rituals occur within the temple complex
R01026,2016,cremation rituals,Bagmati river,co_occurrence,cremation rituals take place beside the Bagmati river
R01026,2016,sadhus,temple complex,co_occurrence,sadhus are present in the temple complex
R01026,2016,reverent cremation process,grief,co_occurrence,grief is part of the cremation process
R01026,2016,"admission in NPR1,000",ATM,co_occurrence,ATM is related to the admission process
R00646,2014,darshan of all four faces,history of the temple,description,understanding significance of the deity
R00646,2014,Mahmud of Ghazni,history of the temple,causal,historical attack on the temple
R00646,2014,silence in the temple,ambience,contrast,silence contrasted with bustling crowd
R01113,2016,entry fee,beggars,co_occurrence,Both mentioned as negative aspects of the visit
R01113,2016,water,rubbish,causal,Rubbish causes the water to be filthy
R02202,2019,rituals surrounding death,cremation process,co_occurrence,rituals and cremation process are part of the same experience
R02202,2019,unease,fascinating,contrast,unease contrasted with fascination
R02202,2019,non-Hindu entry ban,cremation process,causal,entry ban limits access to cremation process
R00726,2014,guide,awkward/insecure,causal,Guide helps avoid feeling awkward/insecure
R00726,2014,ghats,Evening Pooja,co_occurrence,Good view of Evening Pooja from ghats
R00592,2014,Hindu cremation rites,intrusion of commerce,contrast,solemnity contrasted with commerce
R00592,2014,1000 NR entrance fee,self-appointed guide,co_occurrence,both are issues related to access and guidance
R00592,2014,photo payment expectation,touts selling trinkets,co_occurrence,both involve financial transactions
R01545,2017,sadhus,followers of Hindu Deity Shiva,description,sadhus are followers of Shiva
R01545,2017,sadhus,premises,co_occurrence,sadhus are present in the premises
R01545,2017,sadhus,fascinating,description,sadhus are described as fascinating
R01964,2018,huge 'ox' statue,river banks,co_occurrence,both mentioned as positive aspects
R01964,2018,river banks,surrounding,description,surrounding describes the area around the river banks
R02122,2019,dirty,unclean environment,co_occurrence,both describe negative conditions of the temple
R00501,2014,voyeuristic,tragic,co_occurrence,voyeuristic and tragic are mentioned together
R00955,2015,dead bodies burnt,pilgrimage,contrast,cremation ceremony contrasts with worship activities
R00955,2015,1000 rupees,sense of Hindu books and history,contrast,high ticket price contrasts with spiritual reflection
R01666,2017,Bronze Bull (Nandi),main deity (Shiva),description,Bronze Bull (Nandi) facing the main deity (Shiva)
R02222,2019,oldest shiv temple,charged vibrations,description,temple creates charged vibrations
R02222,2019,meditated,bliss,causal,meditation led to feeling bliss
R01384,2017,non-Hindu entry ban,crematorium,contrast,entry ban contrasted with access to crematorium
R01384,2017,cremation process,moving,causal,cremation process caused moving feeling
R01384,2017,cremation process,grief of the mourners,co_occurrence,cremation process co-occurs with mourners' grief
R00606,2014,cremations,amazing cultural experience,co_occurrence,cremations contribute to cultural experience
R00606,2014,monkeys,holy men,co_occurrence,monkeys and holy men are both present
R02190,2019,lack of signage,ticket booth,causal,lack of signage leads to poorly advertised ticket booth
R02190,2019,river,fence,contrast,river is contrasted with being fenced off
R02190,2019,concrete steps,air quality,causal,concrete steps are difficult due to air quality
R01877,2018,older temples,cremations,co_occurrence,temples and cremations are both part of the site
R01877,2018,ritual,cremations,description,ritual is part of the cremations
R00633,2014,main temple,non-Hindu entry ban,description,entry restriction for non-Hindus
R00633,2014,guides,monkeys,contrast,guides and monkeys both pose challenges
R00633,2014,park on top,cremation site,contrast,"park is peaceful, cremation site is interesting"
R01601,2017,evening Aarti,Bagmati River,co_occurrence,Aarti performed by the river
R01601,2017,Shakti Peeth,Guhneshwari Devi,description,Guhneshwari Devi is a Shakti Peeth
R01601,2017,animals roaming,patron god of animals,causal,Animals are not sacrificed because of Pashupatinathji
R01708,2017,Shiva Linga,temple belonging to various Gods,co_occurrence,Shiva Linga is part of the temple complex
R01708,2017,only Hindus,dress decently,co_occurrence,Both are cultural rules for visitors
R00488,2014,Aarati,river Bagmati,description,Aarati is performed on the river Bagmati
R00488,2014,guided tour,Hindu crematorium,co_occurrence,guided tour included visit to crematorium
R01701,2017,Bagmati river,cremation,causal,cremation occurs on the banks of the holy river
R01701,2017,facade,non-Hindu entry ban,contrast,facade explanation due to entry restriction
R00470,2014,Hindu funeral and cremation,uncomfortable,causal,Public cremation causes discomfort
R00470,2014,entrance fee,1000 rupees,description,Entrance fee described as steep
R00470,2014,additional fee,only for Hindus,description,Additional fee applies only to Hindus
R02155,2019,cremation ceremony,disturbing,contrast,cremation is both disturbing and an adventure
R01884,2018,peaceful,monkeys,co_occurrence,peaceful feeling and monkeys mentioned together
R00002,2025,cremations of the dead,Bagmati River,co_occurrence,Cremations occur on the banks of the river
R00591,2014,natural beauty,Bagmati River,co_occurrence,natural beauty is located on the banks of Bagmati River
R00591,2014,devotees,Bagmati River,co_occurrence,devotees gather at the banks of Bagmati River
R00615,2014,four faces of Shiva,architecture,co_occurrence,Both are features of the temple
R00615,2014,evening aarti,Bagmati River,description,The aarti is performed at the Bagmati River
R00615,2014,monkeys,four faces of Shiva,contrast,Monkeys are a problem despite the beauty of the temple
R01579,2017,ghats,non-hindus are not allowed,contrast,sacred space access restriction
R01579,2017,tour guides,expensive,contrast,unnecessary service despite high cost
R01619,2017,small and medium size temples,four gates,co_occurrence,Both are features of the temple area
R01619,2017,char dham darshan,four gates,description,Four gates represent the four dhams
R01619,2017,UNESCO world heritage site,small and medium size temples,co_occurrence,Part of the heritage site
R00830,2015,only Hindus are allowed,main temple premises,description,Access restriction to main temple premises
R00830,2015,gates open only in the morning or after 5 pm,main temple premises,description,Timing restriction for access to main temple premises
R00341,2013,collection of temples,"stray dogs, monkeys and cows",co_occurrence,temples and animals coexist in the area
R00341,2013,cremation,fascination,causal,cremation ritual caused fascination
R01912,2018,large temple complex,crowded,description,temple complex is crowded
R01912,2018,evening Aarti,nice,description,evening Aarti is nice
R02180,2019,old architecture,Bagmati River,co_occurrence,architecture located near the river
R02180,2019,peace,devotion,co_occurrence,peace and devotion offered together
R00201,2012,non-Hindu entry ban,sense of understanding,causal,understanding the cultural rule
R00201,2012,beautiful complex,heavenly abode,description,describing the sacred space as beautiful
R00656,2014,Holy and Peaceful,sacred place,description,describes the sacred space
R00656,2014,Lord Shiva,Lord Vishnu,co_occurrence,both deities are mentioned together
R01353,2016,aarathi,colourful event,description,aarathi described as a colourful event
R00819,2015,Non-Hindus cannot enter,cremations,contrast,Non-Hindus cannot enter but can observe cremations
R00819,2015,cremations,respectful and peaceful,description,Cremations described as respectful and peaceful
R00396,2013,unusual feeling,well worth the visit,contrast,unusual feeling contrasted with worth the visit
R00396,2013,unusual feeling,more like India,description,unusual feeling described as more like India
R00942,2015,Lord Shivas temple,beautiful,description,The temple is described as beautiful
R00942,2015,No cameras allowed,Lord Shivas temple,cultural_rule,No cameras allowed in the temple
R00659,2014,self realization,sense of mortality,causal,realization linked to sense of mortality
R01441,2017,cremation ceremony,guilty,causal,cremation ceremony caused feeling of guilt
R01441,2017,beautiful pagodas,baba hindus,co_occurrence,pagodas and baba hindus are both present around the temple
R01702,2017,cremation,"singing, dancing and a celebratory feel",contrast,contrast between cremation and celebration
R01702,2017,cremation,moving,description,cremation described as moving
R01702,2017,crowd,"singing, dancing and a celebratory feel",co_occurrence,crowd involved in singing and dancing
R00407,2013,entrance fee,cremation,contrast,high entrance fee contrasted with interesting cremation
R00407,2013,people's beliefs,cremation,co_occurrence,people's beliefs observed alongside cremation
R00407,2013,snack shop,entrance fee,contrast,cheap snack shop contrasted with expensive entrance fee
R00881,2015,funeral pyres,river,co_occurrence,funeral pyres located by the river
R00881,2015,holy men,river,co_occurrence,holy men present at the river
R00668,2014,cremation process,shocking,co_occurrence,The cremation process is described as both shocking and interesting
R00462,2014,funeral,historical significance,co_occurrence,funeral and historical significance both mentioned as part of the temple experience
R00319,2013,stupas,ancient Hindu sexual relief artwork,co_occurrence,both are attractions to be seen
R00319,2013,cremation ceremonies,sense of discomfort,causal,cremation ceremonies caused sense of discomfort
R00319,2013,pickpockets,fake holy men,co_occurrence,both are problems to be aware of
R01915,2018,guide,ticket booth,co_occurrence,guides found around ticket booth
R01915,2018,body cremations,river bank,description,cremations occur along the river bank
R01342,2016,cremations,philosophical mood,causal,Cremations cause a philosophical mood
R01342,2016,cremations,grounds,co_occurrence,Cremations occur at the grounds
R02011,2018,Darshan,soothing effect,causal,Darshan causes soothing effect
R02011,2018,very old temple,neatly maintained,description,temple is neatly maintained
R01603,2017,nandi,8 mukhshivlinga,co_occurrence,Both are sacred objects mentioned together
R01603,2017,darshan,Peacefull,causal,Darshan leads to a feeling of peace
R01105,2016,architecture of the temple,most sacred Hindu temples,description,beautiful architecture contributes to sacred feeling
R02090,2018,Pooja,Darshan,co_occurrence,Pooja and Darshan mentioned together
R02090,2018,Lingayat,no one is allowed,description,Lingayat has a restriction
R00820,2015,cremations,extremely holy,description,cremations are part of the holy experience
R00820,2015,macarque monkeys,saadus,co_occurrence,monkeys and saadus are both observed at the site
R01294,2016,sadhu,ghat,co_occurrence,sadhus are sitting at the ghats
R01294,2016,monkeys,ghat,co_occurrence,monkeys are present near the ghats
R00214,2012,burn body,shock and surprise,causal,burn body caused shock and surprise
R01014,2016,pandas,rituals,causal,pandas asking for rituals
R01311,2016,beautiful brick work,earthquake,contrast,brick work is beautiful but damaged by earthquake
R00410,2013,promenade,incense,co_occurrence,promenade lined with stalls selling sacred objects
R00410,2013,cremations,Bagmati river,co_occurrence,cremations take place by the Bagmati river
R00410,2013,moving experience,cremations,causal,cremations caused a moving experience
R01386,2017,Siva temple,good management,description,management is part of the temple experience
R01386,2017,good management,clean,co_occurrence,management and cleanliness mentioned together
R02357,2020,lord Shiva,biggest Bandi statue,co_occurrence,Both are significant features of the temple
R02357,2020,river,different kind of prayers,causal,River sides are used for prayers
R00300,2013,sacred site,rituals to prayers,description,sacred site offers rituals
R00300,2013,heritage for the Hindus,glimpse of Hinduism,description,heritage provides glimpse of Hinduism
R00697,2014,arch door,Nepaly architecture,description,arch door depicts Nepaly architecture
R00697,2014,steps,sanctum sanctorum,description,steps lead to the sanctum sanctorum
R02334,2019,richly ornamented pagoda,sacred linga,description,pagoda houses the sacred linga
R02334,2019,non-Hindu entry ban,main complex,description,entry restriction to main complex
R00387,2013,cremation,river bank,co_occurrence,Cremation occurs near the river bank
R02227,2019,cremation,temple,co_occurrence,cremation occurs by the side of the temple
R02227,2019,holy place,temple,description,temple described as a holy place
R01655,2017,crematorium,newly built,description,crematorium is newly built
R01655,2017,crematorium,not very clean,description,crematorium is not very clean
R01655,2017,parking area,not very clean,contrast,parking area poorly maintained contrasts with cleanliness issue
R02231,2019,awesome nature,sight scenes,co_occurrence,Both are part of the natural beauty experienced
R02231,2019,Mt.Everest,Chandragiri Hills Cable car journey,description,Mt.Everest was seen during the cable car journey
R02229,2019,restricted area,Hindu tradition and culture,contrast,restricted access contrasts with cultural experience
R02229,2019,monkeys,garbage,co_occurrence,both are problems affecting the experience
R02229,2019,entrance fee,garbage,contrast,entrance fee contrasts with cleanliness issues
R01735,2017,cremation ceremony,sacred place,co_occurrence,Cremation ceremony takes place in the sacred space
R01735,2017,cremation ceremony,honor the dead,causal,Cremation ceremony is a way to honor the dead
R01735,2017,cremation ceremony,privilege,description,Cremation ceremony described as a privilege
R00784,2015,unique Hindu culture,Cremation ghat,co_occurrence,Cremation ghat is part of the unique Hindu culture
R00784,2015,Cremation ghat,different culture,description,Cremation ghat represents a different culture
R01120,2016,non-Hindu entry ban,cremation grounds,contrast,non-Hindu entry ban contrasts with cremation grounds being an attraction
R01120,2016,sadhus,sense of being out of place,causal,sadhus contribute to the sense of being out of place
R01120,2016,stream,sense of being out of place,description,stream contributes to the sense of being out of place
R01741,2017,burning bodies,price for foreigners,contrast,price not worth the experience of burning bodies
R01741,2017,fantastic view,Boudhanath Stupa,description,view includes Boudhanath Stupa
R02276,2019,energy of the place,arrangements for Darshan,co_occurrence,Both mentioned as positive aspects
R02276,2019,arrangements for Darshan,cleanliness,co_occurrence,Both related to facility services
R02276,2019,energy of the place,Evening Arti,co_occurrence,Both contribute to the overall experience
R02464,2024,beautiful temple,changed a lot,contrast,temple was beautiful but has changed
R02464,2024,beautiful temple,beautiful and clean,description,temple described as beautiful and clean in memory
R01576,2017,lord shiva,Hindus,co_occurrence,Hindus worship lord shiva
R01576,2017,low cost marriages,most revered,description,low cost marriages at revered temple
R00843,2015,shops outside the temple,umbrella,causal,shops provided umbrellas due to rain
R00843,2015,huge temple,facade,description,facade is part of the huge temple
R00843,2015,tourists,localites,contrast,tourists contrasted with localites
R01596,2017,exceptional carvings,only Hindus are allowed,contrast,cultural rule contrasts with scenic spot
R01596,2017,small Shiv Lingala,"offerings of sweets, fruits and flowers",co_occurrence,sacred objects and offerings are related
R01616,2017,Bagamati river,crematory,co_occurrence,crematory located on the bank of Bagamati river
R01616,2017,crematory,Hindus,description,Hindus are cremated at the crematory
R02024,2018,photo by mistake,local guides,causal,photo incident led to rude behavior
R02024,2018,local guides,security guards,co_occurrence,guides brought security guards
R02024,2018,security guards,intimidating and threatening,description,security guards were intimidating
R01355,2016,Shiva temple,hindu munks,co_occurrence,monks are present at the temple
R01235,2016,darshan,heavy crowd,causal,missed darshan due to crowd
R01235,2016,temple architecture,1008 lingas in a maze,description,architecture includes 1008 lingas
R01046,2016,Chardham yatra,lord Shiva,causal,visiting after Chardham yatra to please lord Shiva
R02224,2019,498 temples,main temple,description,main temple is part of the complex
R02224,2019,Bagmati river,cremation,causal,cremation takes place on the river banks
R02224,2019,monkeys,Sadhus or Babas,co_occurrence,both are commonly encountered at the site
R01401,2017,non-Hindu entry ban,access restriction,causal,restriction causes access problem
R01532,2017,cremation ceremony,Bagmati River,co_occurrence,cremation ceremony involves the river
R01532,2017,special temple,non-Hindu entry ban,description,entry restriction for special temple
R02131,2019,Darshan,great experience,causal,Darshan leads to a great experience
R00753,2015,guide,guide,co_occurrence,Guide was both knowledgeable and helpful
R01635,2017,magic,pure temple,description,magic describes the temple
R01635,2017,sacred,pure temple,description,sacred describes the temple
R01635,2017,wishes come true,pure temple,causal,temple causes wishes to come true
R02371,2020,Shivaratri festival,unique energy,causal,Shivaratri festival creates unique energy
R02371,2020,Hindus,Shivaratri festival,co_occurrence,Hindus participate in Shivaratri festival
R02385,2020,cremation ceremony,timber pyre,description,cremation involves placing on pyre
R02385,2020,cremation ceremony,moving experience,causal,cremation ceremony caused moving experience
R02385,2020,tributes,cremation ceremony,co_occurrence,tributes left during cremation
R01114,2016,renovation fee,cleaning services,contrast,renovation fee could be better used for cleaning services
R01114,2016,funeral ceremonies,cremations,co_occurrence,funeral ceremonies and cremations occur together
R01114,2016,funeral ceremonies,sense of mortality,causal,funeral ceremonies evoke a sense of mortality
R02129,2019,main temple,non Hindu entry ban,description,main temple access restricted by non Hindu entry ban
R02129,2019,holy river,people are burnt here,co_occurrence,holy river near cremation ritual
R00321,2013,work of art,archeological value,co_occurrence,art and archeological value mentioned together
R00321,2013,work of art,World Heritage site,description,describes the temple as a World Heritage site
R00321,2013,stories,work of art,causal,stories contribute to the site's appeal
R00612,2014,complex of temples,shrines,co_occurrence,temples and shrines mentioned together
R00612,2014,shrines,cremation ghats,co_occurrence,shrines and cremation ghats mentioned together
R00612,2014,complex of temples,beautiful architecture,description,architecture described as beautiful
R01714,2017,cremations,Bagmati river,causal,ashes from cremations are swept into the river
R01714,2017,cremations,guide,description,guide explained the cremations
R01714,2017,cremations,ancient and traditional rituals,description,cremations are part of ancient rituals
R00789,2015,cremations,ashes in the river,causal,ashes are thrown in the river after cremation
R00789,2015,cremations,guide,description,guide explained the cremation rituals
R00789,2015,cremations,wisemen,co_occurrence,wisemen were seen near the cremations
R00838,2015,guide,cremation ceremony,causal,guide explains the history
R00838,2015,guide,fertility temple,causal,guide explains the fertility temple
R00838,2015,guide,holy men traditions,causal,guide explains holy men traditions
R00838,2015,guide,elderly care,causal,guide explains elderly care
R00047,2011,architecture,heritage,co_occurrence,architecture and heritage are mentioned together
R00647,2014,guide,sense of finality,causal,Guide helps explain the sense of finality
R00647,2014,monkeys,guide,contrast,Monkeys are a distraction from guided experience
R00655,2014,Art Work,engraved in Silver,description,Art Work is engraved in Silver
R00655,2014,very Holy,energies were High,co_occurrence,Holy feeling and high energies experienced together
R02274,2019,Temple compound,basic amenities,description,Temple compound has basic amenities
R02274,2019,Step garden,specific place for Pigeons to feed,description,Step garden includes a place for pigeons
R02274,2019,1100.00NC receipt,worship Shiva from inside,causal,Receipt allows worship from inside
R00930,2015,Hindu temple,Siva temple,description,Hindu temple is a major Siva temple
R00930,2015,Hindu,others religion,contrast,must for Hindu but not compulsory for others
R01021,2016,non-Hindus cannot enter,main temple,description,entry restriction for non-Hindus
R01021,2016,monkeys,Nepali Hindu culture,co_occurrence,monkeys are part of the cultural experience
R00048,2011,archeological site,dirty and smelly,description,site described as dirty and smelly
R00048,2011,cremation,emotional and educational experience,description,cremation described as emotional and educational
R00975,2015,Chardwar (Four Door) darshan,Four faces,description,Chardwar darshan involves seeing all four faces
R00975,2015,divinely blessed,Chardwar (Four Door) darshan,causal,Feeling blessed due to Chardwar darshan
R02080,2018,entry fee,main temple,contrast,entry fee does not include main temple access
R02080,2018,main temple,Hindu only,causal,main temple access restricted to Hindus
R02080,2018,cremations on the river,weird watching,co_occurrence,cremations are both fascinating and uncomfortable
R00127,2012,clean,system is streamlined,co_occurrence,Cleanliness and streamlined system mentioned together
R00885,2015,non-Hindu entry ban,sense of being blessed,contrast,entry restriction contrasted with spiritual blessing
R00885,2015,no photography zones,aggression,causal,taking photos leads to aggression
R01744,2017,entrance fee of Rs. 1000,non-Hindu entry ban,contrast,fee charged despite entry ban for non-Hindus
R01744,2017,ticket checking,entrance fee of Rs. 1000,causal,poor ticket checking makes fee feel unfair
R01744,2017,burning scene,Bagmati River,co_occurrence,burning scene occurs at Bagmati River
R01744,2017,corpse burning,burning scene,description,corpse burning is part of the burning scene
R02269,2019,temples,jungle,co_occurrence,temples and jungle mentioned together
R02269,2019,jungle,river,co_occurrence,jungle and river mentioned together
R02269,2019,monkeys,many kind of birds,contrast,monkeys contrasted with birds
R01675,2017,largest Hindu temple,poor-managed,contrast,contrast between expectation and management
R01675,2017,poor-managed,smell,co_occurrence,poor management and smell occur together
R01675,2017,poor-managed,things spread here and there,co_occurrence,poor management and disorganization occur together
R01675,2017,cleaning,poor-managed,causal,better cleaning could improve management
R01685,2017,cremations,grounds,co_occurrence,cremations occur on the grounds
R01685,2017,locals,tourists,contrast,locals do not pay but tourists do
R01685,2017,guides,tourists,contrast,guides do not pay but tourists do
R01685,2017,non-Hindu entry ban,tourists,causal,non-Hindu entry ban affects tourists
R01078,2016,sacred cremation site,Bagmati River,co_occurrence,cremation site located on the river bank
R01078,2016,guide,entry costs 1000 rupees,contrast,guide cost issues contrasted with entry fee
R00847,2015,saying goodbye to loved ones,heartbreak of mothers and families,co_occurrence,ritual and emotional response occur together
R00847,2015,heartbreak of mothers and families,spectator at a sideshow,contrast,emotional response contrasted with feeling like a spectator
R00903,2015,relations with death,shock for European traveller,contrast,contrasting spiritual reflection with cultural shock
R01261,2016,non-Hindus not permitted,major temples of Shaivites,contrast,non-Hindus not permitted in primary shrine but no big loss
R01261,2016,cremations at the ghats,Bagmati River,co_occurrence,cremations occur at the ghats along the Bagmati
R01261,2016,Mrgisthali,unrestored mandirs,description,Mrgisthali has unrestored mandirs
R01261,2016,peaceful sunsets,major temples of Shaivites,co_occurrence,peaceful sunsets at major temples
R00402,2013,funerals,cremated by the side of the river,co_occurrence,Funerals and cremation occur together
R00402,2013,Sadhus,moving experience,description,Sadhus contribute to the moving experience
R01325,2016,beautiful buildings,life and death,contrast,beauty of buildings contrasts with life and death experience
R01325,2016,extraordinary,life and death,description,extraordinary feeling describes life and death experience
R00598,2014,cremation locations,Western traditions,contrast,cremation locations differ from Western traditions
R00598,2014,non-Hindu entry ban,guide,causal,non-Hindu entry ban suggests engaging a guide
R00525,2014,"incredible, unforgettable experience",amazing energy,co_occurrence,Both describe the emotional impact of the visit
R00525,2014,Sadhus,friends,co_occurrence,Both are people the reviewer wants to revisit
R00121,2012,Bagmati river,polluted,description,Bagmati river is polluted
R00121,2012,cremations,Bagmati river,co_occurrence,cremations occur by the river
R00121,2012,painted Hindu Holy Men,hustle for a lot of money,causal,Holy Men try to hustle for money
R01528,2009,sadhus,cremations,co_occurrence,sadhus and cremations occur together
R01528,2009,cremations,funerals,co_occurrence,cremations and funerals occur together
R01756,2017,point of convergence,biggest attractions,description,describes the temple's significance
R02245,2019,Bagmati river,cremation site,co_occurrence,cremation site is located near the Bagmati river
R02245,2019,sages,Mahashivratri,co_occurrence,sages are present during Mahashivratri celebrations
R02245,2019,road leading to the temple,no entry fee,contrast,negative road condition contrasted with free entry
R00572,2014,statue of Nandi,architecture,description,Nandi statue is part of the architecture
R00572,2014,crowds,cleanliness,contrast,crowds avoided but cleanliness is an issue
R02471,2024,Bagmati River,intricate carvings,co_occurrence,Both are part of the temple's serene environment
R02471,2024,rhythmic chanting of mantras,devotion and reverence,causal,Chanting contributes to the atmosphere of devotion
R02471,2024,pilgrims,inner peace,causal,Pilgrims seek inner peace
R01050,2016,Shivaratri,holy men,co_occurrence,festival attracts many holy men
R01050,2016,cremations,families carrying the bodies,description,cremations involve families carrying bodies
R01050,2016,entry fee for foreigners,guide,contrast,entry fee contrasted with guide recommendation
R01163,2016,sacro sanctum,stone Mukhalinga,description,The sacro sanctum contains the stone Mukhalinga
R01163,2016,stone Mukhalinga,silver yoni base,description,The Mukhalinga is bound with a silver yoni base
R01163,2016,rudraksha mala,stone Mukhalinga,description,The Mukhalinga has hands holding rudraksha mala
R01163,2016,abhishakam,main priests,causal,Abhishakam is performed by the main priests
R01249,2016,mountains,Himalayas,co_occurrence,mountains and Himalayas are related as scenic spots
R01249,2016,culture,spiritual awakening,contrast,culture and spiritual awakening are different motivations
R00691,2014,early in the morning,long queues,causal,Going early helps avoid queues
R01011,2016,main temple,funeral pyres,co_occurrence,part of the complex
R01011,2016,cremation ceremony,funeral pyres,causal,cremation happens on pyres
R01011,2016,Hindu guide,openness,description,guide explained openness
R01011,2016,touts,sense of intrusion,contrast,touts contrasted with spiritual experience
R02177,2019,2017 earthquake,scaffolding,causal,earthquake caused need for repairs
R02177,2019,ancient glory,buildings,description,intact buildings represent ancient glory
R02425,2022,cremations,river,co_occurrence,Cremations occur near the river
R01246,2016,pursuing Pandas,priests,description,Pandas are described as self proclaimed priests
R01816,2018,people being burnt,place of death,description,cremation ceremony described as part of sacred space
R01816,2018,beautiful architecture,interesting,contrast,beautiful architecture contrasted with interesting experience
R01719,2017,temple complex,local tour guide,co_occurrence,tour guide enhances understanding of the site
R01719,2017,cremation area,bodies are washed in the river,description,cremation area includes river washing ritual
R01719,2017,solemn and thoughtful place,cremation area,causal,cremation area contributes to solemn atmosphere
R01854,2018,working crematorium,funeral pyres,description,crematorium includes funeral pyres
R01854,2018,funeral pyres,resulting smoke,causal,funeral pyres cause smoke
R00557,2014,personnel,pushing people away,causal,personnel causing problem by pushing people
R00557,2014,personnel,badly managed,description,personnel described as badly managed
R02254,2019,old structure,sculptures,description,old structure includes sculptures
R02254,2019,idols,theology of Nepal,causal,idols evoke fascination related to theology
R00908,2015,Hindu,visitor,co_occurrence,Hindus and visitors are mentioned together
R00908,2015,Nepal,India,co_occurrence,Nepal and India are mentioned as origins of visitors
R02073,2018,1000 RPN entrance fee,Non-Hindu entry ban,contrast,Fee for foreigners vs. free for Hindus/Indians
R02073,2018,cremation ceremony,sense of mortality,causal,Cremation ceremony evokes emotional response
R02073,2018,Bagmati River,polluted with plastic bottles and garbage,description,River is described as polluted
R01600,2017,main shiva temple,hundreds of other hindu temples,co_occurrence,Both are part of the temple complex
R01600,2017,river,early medieval Buddha temple,description,Location of the Buddha temple
R01600,2017,cremation,Hindu vedic cultures,causal,Cremation is part of Hindu vedic cultures
R01057,2016,devotees,worshiping god,co_occurrence,devotees involved in worshiping god
R01057,2016,worshiping god,spiritually satisfied mind,causal,worshiping god leads to spiritual satisfaction
R01049,2016,Sudhas,money demand,causal,Sudhas asking for money
R01049,2016,cremation,Bagmati River,co_occurrence,cremation observed by the river
R00521,2014,complex,antique features,description,complex has antique features
R01469,2017,beggars,desperate Hindus,co_occurrence,Both beggars and desperate Hindus are following the reviewer
R01469,2017,touts,desperate Hindus,co_occurrence,Touts and desperate Hindus are both trying to get money
R01221,2016,ascetic(sadhus),positive energy,co_occurrence,sadhus contribute to the positive energy
R01221,2016,cremetary,burn the dead bodies,description,cremetary is where the ritual occurs
R00716,2014,cremation,Bagmati river,co_occurrence,cremation takes place along the river
R00716,2014,non-Hindu entry ban,cremation,contrast,entry ban limits access to cremation
R00716,2014,Hindu festival,cremation,co_occurrence,festival coincides with cremation
R01749,2017,ceremonies,cremating of the bodies,co_occurrence,ceremonies and cremations occur together
R01749,2017,bells and incense,ceremonies,description,bells and incense are part of the ceremony
R01749,2017,river,platforms for cremating,causal,bodies taken to river before cremation on platforms
R00962,2015,size of the place,throngs of people,contrast,size contrasted with crowd
R00962,2015,cremation ceremonies,respect given to the dead,description,ceremonies described with respect
R00542,2014,cremation ceremonies,sadhus,co_occurrence,Both mentioned as part of the visit
R00542,2014,Boudhanath,very nice experience,description,Boudhanath described as a favorite place
R01570,2017,puja,cremations,co_occurrence,puja and cremations happening simultaneously
R01570,2017,sacred temple,overwhelming,causal,sacred temple can be overwhelming
R01570,2017,monkeys,bull,co_occurrence,monkeys and bull both cause disturbances
R02472,2024,entry fee for foreigners,funeral ceremonies,contrast,entry fee contrasts with witnessing ceremonies
R02472,2024,funeral ceremonies,sense of mortality,causal,funeral ceremonies evoke sense of mortality
R02472,2024,monkeys,sense of mortality,contrast,monkeys contrast with solemn ceremonies
R01369,2016,place of cremation,mouroirs,co_occurrence,both are part of the cremation process
R01369,2016,installation of the woodcutters,Purification of bodies,co_occurrence,both are part of the cremation ritual
R01369,2016,Purification of bodies,moving moment,causal,Purification of bodies causes a moving moment
R02048,2018,non-Hindu entry ban,good view,contrast,"Despite entry ban, good view available"
R02048,2018,cremation,many people,co_occurrence,Cremation attracts many people
R02468,2024,live cremation,sad moment,co_occurrence,Cremation and sadness occurred together
R01446,2017,ancient architect,holistic and spiritual place,description,ancient architecture contributes to spiritual feeling
R01446,2017,Bagmati River,remove sins of soul,causal,Bagmati River believed to cleanse sins
R00640,2014,entry fee,guide,contrast,entry fee is steep but hiring a guide is suggested
R00640,2014,temples,cremation 'ghats',co_occurrence,temples and cremation ghats are both part of the complex
R00640,2014,cremation 'ghats',hindu sages,co_occurrence,cremation ghats and hindu sages are both part of the experience
R00281,2013,funerals,ashes into the river,causal,ashes are given into the river after funerals
R02363,2020,non hindu entry ban,history and tradition,contrast,cultural restriction contrasted with appreciation of history
R02363,2020,garbage,holy Area,contrast,garbage contrasted with holy area
R00482,2014,river-side cremations,the faithful,co_occurrence,cremations attended by the faithful
R00482,2014,celebrants and mourners,out of place,contrast,feeling out of place among celebrants and mourners
R00305,2013,inner temple,cremations,contrast,inner temple access vs. open cremations
R00305,2013,cremations,architecture,contrast,cremations vs. architecture worth seeing
R00213,2012,monkeys,more animals than human beings,co_occurrence,monkeys and other animals present
R00213,2012,evening,peaceful,causal,evening visit led to peaceful feeling
R02381,2020,cremation of bodies,Hindu devotees,co_occurrence,devotees visit during cremation
R02381,2020,non-Hindu entry ban,UNESCO World Heritage site,contrast,entry restriction despite heritage status
R00111,2012,cremation ceremony,grief,co_occurrence,grief observed during cremation ceremony
R00111,2012,Bagmati River,pretend-sadhus,contrast,contrast between sacredness and pollution
R00111,2012,pretend-sadhus,real sadhus,contrast,contrast between pretend and real sadhus
R01328,2016,non-Hindu entry ban,crematory ceremonies,contrast,entry ban contrasts with open view of ceremonies
R01328,2016,crematory ceremonies,mourne and grieve,description,ceremonies involve mourning and grieving
R01328,2016,mourne and grieve,sense of mortality,causal,mourning and grieving evoke a sense of mortality
R01802,2018,lots of visitors,locals,co_occurrence,visitors include locals
R01802,2018,lots of visitors,tourists,co_occurrence,visitors include tourists
R00765,2015,entrance fee,hindu ceremonies,contrast,no fee at night for ceremonies
R00765,2015,non hindus,main temple,description,access restriction for non hindus
R01336,2016,expressions of faith,crowds of fellow worshippers and tourists,contrast,faith shown despite the crowds
R01336,2016,expressions of faith,strength of conviction,causal,faith expressions show conviction
R01944,2018,clean,maintained,co_occurrence,clean and maintained are mentioned together
R00245,2013,pilgrims from India and abroad,serene atmosphere,co_occurrence,Pilgrims contribute to the serene atmosphere
R00245,2013,monkeys,basic toilets and wash rooms,contrast,"Monkeys are a problem, while toilets are a needed facility"
R00245,2013,drinking water facilities,police out posts,co_occurrence,Both are needed facilities
R00191,2012,aarti ceremony,Bagmati River,co_occurrence,aarti ceremony takes place on the banks of Bagmati River
R00191,2012,music with mantras,aarti ceremony,description,music with mantras is part of the aarti ceremony
R02142,2019,Bagmati River,pyres,co_occurrence,pyres are located along the river
R02142,2019,devotees,cremation ceremony,co_occurrence,devotees present during cremation
R02142,2019,cryanthenums,cremation ceremony,description,pyres decorated with crysanthenums
R02142,2019,cremation ceremony,humbled,causal,cremation ceremony caused feeling of humility
R02142,2019,cremation ceremony,stunned,causal,cremation ceremony caused feeling of being stunned
R01162,2016,crowd control,peaceful nature,contrast,over enthusiastic crowd control affects peaceful nature
R01162,2016,busy,peaceful nature,contrast,busy nature affects peaceful atmosphere
R00194,2012,cremation,moving,co_occurrence,Cremation was described as moving
R00194,2012,cremation,cool place,co_occurrence,Cremation was part of the cool place experience
R00478,2014,Sadhu,pray for you,causal,Sadhu's are waiting to pray for visitors
R00001,2025,biggest hindu temple,non-Hindu entry ban,contrast,biggest temple but non-Hindu entry ban
R00001,2025,cows and monkeys,place where they burn dead bodies,co_occurrence,cows and monkeys near cremation area
R00178,2012,500 rupee,confusing,causal,500 rupee payment caused confusion
R00178,2012,ghats,smell and the smoke,contrast,ghats worth visiting despite smell and smoke
R02366,2020,powerful temple,so many peoples,contrast,The temple's power is contrasted with the crowd issue
R00335,2013,worship,Hindu temple,description,worship occurs in the temple
R00335,2013,beautiful carvings,Hindu temple,description,carvings are part of the temple
R00335,2013,good and bad,Hindu temple,description,temple has both positive and negative aspects
R01326,2016,Ariya Ghat,cremation ceremony,co_occurrence,cremation happens at Ariya Ghat
R01326,2016,cremation ceremony,Bagmati River,description,cremation near Bagmati River
R02448,2023,cremation ceremony,ashes swept into the river,causal,cremation leads to ashes being swept into the river
R02448,2023,cremation ceremony,deep respect for the dead,description,cremation ceremony shows respect for the dead
R01606,2017,guides,ticket purchasing,co_occurrence,Guides are available upon ticket purchasing
R01606,2017,guides,history and traditions of the Nepali people,causal,Guides help in knowing more of the history and traditions
R00550,2014,non-Hindu entry ban,entry fee for foreigners,co_occurrence,Both relate to access issues
R00550,2014,deer park,no deers,contrast,Expectation of seeing deer not met
R01250,2016,dead bodies,amazing,contrast,amazing experience contrasted with fear of dead bodies
R01250,2016,breath musk,not sanity,causal,breath musk recommended due to lack of sanitation
R02126,2019,burning ghat,small pieces of wood,causal,wood is used for cremations at the ghat
R02126,2019,priests,burning ghat,co_occurrence,priests and ghat mentioned together
R02473,2024,devotees,closed from 2 pm to 5 pm,contrast,devotees may find closure inconvenient
R02473,2024,small river,must visit,co_occurrence,river adds to the appeal
R01180,2016,view of the temple,main shrine,description,view includes the main shrine
R01180,2016,sacred Nandi idol,main shrine,co_occurrence,Nandi idol faces the main shrine
R01180,2016,Darshan of Pashupatinathji,heavenly feeling,causal,Darshan leads to heavenly feeling
R01844,2018,entrance fee,Hindu place,contrast,entrance fee not justified as foreigners can't access Hindu place
R01844,2018,burn death body,architecture,co_occurrence,both architecture and ritual are mentioned as things to see
R00182,2012,family cremate their loved one,surreal,co_occurrence,cremation ceremony felt surreal
R00182,2012,guides,fake holy men,contrast,"guides are forceful, fake holy men are cheeky"
R00378,2013,cremations,fascinating,contrast,cremations are weird but fascinating
R00378,2013,entrance fee,fascinating,contrast,entrance fee issue contrasted with fascination
R00502,2014,cremations,worship,co_occurrence,cremations and worship occur together
R00502,2014,amazing atmosphere,cremations,description,amazing atmosphere includes cremations
R00502,2014,amazing atmosphere,worship,description,amazing atmosphere includes worship
R00228,2012,hospice building,Bagmati River,causal,hospice building near Bagmati River for spiritual reasons
R00748,2015,pushy sellers,temple area,contrast,sellers are kept out of the sacred space
R00748,2015,security check,place to keep our shoes,co_occurrence,both are well managed facilities
R00951,2015,ghats for cremation,Bagmati river,co_occurrence,ghats are located on the Bagmati river
R00951,2015,ceremonies,gratuities for photos,contrast,"ceremonies require respect, while gratuities are expected for photos"
R02439,2023,Shiva,Bhakths,co_occurrence,Shiva and his Bhakths are mentioned together
R02439,2023,photography,inner peace,contrast,prohibition of photography contrasts with feeling of peace
R00033,2011,Rishis and Shadhus,playful monkeys,co_occurrence,Rishis and Shadhus are present with playful monkeys
R00033,2011,River Bagmati,impure and unhealthy water,contrast,River Bagmati's current state is contrasted with its past purity
R00033,2011,cremation,River Bagmati,description,River Bagmati is associated with the cremation ritual
R02209,2019,public display of cremation,guide,contrast,enjoyed cremation but guide was inappropriate
R01792,2018,ancient temple,architecture,description,The temple is described by its architecture
R01792,2018,ancient temple,Nandy bronze statue,description,The temple is described by the Nandy bronze statue
R02033,2018,cremation,unpleasantly intimate and emotional,contrast,cremation is both intriguing and unpleasant
R02033,2018,religious gathering,cremation,co_occurrence,gathering occurs alongside cremation
R00262,2013,corpse,bad smell,causal,burning corpse causes bad smell
R00262,2013,corpse,suffocating,causal,burning corpse causes suffocation
R00262,2013,ashes in the canal,suffocating,causal,ashes in canal contribute to suffocation
R00137,2012,old structure,oldest temple of Lord Shiva,description,old structure describes the temple
R00137,2012,cremation ground,place of worship,co_occurrence,cremation ground is adjacent to the place of worship
R00785,2015,guide,main door,causal,guide informed about door timings
R00785,2015,abhishek,shiva linga,description,abhishek performed on shiva linga
R01587,2017,cremation ceremony,mourning family,co_occurrence,Cremation ceremony involves mourning family
R01587,2017,cremation ceremony,curiosity,contrast,Curiosity contrasted with mourning
R01587,2017,burning rituals,sacred rituals,description,Burning rituals described as sacred
R00742,2015,religious significance,dirty,contrast,Religious significance contrasted with poor maintenance
R00742,2015,crowd,darshan,contrast,Crowd contrasted with expectation of quiet darshan
R02441,2023,"life, death, and religion",deep respect,co_occurrence,Both emotions are felt by the reviewer
R02441,2023,deep respect,Nepalese traditions,description,Respect is directed towards Nepalese traditions
R02441,2023,special,"life, death, and religion",description,"Pashupatinath is described as special in the context of life, death, and religion"
R00776,2015,darshan,gates,causal,darshan possible because gates open
R01865,2018,Nepal New Year,holy men,co_occurrence,holy men present during Nepal New Year
R01865,2018,deer park,river,description,deer park leads down to the river
R00429,2013,art and architecture,ancient art,co_occurrence,Both refer to the artistic elements of the temple
R00965,2015,cremation,peaceful place,contrast,cremation is sad but the place is peaceful
R00965,2015,river,peaceful place,causal,river contributes to the peaceful atmosphere
R00282,2013,temple area,blessed,causal,Visiting the temple area leads to feeling blessed
R00625,2014,main Lord Shiva temple,huge queue,co_occurrence,queue is related to the main temple
R00625,2014,river,monkey,co_occurrence,monkey incident happened near the river
R00625,2014,statues,very old culture,description,statues reveal old culture
R01691,2017,non-Hindu entry ban,view from the riverside,contrast,non-Hindus can't enter main temple but can enjoy view
R01691,2017,small Shiva temples,lingam,description,Shiva temples house a lingam
R01906,2018,Bagmati River,cremation ceremony,co_occurrence,cremation ceremony takes place by the Bagmati River
R01906,2018,pagoda style,non-Hindu entry ban,contrast,beautiful architecture but restricted access
R01906,2018,Mukhalinga,rudraksha mala,description,Mukhalinga adorned with sacred objects
R00493,2014,death and grief,cremation,contrast,initial concern about rituals as entertainment
R00493,2014,ghats,cremation,description,ghats used for cremation
R00493,2014,grieving families,cremation,co_occurrence,grieving families present during cremation
R00493,2014,most sacred temple,Hindus only,description,access restricted to Hindus
R00558,2014,Pashupati ji,small temples,description,Pashupati ji is surrounded by small temples
R00558,2014,huge nandi bull,Pashupati ji,co_occurrence,Both are significant features of the temple
R00999,2016,entrance fee,cremation of bodies,contrast,initially not worth the fee but interesting ritual
R00999,2016,big stairs,temples up on the hill,description,stairs lead to temples
R00104,2012,cremation,animal sacrifice,co_occurrence,Both rituals can be observed at the site
R00104,2012,culturally rich,guide,causal,Guide enhances cultural understanding
R00436,2013,temple complex,forest,co_occurrence,temple complex and forest are seen together
R00436,2013,devotees,Holy man,co_occurrence,devotees and Holy man are present together
R00436,2013,cremation,sense of the impressive Hindus philosophy,causal,cremation leads to a sense of impressive Hindus philosophy
R00243,2013,peace,place,description,peace is associated with the place
R00243,2013,place,alone,description,place is suitable for being alone
R00278,2013,Hinduism,Hindu death rituals,co_occurrence,Both are suggested topics to read before visiting
R01951,2018,grand structure,lord siva,description,temple dedicated to lord siva
R01951,2018,marvelous temple,Divine places,description,temple described as divine
R02268,2019,funeral,cremation ceremony,causal,funeral leads to cremation
R02268,2019,cremation ceremony,Aaarati ceremony,contrast,cremation sadness contrasted with Aaarati uplifting
R02268,2019,heavy heart,spirits lifted,contrast,heavy heart contrasted with spirits lifted
R00485,2014,frauds,tour guide,contrast,frauds vs. tour guide
R00485,2014,Wednesday evening,pray,causal,right time allows to pray
R00485,2014,four faces of Pashupatinath,amazing,description,seeing faces was amazing
R00485,2014,Aadhi Shankara's shoes,Shiva lingas,co_occurrence,both sacred objects seen
R00687,2014,funeral service,moving,co_occurrence,funeral service was moving
R00687,2014,holy men,picture taken,causal,holy men offer picture service
R02240,2019,burning dead people,5000 rupiah,contrast,high cost for witnessing ritual
R02176,2019,2017 earthquake,scaffolding,causal,earthquake caused need for repairs
R02176,2019,scaffolding,cordoned off places,description,scaffolding indicates repair areas
R02176,2019,cordoned off places,imagination of glory,contrast,current state vs imagined glory
R01025,2016,inner peace,main complex,causal,inner peace felt upon entering main complex
R02321,2019,cremation ceremony,sense of disrespect,contrast,ritual felt disrespectful
R02321,2019,cremation ceremony,guide,causal,guide's presence during ritual
R02321,2019,monkeys,guide,co_occurrence,monkeys and guide mentioned together
R02114,2019,funeral ghats,cremations,co_occurrence,Cremations occur at the funeral ghats
R02114,2019,cenotaphs,funeral ghats,description,Cenotaphs are located near the funeral ghats
R00737,2014,military funeral service,over crowded,causal,funeral service caused overcrowding
R00802,2015,entrance fees,Hindus people,contrast,costly fees contrasted with potential value for Hindus
R02466,2024,Shiva,Bagmati River,co_occurrence,Shiva temple is located by the Bagmati River
R02466,2024,Bagmati River,cremation rituals,co_occurrence,cremation rituals occur by the river
R02466,2024,non-Hindu entry ban,Shiva,description,entry restriction related to the temple dedicated to Shiva
R00990,2015,cremation area,Bhagmati River,co_occurrence,cremation area is along the river
R00990,2015,cremations,Bhagmati River,co_occurrence,cremations observed from bridges over the river
R00990,2015,non-Hindu entry ban,cremation area,description,entry restriction to the temple area
R01149,2016,Bagmati river,cremation ghats,co_occurrence,cremation ghats located on Bagmati river
R01149,2016,funeral pyre,sense of mortality,causal,funeral pyre contributes to sense of mortality
R01149,2016,Hindu architecture,non-Hindu entry ban,contrast,Hindu architecture contrasted with non-Hindu entry ban
R02257,2019,Shiva temple,inner courtyard,description,main temple housed in inner courtyard
R02257,2019,spiritual bliss,Shiva temple,causal,spiritual bliss felt upon entering temple
R02257,2019,photography ban,inner courtyard,description,photography not allowed in inner courtyard
R02257,2019,non-Hindu entry ban,inner courtyard,description,non-Hindus not allowed in inner courtyard
R00244,2013,very dirty river,odor,co_occurrence,Both are mentioned as negative aspects
R00244,2013,very dirty river,observers,co_occurrence,Both are mentioned as negative aspects
R00244,2013,special for Hindu,very dirty river,contrast,Special for Hindus but problematic for others
R00160,2012,Bhajan song,devotees,co_occurrence,devotees performed the Bhajan song
R00160,2012,miraculous temple,non-Hindu entry ban,contrast,miraculous temple but restricted entry
R00876,2015,sacred shiv ling,no photography inside temple,cultural_rule,Restrictions related to sacred object
R00876,2015,darshan from left side,SAAVAN first MONDAY,co_occurrence,Darshan during a specific festival event
R00876,2015,cleanliness is an issue,historical importance overwhelms it,contrast,Cleanliness issue contrasted with historical importance
R02360,2020,crematoria site,children were scared,causal,crematoria site caused fear in children
R02360,2020,different cultural practice,Westerners,contrast,cultural practice contrasted with Western norms
R01654,2017,poorly temple was maintained,temple premise,description,poor maintenance of temple premise
R01654,2017,no signs of directions,temple premise,description,lack of directional signs in temple premise
R01654,2017,stinking,temple premise,description,temple premise was stinking
R01654,2017,holy place,poorly temple was maintained,contrast,holy place contrasted with poor maintenance
R01590,2017,cremations,guide,co_occurrence,Guide explained the cremation rituals
R01590,2017,no maps on site,Deer Park,contrast,Lack of maps contrasted with scenic spots
R01590,2017,monkeys,sense of happiness,causal,Watching monkeys caused happiness
R01903,2018,private vehicle,special car and guide,co_occurrence,private vehicle and guide arranged together
R01506,2017,$10 pp charge,compound,causal,complaint about entrance fee not being reinvested
R01506,2017,mystical vibe,compound,description,past mystical vibe of the compound
R00086,2012,non-Hindu entry ban,cremation ghats,contrast,entry restriction contrasts with access to view
R00086,2012,cremation ghats,cremation ceremony,description,ghats are the location of the ceremony
R00086,2012,sense of mortality,cremation ceremony,co_occurrence,emotional response to observing the ceremony
R01827,2018,evening aarati,peace,causal,aarati induces peace
R01827,2018,Bagmati River,main temple for the Hindus,description,temple location
R00129,2012,Hindu cremations,think about your existence and life,causal,Cremations prompt existential reflection
R00129,2012,NonHindu are not allowed to main shrine,Entrance fee,contrast,Access restriction vs. high entrance fee
R00090,2012,garbage,beautiful spot,contrast,garbage contrasts with potential beauty
R00090,2012,dusty,beautiful spot,contrast,dustiness contrasts with potential beauty
R00090,2012,dirty,beautiful spot,contrast,dirtiness contrasts with potential beauty
R00090,2012,place of worship,garbage,contrast,sacred space contrasted with garbage
R01880,2018,cremation ceremonies,grieving,co_occurrence,grieving occurs during cremation ceremonies
R01880,2018,cremation ceremonies,smell/smoke,co_occurrence,smell/smoke is present during cremation ceremonies
R01880,2018,ticket counter,guides,co_occurrence,guides offer services at the ticket counter
R00011,2025,spiritual energy,architectural beauty,co_occurrence,spiritual energy and architectural beauty are both part of the experience
R00011,2025,spiritual energy,cultural significance,co_occurrence,spiritual energy and cultural significance are both part of the experience
R00011,2025,not always easy or comfortable,foreigners,causal,difficulty is especially for foreigners
R01973,2018,cremation site,death rituals,co_occurrence,Both life and death rituals occur at the site
R01973,2018,religious pujas,first puja of the evening,description,The first puja of the evening is a religious ritual
R01973,2018,remove your shoes,dress modestly,co_occurrence,Both are cultural rules for entry
R01706,2017,statues and carvings of Hindu gods and goddesses,visual delight,description,statues and carvings are visually delightful
R01706,2017,statues and carvings of Hindu gods and goddesses,spiritual one,description,statues and carvings provide a spiritual experience
R02187,2019,ancient temple,Aarti,co_occurrence,Aarti takes place at the temple
R01737,2017,cremation ghats,Rishi's smoking hashish,contrast,sacred space contrasted with problematic behavior
R01737,2017,only Hindus are allowed,grounds are really interesting,contrast,access restriction contrasted with interesting grounds
R01709,2017,fountainhead of spirituality,history,co_occurrence,spirituality and history mentioned together
R01909,2018,Hindu God Shiva,cremations,co_occurrence,Cremations occur at the temple worshipping Shiva
R01909,2018,huge temple,keep their noses covered,contrast,The temple is nice but has an odor issue
R01975,2018,cremation ceremony,respect,description,respect is required during the cremation ceremony
R01975,2018,local guides,guide book,contrast,local guides contrasted with using a guide book
R02161,2019,earthquake damage,holiest places for Hindus,contrast,damage contrasts with holiness
R02161,2019,peaceful atmosphere,spiritually and culturally rich,co_occurrence,peaceful atmosphere co-occurs with spiritual richness
R00688,2014,cremation sites,river,co_occurrence,cremation sites and river mentioned together
R00688,2014,temple,other buildings,co_occurrence,temple and other buildings mentioned together
R01786,2018,pagoda-style temple,only Hindus are allowed,contrast,temple style contrasted with entry restriction
R01786,2018,17th century temple,not harmed in the earthquake,description,temple's resilience described
R01381,2017,burning ghat,bodies being cremated,co_occurrence,burning ghat is where bodies are cremated
R01381,2017,non-Hindu entry ban,burning ghat,contrast,non-Hindus can visit the ghat but not the temple
R01001,2016,dudes,show you around,causal,dudes offer to show you around for payment
R02149,2019,spiritual powers,River Aarti,co_occurrence,spiritual powers felt during rituals
R02149,2019,stunning view,no photography zones,contrast,stunning view despite photography restrictions
R01454,2017,unique shivling,huge idol of Nandi,co_occurrence,shivling and Nandi idol are mentioned together
R01454,2017,Bagmati river,unique shivling,description,Bagmati river enhances the beauty of the temple
R01454,2017,photography is prohibited,Lord Shiva's Darshan,contrast,photography prohibition contrasts with the ritual experience
R00339,2013,main gate,only hindu may enter,description,cultural rule written on the main gate
R00339,2013,monkeys,river,co_occurrence,monkeys and river mentioned together
R02074,2018,holy Hindu temples,cremated,description,temple is where cremations occur
R02074,2018,cremated,loved ones,co_occurrence,loved ones are cremated
R02107,2018,amount of visitors,temple is really clean,contrast,"Despite the crowd, the temple is clean"
R02107,2018,must do for visitors,different experience,description,The temple offers a unique experience
R01154,2016,sadus,monkyes,co_occurrence,Both sadus and monkeys are mentioned together
R01154,2016,cremation deth body,nice place,contrast,Cremation ritual contrasted with 'nice place'
R02057,2018,earthquake damage,connected to the Hindu religion,contrast,"Despite damage, spiritual connection remains"
R02057,2018,cremation ceremonies,guide,causal,Guide needed to explain ceremonies
R02134,2019,rituals,evening service,co_occurrence,Rituals and evening service occur together
R02134,2019,entry fee,complex,causal,Entry fee allows access to the complex
R02058,2018,motley crowd,guard,contrast,crowd being asked to leave vs. guard allowing entry
R02058,2018,satisfaction,aarti,causal,satisfaction from witnessing the aarti
R01750,2017,cremation pyres,Bahati river,co_occurrence,cremation pyres are located near Bahati river
R01750,2017,Bahati river,polluted river,causal,pollution affects the river
R01750,2017,hotels around,International and Domestic airport,co_occurrence,hotels and airport make it easy to visit
R00285,2013,Bagmati River,cremation ceremony,co_occurrence,cremation ceremony occurs by the Bagmati River
R00285,2013,pagoda town,monkeys,description,monkeys are part of the pagoda town environment
R00285,2013,cremation ceremony,uncomfortable,causal,cremation ceremony caused discomfort
R00517,2014,cremation process,funeral ceremony,co_occurrence,Both rituals are part of the same process
R00517,2014,guide,cremation process,causal,Guide helps understand the cremation process
R00517,2014,cremation view-point,deer in the adjacent park,description,View-point offers sight of deer
R00517,2014,cremation view-point,monkeys,description,Monkeys are visible along the way to the view-point
R00517,2014,cremation view-point,various shrines,description,Shrines are located at the top of the stairs near the view-point
R00517,2014,smoke from the cremations,cremation view-point,contrast,Smoke is a problem at the view-point
R01795,2018,world heritage site,visitors wow,causal,world heritage site makes visitors wow
R01795,2018,historic temple,world heritage site,description,historic temple is a world heritage site
R00083,2012,temples,arts & the crafts,co_occurrence,temples and arts & crafts are both present
R00870,2015,non-Hindu entry ban,River Bagmati,co_occurrence,Both mentioned in context of temple access
R00870,2015,River Bagmati,Hindu cremation place,description,River Bagmati is described as an active cremation place
R00870,2015,ancient Hindu architecture,main temple,description,Main temple is part of ancient Hindu architecture
R00870,2015,main temple,Nandi,co_occurrence,Main temple and Nandi mentioned together
R00870,2015,stone crafting,wood work,co_occurrence,Stone crafting and wood work both praised
R00870,2015,"silver, copper and Gold crafting",ancient Hindu architecture,description,Crafting adds to the beauty of the architecture
R02246,2019,fascinating experience,gruesome,contrast,fascinating yet gruesome experience
R02246,2019,guide,worth spending even longer,contrast,guide time vs. worth spending longer
R02332,2019,intimate life-events,strange,contrast,Intimate events are strange to the reviewer
R01674,2017,heritage value,holy vibrations,co_occurrence,heritage value and holy vibrations mentioned together
R01674,2017,pandits,paid rituals,causal,pandits perform paid rituals
R01340,2016,locals free,charged $10 to $15,contrast,locals free vs others charged
R01340,2016,charged $10 to $15,trash,causal,money charged but trash not maintained
R01794,2018,stall owners,restricted access,contrast,"stall owners are a problem, while restricted access is a cultural rule"
R01794,2018,religious and cultural experience,restricted access,contrast,religious experience contrasted with restricted access
R00113,2012,camera-toting tourists,sense of sacred significance,contrast,Tourists potentially diminish sacred feeling
R00113,2012,recently deceased,cremated,description,Deceased are carried to the river and cremated
R00113,2012,awe at the rituals,cremated,co_occurrence,Awe is felt during the cremation ritual
R00113,2012,Hindu beliefs on cremation,cremated,causal,Understanding beliefs enhances appreciation of cremation
R00041,2011,cleanliness,bathroom,co_occurrence,Both cleanliness and bathroom issues mentioned together
R00041,2011,bathroom,bargain with cab driver,causal,Lack of facilities leads to bargaining issues
R01752,2017,darshan,local people,contrast,darshan is faster than local people say
R01678,2017,darshan,pooja,co_occurrence,darshan and pooja performed together
R01678,2017,Aarti,Bagamati river,description,Aarti performed on the banks of Bagamati river
R00474,2014,pandits,darshan,co_occurrence,pandits assist with pujas and darshan
R00474,2014,monkeys,Ghats,contrast,monkeys are a nuisance compared to the solemnity of the Ghats
R00907,2015,ongoing cremations,main temple,contrast,incredible history vs restricted access
R00907,2015,1000 rupees,main temple,causal,entry fee for access restriction
R00907,2015,people harass you,sell you merchandise,co_occurrence,harassment and selling occur together
R01209,2016,temple priests,misbehaving,description,priests are misbehaving
R01209,2016,staff,misbehaving,description,staff are misbehaving
R01754,2017,cremation ceremonies,kids playing in the water,co_occurrence,kids playing near cremation
R01754,2017,cremation ceremonies,funeral chants,co_occurrence,funeral chants during cremation
R01754,2017,stoned sadhus,funeral chants,co_occurrence,sadhus present during funeral chants
R01052,2016,dirt and black mold,stench of sewage,co_occurrence,Both problems contribute to negative environment
R01052,2016,cremations,river,co_occurrence,Cremations occur along the river
R00481,2014,devotee Hindu people,queue,co_occurrence,Devotees are in queue
R00481,2014,devotee Hindu people,ritual,causal,Devotees offer rituals
R01115,2016,Nepali friend,fascinating time,causal,Friend enriches the experience
R01115,2016,Sivaratri,crowded,contrast,Sivaratri is fascinating but crowded
R00322,2013,cremations,funerals,co_occurrence,cremations are part of funerals
R00322,2013,ceremonies,atmosphere,causal,ceremonies contribute to the atmosphere
R01329,2016,sunset,guide,co_occurrence,Guide experience started at sunset
R01329,2016,guide,Hindu religion,description,Guide explained Hindu religion
R01329,2016,guide,cremations,description,Guide explained cremations
R01329,2016,Hindu religion,cremations,co_occurrence,Hindu religion includes cremations
R01787,2018,Beautiful temples,little polluted,contrast,Beautiful temples but little polluted
R01500,2017,extra dimension,mesmerizing vibes,co_occurrence,Both describe spiritual feelings
R01500,2017,place where people burn dead,Bagmati rivers,co_occurrence,Both are sacred spaces mentioned together
R01500,2017,vajans and enchanting,mesmerizing vibes,co_occurrence,Rituals contribute to mesmerizing vibes
R00424,2013,non-Hindu entry ban,strange energy,contrast,entry restriction contrasts with spiritual experience
R00424,2013,beautiful wooden carvings,kaal bhairav temple,co_occurrence,both are notable scenic spots
R00424,2013,sadhus,fake sadhus,contrast,sadhus are contrasted with fake sadhus
R00424,2013,Hindu last rituals,ashes being submerged,description,ashes submerging is part of Hindu last rituals
R00125,2012,mourning families,funeral rites,description,families performing rites
R00125,2012,tourists snapping photos,funeral rites,contrast,tourists photographing rites
R00125,2012,vendors,distracts from purpose,causal,aggressive vendors cause distraction
R00496,2014,personal time of grief,compelling place,contrast,intrusion contrasted with compelling observation
R00496,2014,other cultures,death,description,describes cultural approach to death
R01833,2018,Bagmati river,ancient temple,description,The temple is located on the bank of the river
R01747,2017,touts,guide,contrast,touts vs. entitled guide
R01747,2017,yogis,cremations,co_occurrence,yogis and cremations observed together
R01747,2017,stalls with piles of coloured powder,cremations,contrast,stalls vs. cremations
R01070,2016,river Bagmati,holy temple,co_occurrence,The temple is located beside the river Bagmati
R01070,2016,devoted by Hindu,jai sambho,description,Expression of devotion
R00408,2013,guide,temples on the Bagmati river,description,guide showed best places for photos
R00408,2013,cremations,ceremonies for family,co_occurrence,both rituals observed during visit
R00408,2013,ceremonies for family,priests,causal,ceremonies conducted by priests
R00919,2015,Beautiful temples,old temple grounds,co_occurrence,Both are part of the temple complex
R00919,2015,live Hindu cremations,Sadhu,co_occurrence,Both are religious elements present at the site
R00919,2015,Sadhu,tourists and religious visitors,co_occurrence,Sadhu interact with visitors
R00919,2015,monkeys,tourists and religious visitors,contrast,Monkeys and visitors share the space
R01109,2016,ticket,NPR 1000,description,ticket price described
R01109,2016,temple,little monkey,contrast,temple contrasted with monkeys
R01109,2016,river for funerals,temple,co_occurrence,river mentioned with temple
R01857,2018,holy temples,great architecture,description,architecture is part of the temple
R01857,2018,crowded,walk around comfortably,contrast,crowding affects comfort
R01999,2018,Bagmati river,cremate the bodies,co_occurrence,cremation occurs on the banks of the river
R01999,2018,Bagmati river,arti,co_occurrence,arti takes place near the river
R00902,2015,Rs1000 ticket,golden temple structure,contrast,expensive ticket but restricted access
R00902,2015,funeral,non-Hindu entry ban,co_occurrence,funeral near restricted area
R00902,2015,holy men,Rs1000 ticket,contrast,holy men charge for photos despite high ticket price
R01356,2016,cremation,non-Hindu entry ban,contrast,cremation is accessible but best parts are not
R01356,2016,super charged vibe,time stops,co_occurrence,both describe the spiritual atmosphere
R01411,2017,temple main area,Hindu,cultural_rule,Access restricted to Hindus
R01963,2018,temples,surroundings,co_occurrence,Both are described as beautiful
R01963,2018,non-Hindu entry ban,temples,contrast,Entry restriction contrasts with beauty of temples
R01659,2017,Puja,Abhishek,co_occurrence,Puja includes Abhishek
R01659,2017,Puja,mangalaarathi,co_occurrence,Puja includes mangalaarathi
R01659,2017,mangalaarathi,Aarathi,contrast,"mangalaarathi in morning, Aarathi in evening"
R02047,2018,holy people,pay for picture,causal,paying for picture with holy people
R02047,2018,tour guide,experience less authentic,causal,tour guide's focus on money reduced authenticity
R02047,2018,cremation of bodies,experience less authentic,contrast,cremation was interesting but less authentic experience
R00313,2013,different culture,dusty,contrast,cultural experience contrasted with dustiness
R01338,2016,main temple,aarti,co_occurrence,Aarti takes place at the main temple
R01338,2016,locals,tourists,co_occurrence,Both locals and tourists visit
R00853,2015,sadhus,flowers,co_occurrence,Both mentioned as interesting
R00853,2015,old buildings,farewell to their loved ones,contrast,"Old buildings are interesting, farewells are touching"
